{"type": "FeatureCollection", "features": [{"type": "Feature", "geometry": {"type": "Point", "coordinates": [139.41333, 35.660124]}, "properties": {"id": "af-accommodation-0", "category": "宿泊", "name": "シティホテル高幡", "address": "日野市高幡1005-6", "url": "https://www.ch-takahata.jp/", "accessible_toilet": false, "ostomate": false, "elevator": true, "slope": false, "braille_block": false, "wheelchair_parking": false, "diaper_change": false, "assist_dog_toilet": false}}, {"type": "Feature", "geometry": {"type": "Point", "coordinates": [139.255751, 35.783929]}, "properties": {"id": "af-accommodation-1", "category": "宿泊", "name": "亀の井ホテル青梅", "address": "青梅市駒木町3-668-2", "url": "https://www.kanponoyado.japanpost.jp/oume/index.html", "accessible_toilet": false, "ostomate": false, "elevator": true, "slope": false, "braille_block": true, "wheelchair_parking": true, "diaper_change": true, "assist_dog_toilet": false}}, {"type": "Feature", "geometry": {"type": "Point", "coordinates": [139.482099, 35.671977]}, "properties": {"id": "af-accommodation-2", "category": "宿泊", "name": "シティテル府中", "address": "府中市府中町2-3-3", "url": "", "accessible_toilet": false, "ostomate": false, "elevator": true, "slope": false, "braille_block": false, "wheelchair_parking": false, "diaper_change": false, "assist_dog_toilet": false}}, {"type": "Feature", "geometry": {"type": "Point", "coordinates": [139.517023, 35.677887]}, "properties": {"id": "af-accommodation-3", "category": "宿泊", "name": "ビジネス・イン・グランドール府中本館", "address": "府中市紅葉丘2-13-3", "url": "https://grandeur-fuchu.com/", "accessible_toilet": false, "ostomate": false, "elevator": true, "slope": false, "braille_block": false, "wheelchair_parking": false, "diaper_change": false, "assist_dog_toilet": false}}, {"type": "Feature", "geometry": {"type": "Point", "coordinates": [139.478152, 35.720409]}, "properties": {"id": "af-accommodation-4", "category": "宿泊", "name": "ビジネスホテル一茶本館", "address": "小平市学園西町1-25-10", "url": "http://www.hotelissa.co.jp/", "accessible_toilet": false, "ostomate": false, "elevator": false, "slope": false, "braille_block": false, "wheelchair_parking": false, "diaper_change": false, "assist_dog_toilet": false}}, {"type": "Feature", "geometry": {"type": "Point", "coordinates": [139.413309, 35.697346]}, "properties": {"id": "af-accommodation-5", "category": "宿泊", "name": "JR東日本ホテルメッツ立川", "address": "立川市柴崎町3-1-1", "url": "https://www.hotelmets.jp/tachikawa/", "accessible_toilet": false, "ostomate": false, "elevator": true, "slope": false, "braille_block": false, "wheelchair_parking": true, "diaper_change": false, "assist_dog_toilet": false}}, {"type": "Feature", "geometry": {"type": "Point", "coordinates": [139.516236, 35.677115]}, "properties": {"id": "af-accommodation-6", "category": "宿泊", "name": "ホテル朝日グランドール府中", "address": "府中市紅葉丘3-40-9", "url": "https://grandeur-fuchu.com/", "accessible_toilet": false, "ostomate": false, "elevator": true, "slope": false, "braille_block": false, "wheelchair_parking": false, "diaper_change": false, "assist_dog_toilet": false}}, {"type": "Feature", "geometry": {"type": "Point", "coordinates": [139.419358, 35.696458]}, "properties": {"id": "af-accommodation-7", "category": "宿泊", "name": "ホテル日航立川東京", "address": "立川市錦町1-12-1", "url": "https://hotelnikko-tachikawatokyo.jp/", "accessible_toilet": false, "ostomate": false, "elevator": true, "slope": false, "braille_block": true, "wheelchair_parking": true, "diaper_change": false, "assist_dog_toilet": false}}, {"type": "Feature", "geometry": {"type": "Point", "coordinates": [139.127236, 35.813456]}, "properties": {"id": "af-accommodation-8", "category": "宿泊", "name": "奥多摩の風はとのす荘", "address": "奥多摩町棚沢662", "url": "https://www.okutamas.co.jp/hatonosu/", "accessible_toilet": false, "ostomate": true, "elevator": true, "slope": false, "braille_block": true, "wheelchair_parking": true, "diaper_change": true, "assist_dog_toilet": false}}, {"type": "Feature", "geometry": {"type": "Point", "coordinates": [139.533598, 35.759304]}, "properties": {"id": "af-accommodation-9", "category": "宿泊", "name": "東横INN西武池袋線東久留米駅西口", "address": "東久留米市本町1-4-8", "url": "https://www.toyoko-inn.com/index.php/search/detail/00261.html", "accessible_toilet": false, "ostomate": true, "elevator": true, "slope": false, "braille_block": false, "wheelchair_parking": false, "diaper_change": true, "assist_dog_toilet": false}}, {"type": "Feature", "geometry": {"type": "Point", "coordinates": [139.287531, 35.728305]}, "properties": {"id": "af-accommodation-10", "category": "宿泊", "name": "東横INN東京秋川駅北口", "address": "あきる野市秋川1-1-7", "url": "https://www.toyoko-inn.com/index.php/search/detail/00031.html", "accessible_toilet": false, "ostomate": false, "elevator": true, "slope": false, "braille_block": true, "wheelchair_parking": true, "diaper_change": false, "assist_dog_toilet": false}}, {"type": "Feature", "geometry": {"type": "Point", "coordinates": [139.328336, 35.742021]}, "properties": {"id": "af-accommodation-11", "category": "宿泊", "name": "東横イン福生駅前東口", "address": "福生市東町4-1", "url": "https://www.toyoko-inn.com", "accessible_toilet": false, "ostomate": false, "elevator": true, "slope": false, "braille_block": true, "wheelchair_parking": true, "diaper_change": false, "assist_dog_toilet": false}}, {"type": "Feature", "geometry": {"type": "Point", "coordinates": [139.41192, 35.696593]}, "properties": {"id": "af-accommodation-12", "category": "宿泊", "name": "立川ワシントンホテル", "address": "立川市柴崎町3-7-16", "url": "https://www.tachikawa-wh.com/index.html", "accessible_toilet": false, "ostomate": false, "elevator": true, "slope": true, "braille_block": false, "wheelchair_parking": false, "diaper_change": true, "assist_dog_toilet": false}}, {"type": "Feature", "geometry": {"type": "Point", "coordinates": [139.708164, 35.751461]}, "properties": {"id": "af-accommodation-13", "category": "宿泊", "name": "板橋センターホテル", "address": "板橋区氷川町1-2", "url": "https://www.itacen.com/", "accessible_toilet": false, "ostomate": false, "elevator": true, "slope": false, "braille_block": false, "wheelchair_parking": false, "diaper_change": false, "assist_dog_toilet": false}}, {"type": "Feature", "geometry": {"type": "Point", "coordinates": [139.860178, 35.664245]}, "properties": {"id": "af-accommodation-14", "category": "宿泊", "name": "アパホテル〈TKP東京西葛西〉", "address": "江戸川区西葛西6-15-24", "url": "https://www.apahotel.com/hotel/shutoken/tkp-tokyo-nishikasai/", "accessible_toilet": false, "ostomate": true, "elevator": true, "slope": false, "braille_block": false, "wheelchair_parking": true, "diaper_change": true, "assist_dog_toilet": false}}, {"type": "Feature", "geometry": {"type": "Point", "coordinates": [139.860286, 35.663279]}, "properties": {"id": "af-accommodation-15", "category": "宿泊", "name": "REMBRANDT STYLE TOKYO NISHIKASAI", "address": "江戸川区西葛西6-17-9", "url": "https://rembrandt-style.com/nishikasai", "accessible_toilet": false, "ostomate": false, "elevator": true, "slope": false, "braille_block": false, "wheelchair_parking": false, "diaper_change": false, "assist_dog_toilet": false}}, {"type": "Feature", "geometry": {"type": "Point", "coordinates": [139.860366, 35.662449]}, "properties": {"id": "af-accommodation-16", "category": "宿泊", "name": "REMBRANDT STYLE TOKYO NISHIKASAI GRANDE", "address": "江戸川区西葛西6-19-18", "url": "https://rembrandt-style.com/nishikasai-grande", "accessible_toilet": false, "ostomate": false, "elevator": true, "slope": false, "braille_block": true, "wheelchair_parking": true, "diaper_change": true, "assist_dog_toilet": false}}, {"type": "Feature", "geometry": {"type": "Point", "coordinates": [139.860825, 35.665619]}, "properties": {"id": "af-accommodation-17", "category": "宿泊", "name": "変なホテル　西葛西", "address": "江戸川区西葛西5-4-7", "url": "https://www.hennnahotel.com/nishikasai/", "accessible_toilet": false, "ostomate": false, "elevator": true, "slope": false, "braille_block": false, "wheelchair_parking": true, "diaper_change": true, "assist_dog_toilet": false}}, {"type": "Feature", "geometry": {"type": "Point", "coordinates": [139.749186, 35.551009]}, "properties": {"id": "af-accommodation-18", "category": "宿泊", "name": "ホテルマイステイズ羽田", "address": "大田区羽田5-1-13", "url": "https://www.mystays.com/hotel-mystays-haneda-tokyo/", "accessible_toilet": false, "ostomate": false, "elevator": true, "slope": true, "braille_block": true, "wheelchair_parking": true, "diaper_change": true, "assist_dog_toilet": false}}, {"type": "Feature", "geometry": {"type": "Point", "coordinates": [139.721668, 35.562535]}, "properties": {"id": "af-accommodation-19", "category": "宿泊", "name": "ホテルルートイン東京蒲田　-あやめ橋-", "address": "大田区蒲田3-18-2", "url": "https://www.route-inn.co.jp/hotel_list/tokyo/index_hotel_id_656/", "accessible_toilet": false, "ostomate": true, "elevator": true, "slope": false, "braille_block": false, "wheelchair_parking": true, "diaper_change": false, "assist_dog_toilet": false}}, {"type": "Feature", "geometry": {"type": "Point", "coordinates": [139.725221, 35.557184]}, "properties": {"id": "af-accommodation-20", "category": "宿泊", "name": "クインテッサホテル東京羽田", "address": "大田区南蒲田1-25-13", "url": "https://quintessahotels.com/haneda/", "accessible_toilet": false, "ostomate": true, "elevator": true, "slope": true, "braille_block": true, "wheelchair_parking": true, "diaper_change": false, "assist_dog_toilet": false}}, {"type": "Feature", "geometry": {"type": "Point", "coordinates": [139.720064, 35.562217]}, "properties": {"id": "af-accommodation-21", "category": "宿泊", "name": "京急EXイン蒲田", "address": "大田区蒲田5-28-18", "url": "https://www.keikyu-exinn.co.jp/hotel/kamata/", "accessible_toilet": false, "ostomate": true, "elevator": true, "slope": false, "braille_block": true, "wheelchair_parking": false, "diaper_change": true, "assist_dog_toilet": false}}, {"type": "Feature", "geometry": {"type": "Point", "coordinates": [139.741735, 35.55208]}, "properties": {"id": "af-accommodation-22", "category": "宿泊", "name": "【休業中】東横イン羽田空港Ⅱ", "address": "大田区羽田1-1-7", "url": "https://www.toyoko-inn.com/search/detail/00068/", "accessible_toilet": false, "ostomate": false, "elevator": true, "slope": false, "braille_block": true, "wheelchair_parking": true, "diaper_change": false, "assist_dog_toilet": false}}, {"type": "Feature", "geometry": {"type": "Point", "coordinates": [139.718226, 35.562544]}, "properties": {"id": "af-accommodation-23", "category": "宿泊", "name": "東横イン　蒲田東口", "address": "大田区蒲田5-18-4", "url": "https://www.toyoko-inn.com/search/detail/00020", "accessible_toilet": false, "ostomate": false, "elevator": true, "slope": true, "braille_block": false, "wheelchair_parking": true, "diaper_change": false, "assist_dog_toilet": false}}, {"type": "Feature", "geometry": {"type": "Point", "coordinates": [139.736216, 35.587117]}, "properties": {"id": "af-accommodation-24", "category": "宿泊", "name": "Tマークシティホテル東京大森", "address": "大田区大森本町1-2-10", "url": "https://tmarkcity.com/tokyo-omori", "accessible_toilet": false, "ostomate": true, "elevator": true, "slope": true, "braille_block": false, "wheelchair_parking": true, "diaper_change": true, "assist_dog_toilet": false}}, {"type": "Feature", "geometry": {"type": "Point", "coordinates": [139.722638, 35.777614]}, "properties": {"id": "af-accommodation-25", "category": "宿泊", "name": "ダイワロイネットホテル東京赤羽", "address": "北区赤羽南1-9-13", "url": "https://www.daiwaroynet.jp/akabane/room/", "accessible_toilet": false, "ostomate": true, "elevator": true, "slope": false, "braille_block": true, "wheelchair_parking": true, "diaper_change": true, "assist_dog_toilet": false}}, {"type": "Feature", "geometry": {"type": "Point", "coordinates": [139.722309, 35.77685]}, "properties": {"id": "af-accommodation-26", "category": "宿泊", "name": "【休業中】ホテルミッドイン赤羽駅前", "address": "北区赤羽南1-5-4", "url": "", "accessible_toilet": false, "ostomate": false, "elevator": true, "slope": false, "braille_block": true, "wheelchair_parking": true, "diaper_change": true, "assist_dog_toilet": false}}, {"type": "Feature", "geometry": {"type": "Point", "coordinates": [139.720792, 35.778892]}, "properties": {"id": "af-accommodation-27", "category": "宿泊", "name": "JR東日本ホテルメッツ赤羽", "address": "北区赤羽1-1-76", "url": "http://www.hotelmets.jp/akabane/stay.html", "accessible_toilet": false, "ostomate": true, "elevator": true, "slope": false, "braille_block": true, "wheelchair_parking": true, "diaper_change": true, "assist_dog_toilet": false}}, {"type": "Feature", "geometry": {"type": "Point", "coordinates": [139.719943, 35.783412]}, "properties": {"id": "af-accommodation-28", "category": "宿泊", "name": "東横INN赤羽駅東口一番街", "address": "北区赤羽3-2-2", "url": "https://www.toyoko-inn.com/index.php/search/detail/00109.html", "accessible_toilet": false, "ostomate": false, "elevator": true, "slope": false, "braille_block": true, "wheelchair_parking": true, "diaper_change": false, "assist_dog_toilet": false}}, {"type": "Feature", "geometry": {"type": "Point", "coordinates": [139.830739, 35.649459]}, "properties": {"id": "af-accommodation-29", "category": "宿泊", "name": "BumB東京スポーツ文化館", "address": "江東区夢の島2-1-3", "url": "http://www.ys-tokyobay.co.jp", "accessible_toilet": false, "ostomate": false, "elevator": true, "slope": true, "braille_block": true, "wheelchair_parking": true, "diaper_change": false, "assist_dog_toilet": false}}, {"type": "Feature", "geometry": {"type": "Point", "coordinates": [139.789739, 35.632073]}, "properties": {"id": "af-accommodation-30", "category": "宿泊", "name": "相鉄グランドフレッサ東京ベイ有明", "address": "江東区有明3-6-6", "url": "https://fresa-inn.jp/ariake/", "accessible_toilet": false, "ostomate": true, "elevator": true, "slope": false, "braille_block": true, "wheelchair_parking": true, "diaper_change": true, "assist_dog_toilet": false}}, {"type": "Feature", "geometry": {"type": "Point", "coordinates": [139.787002, 35.628788]}, "properties": {"id": "af-accommodation-31", "category": "宿泊", "name": "ホテルトラスティ東京ベイサイド", "address": "江東区有明3-1-15", "url": "https://ct.rion.mobi/trusty.tokyobayside/2/detail_165_166.html", "accessible_toilet": false, "ostomate": false, "elevator": true, "slope": false, "braille_block": false, "wheelchair_parking": false, "diaper_change": true, "assist_dog_toilet": false}}, {"type": "Feature", "geometry": {"type": "Point", "coordinates": [139.816778, 35.667752]}, "properties": {"id": "af-accommodation-32", "category": "宿泊", "name": "ホテルルートインGrand東京東陽町", "address": "江東区東陽2-3-12", "url": "https://www.route-inn.co.jp/hotel_list/tokyo/index_hotel_id_73/?gclid=EAIaIQobChMIqs_yu4Cr5wIVFKmWCh1kTgzqEAAYASAAEgJayvD_BwE", "accessible_toilet": false, "ostomate": false, "elevator": true, "slope": false, "braille_block": false, "wheelchair_parking": true, "diaper_change": false, "assist_dog_toilet": false}}, {"type": "Feature", "geometry": {"type": "Point", "coordinates": [139.734119, 35.604347]}, "properties": {"id": "af-accommodation-33", "category": "宿泊", "name": "ヴィアイン東京大井町", "address": "品川区大井4-3-1", "url": "https://www.viainn.com/oimachi/", "accessible_toilet": false, "ostomate": true, "elevator": true, "slope": true, "braille_block": true, "wheelchair_parking": true, "diaper_change": true, "assist_dog_toilet": false}}, {"type": "Feature", "geometry": {"type": "Point", "coordinates": [139.744299, 35.617324]}, "properties": {"id": "af-accommodation-34", "category": "宿泊", "name": "スーパーホテル品川・新馬場", "address": "品川区北品川2-30-26", "url": "https://www.superhotel.co.jp/s_hotels/shinbanba/", "accessible_toilet": false, "ostomate": true, "elevator": true, "slope": true, "braille_block": true, "wheelchair_parking": true, "diaper_change": true, "assist_dog_toilet": false}}, {"type": "Feature", "geometry": {"type": "Point", "coordinates": [139.726634, 35.618124]}, "properties": {"id": "af-accommodation-35", "category": "宿泊", "name": "ダイワロイネットホテル東京大崎", "address": "品川区大崎2-1-3", "url": "https://www.daiwaroynet.jp/osaki/", "accessible_toilet": false, "ostomate": false, "elevator": true, "slope": false, "braille_block": false, "wheelchair_parking": false, "diaper_change": true, "assist_dog_toilet": false}}, {"type": "Feature", "geometry": {"type": "Point", "coordinates": [139.729201, 35.620697]}, "properties": {"id": "af-accommodation-36", "category": "宿泊", "name": "ニューオータニイン東京", "address": "品川区大崎1-6-2", "url": "http://www.newotani.co.jp/inntokyo/", "accessible_toilet": false, "ostomate": false, "elevator": true, "slope": false, "braille_block": false, "wheelchair_parking": true, "diaper_change": false, "assist_dog_toilet": false}}, {"type": "Feature", "geometry": {"type": "Point", "coordinates": [139.750434, 35.610318]}, "properties": {"id": "af-accommodation-37", "category": "宿泊", "name": "ハートンホテル東品川", "address": "品川区東品川4-13-27", "url": "https://www.hearton.co.jp/hotel/higashi-shinagawa", "accessible_toilet": false, "ostomate": false, "elevator": true, "slope": true, "braille_block": false, "wheelchair_parking": true, "diaper_change": true, "assist_dog_toilet": false}}, {"type": "Feature", "geometry": {"type": "Point", "coordinates": [139.732471, 35.590541]}, "properties": {"id": "af-accommodation-38", "category": "宿泊", "name": "ホテルマイステイズプレミア大森", "address": "品川区南大井6-19-3", "url": "https://www.mystays.com/hotel-mystays-premier-omori-tokyo/", "accessible_toilet": false, "ostomate": false, "elevator": true, "slope": true, "braille_block": false, "wheelchair_parking": true, "diaper_change": false, "assist_dog_toilet": false}}, {"type": "Feature", "geometry": {"type": "Point", "coordinates": [139.720801, 35.626479]}, "properties": {"id": "af-accommodation-39", "category": "宿泊", "name": "京王プレッソイン五反田", "address": "品川区西五反田2-17-12", "url": "https://www.presso-inn.com/gotanda/", "accessible_toilet": false, "ostomate": false, "elevator": true, "slope": false, "braille_block": true, "wheelchair_parking": false, "diaper_change": false, "assist_dog_toilet": false}}, {"type": "Feature", "geometry": {"type": "Point", "coordinates": [139.741483, 35.617734]}, "properties": {"id": "af-accommodation-40", "category": "宿泊", "name": "京急EXイン品川・新馬場駅北口", "address": "品川区北品川2-18-1", "url": "https://www.keikyu-exinn.co.jp/hotel/shinbanba/", "accessible_toilet": false, "ostomate": false, "elevator": true, "slope": false, "braille_block": true, "wheelchair_parking": true, "diaper_change": true, "assist_dog_toilet": false}}, {"type": "Feature", "geometry": {"type": "Point", "coordinates": [139.742642, 35.60956]}, "properties": {"id": "af-accommodation-41", "category": "宿泊", "name": "東横イン　品川青物横丁駅", "address": "品川区南品川3-1-20", "url": "https://www.toyoko-inn.com/index.php/search/detail/00049.html", "accessible_toilet": false, "ostomate": false, "elevator": true, "slope": true, "braille_block": true, "wheelchair_parking": true, "diaper_change": false, "assist_dog_toilet": false}}, {"type": "Feature", "geometry": {"type": "Point", "coordinates": [139.698358, 35.687679]}, "properties": {"id": "af-accommodation-42", "category": "宿泊", "name": "JR九州ホテルブラッサム新宿", "address": "渋谷区代々木2丁目6番2号", "url": "https://www.jrk-hotels.co.jp/Shinjuku/", "accessible_toilet": false, "ostomate": true, "elevator": true, "slope": false, "braille_block": true, "wheelchair_parking": false, "diaper_change": false, "assist_dog_toilet": false}}, {"type": "Feature", "geometry": {"type": "Point", "coordinates": [139.699254, 35.687307]}, "properties": {"id": "af-accommodation-43", "category": "宿泊", "name": "ホテルサンルートプラザ新宿", "address": "渋谷区代々木2-3-1", "url": "https://sunrouteplazashinjuku.jp/", "accessible_toilet": false, "ostomate": true, "elevator": true, "slope": true, "braille_block": true, "wheelchair_parking": true, "diaper_change": true, "assist_dog_toilet": false}}, {"type": "Feature", "geometry": {"type": "Point", "coordinates": [139.703959, 35.655768]}, "properties": {"id": "af-accommodation-44", "category": "宿泊", "name": "JR東日本ホテルメッツ渋谷", "address": "渋谷区渋谷3-29-17", "url": "https://www.hotelmets.jp/shibuya/", "accessible_toilet": false, "ostomate": false, "elevator": true, "slope": true, "braille_block": true, "wheelchair_parking": true, "diaper_change": false, "assist_dog_toilet": false}}, {"type": "Feature", "geometry": {"type": "Point", "coordinates": [139.700434, 35.686385]}, "properties": {"id": "af-accommodation-45", "category": "宿泊", "name": "小田急ホテルセンチュリーサザンタワー", "address": "渋谷区代々木2-2-1", "url": "https://www.southerntower.co.jp/", "accessible_toilet": false, "ostomate": true, "elevator": true, "slope": false, "braille_block": true, "wheelchair_parking": false, "diaper_change": true, "assist_dog_toilet": false}}, {"type": "Feature", "geometry": {"type": "Point", "coordinates": [139.695484, 35.702367]}, "properties": {"id": "af-accommodation-46", "category": "宿泊", "name": "ハンドレッドステイ東京新宿", "address": "新宿区百人町2-27-7", "url": "https://www.hundredstay.jp/ja-jp", "accessible_toilet": false, "ostomate": false, "elevator": true, "slope": true, "braille_block": true, "wheelchair_parking": false, "diaper_change": false, "assist_dog_toilet": false}}, {"type": "Feature", "geometry": {"type": "Point", "coordinates": [139.707196, 35.697687]}, "properties": {"id": "af-accommodation-47", "category": "宿泊", "name": "イーホテル東新宿", "address": "新宿区歌舞伎町 2-3-15", "url": "https://www.shinjukuhotel.co.jp/", "accessible_toilet": false, "ostomate": false, "elevator": true, "slope": false, "braille_block": true, "wheelchair_parking": false, "diaper_change": false, "assist_dog_toilet": false}}, {"type": "Feature", "geometry": {"type": "Point", "coordinates": [139.707298, 35.693411]}, "properties": {"id": "af-accommodation-48", "category": "宿泊", "name": "ヴィアイン新宿", "address": "新宿区新宿5-11-16", "url": "https://www.viainn.com/shinjuku/room/", "accessible_toilet": false, "ostomate": true, "elevator": true, "slope": false, "braille_block": true, "wheelchair_parking": true, "diaper_change": true, "assist_dog_toilet": false}}, {"type": "Feature", "geometry": {"type": "Point", "coordinates": [139.70713, 35.694181]}, "properties": {"id": "af-accommodation-49", "category": "宿泊", "name": "ホテルサンライト新宿", "address": "新宿区新宿5-15-8", "url": "https://www.pearlhotels.jp/shinjuku/", "accessible_toilet": false, "ostomate": false, "elevator": true, "slope": false, "braille_block": false, "wheelchair_parking": false, "diaper_change": false, "assist_dog_toilet": false}}, {"type": "Feature", "geometry": {"type": "Point", "coordinates": [139.728313, 35.686756]}, "properties": {"id": "af-accommodation-50", "category": "宿泊", "name": "ホテルニューショーヘイ", "address": "新宿区四谷1-7-9", "url": "https://www.new-shohei.jp/", "accessible_toilet": false, "ostomate": false, "elevator": true, "slope": false, "braille_block": true, "wheelchair_parking": false, "diaper_change": false, "assist_dog_toilet": false}}, {"type": "Feature", "geometry": {"type": "Point", "coordinates": [139.692621, 35.685664]}, "properties": {"id": "af-accommodation-51", "category": "宿泊", "name": "京王プレッソイン新宿", "address": "新宿区西新宿3-4-5", "url": "https://www.presso-inn.com/shinjuku/", "accessible_toilet": false, "ostomate": false, "elevator": true, "slope": false, "braille_block": true, "wheelchair_parking": true, "diaper_change": true, "assist_dog_toilet": true}}, {"type": "Feature", "geometry": {"type": "Point", "coordinates": [139.70019, 35.694454]}, "properties": {"id": "af-accommodation-52", "category": "宿泊", "name": "新宿プリンスホテル", "address": "新宿区歌舞伎町 1-30-1", "url": "https://www.princehotels.co.jp/shinjuku/?s_ms=SW_ADW_AH_00109144&gclid=EAIaIQobChMI9_CCjfyq5wIVGqyWCh3lfgrcEAAYASAAEgL2Q_D_BwE", "accessible_toilet": false, "ostomate": true, "elevator": true, "slope": false, "braille_block": false, "wheelchair_parking": false, "diaper_change": false, "assist_dog_toilet": false}}, {"type": "Feature", "geometry": {"type": "Point", "coordinates": [139.69433, 35.694278]}, "properties": {"id": "af-accommodation-53", "category": "宿泊", "name": "西鉄イン新宿", "address": "新宿区西新宿7-23-2", "url": "https://nnr-h.com/n-inn/shinjuku/", "accessible_toilet": false, "ostomate": false, "elevator": true, "slope": false, "braille_block": true, "wheelchair_parking": false, "diaper_change": true, "assist_dog_toilet": false}}, {"type": "Feature", "geometry": {"type": "Point", "coordinates": [139.715487, 35.674472]}, "properties": {"id": "af-accommodation-54", "category": "宿泊", "name": "日本青年館ホテル", "address": "新宿区霞ヶ丘町4-1", "url": "https://nippon-seinenkan.or.jp/", "accessible_toilet": false, "ostomate": true, "elevator": true, "slope": true, "braille_block": true, "wheelchair_parking": true, "diaper_change": true, "assist_dog_toilet": false}}, {"type": "Feature", "geometry": {"type": "Point", "coordinates": [139.650135, 35.705537]}, "properties": {"id": "af-accommodation-55", "category": "宿泊", "name": "JR東日本ホテルメッツ高円寺", "address": "杉並区高円寺北2-5-1", "url": "https://www.hotelmets.jp/koenji/", "accessible_toilet": false, "ostomate": true, "elevator": true, "slope": false, "braille_block": true, "wheelchair_parking": false, "diaper_change": false, "assist_dog_toilet": true}}, {"type": "Feature", "geometry": {"type": "Point", "coordinates": [139.811523, 35.697811]}, "properties": {"id": "af-accommodation-56", "category": "宿泊", "name": "スーパーホテル東京錦糸町駅前", "address": "墨田区錦糸1-4-12", "url": "https://www.superhotel.co.jp/s_hotels/kinshicho/", "accessible_toilet": false, "ostomate": true, "elevator": true, "slope": false, "braille_block": true, "wheelchair_parking": true, "diaper_change": true, "assist_dog_toilet": false}}, {"type": "Feature", "geometry": {"type": "Point", "coordinates": [139.811711, 35.695886]}, "properties": {"id": "af-accommodation-57", "category": "宿泊", "name": "相鉄フレッサイン東京錦糸町", "address": "墨田区江東橋2-18-7", "url": "https://fresa-inn.jp/kinshicho/", "accessible_toilet": false, "ostomate": false, "elevator": true, "slope": false, "braille_block": false, "wheelchair_parking": true, "diaper_change": true, "assist_dog_toilet": false}}, {"type": "Feature", "geometry": {"type": "Point", "coordinates": [139.766065, 35.726369]}, "properties": {"id": "af-accommodation-58", "category": "宿泊", "name": "hanare", "address": "台東区谷中3-10-25 HAGISO 2F", "url": "http://hanare.hagiso.jp/", "accessible_toilet": false, "ostomate": false, "elevator": false, "slope": false, "braille_block": false, "wheelchair_parking": false, "diaper_change": false, "assist_dog_toilet": false}}, {"type": "Feature", "geometry": {"type": "Point", "coordinates": [139.788198, 35.697731]}, "properties": {"id": "af-accommodation-59", "category": "宿泊", "name": "WEB Hotel東京浅草橋", "address": "台東区柳橋1-30-3", "url": "https://www.webhotel.jp/", "accessible_toilet": false, "ostomate": false, "elevator": true, "slope": true, "braille_block": false, "wheelchair_parking": false, "diaper_change": false, "assist_dog_toilet": false}}, {"type": "Feature", "geometry": {"type": "Point", "coordinates": [139.798298, 35.715152]}, "properties": {"id": "af-accommodation-60", "category": "宿泊", "name": "ヴィアイン浅草", "address": "台東区浅草2-33-7", "url": "https://www.viainn.com/asakusa/", "accessible_toilet": false, "ostomate": false, "elevator": true, "slope": false, "braille_block": false, "wheelchair_parking": true, "diaper_change": true, "assist_dog_toilet": false}}, {"type": "Feature", "geometry": {"type": "Point", "coordinates": [139.773272, 35.70334]}, "properties": {"id": "af-accommodation-61", "category": "宿泊", "name": "スーパーホテル秋葉原・末広町", "address": "台東区上野3-2-5", "url": "https://www.superhotel.co.jp/s_hotels/akihabara/", "accessible_toilet": false, "ostomate": true, "elevator": true, "slope": false, "braille_block": true, "wheelchair_parking": true, "diaper_change": false, "assist_dog_toilet": false}}, {"type": "Feature", "geometry": {"type": "Point", "coordinates": [139.777414, 35.710319]}, "properties": {"id": "af-accommodation-62", "category": "宿泊", "name": "ビジネスホテル山百合", "address": "台東区東上野2-19-5", "url": "http://www.yamayuri.tokyo/", "accessible_toilet": false, "ostomate": false, "elevator": true, "slope": false, "braille_block": false, "wheelchair_parking": false, "diaper_change": false, "assist_dog_toilet": false}}, {"type": "Feature", "geometry": {"type": "Point", "coordinates": [139.776813, 35.709884]}, "properties": {"id": "af-accommodation-63", "category": "宿泊", "name": "ホテルウィングインターナショナルセレクト上野・御徒町", "address": "台東区東上野二丁目18番4号", "url": "https://www.hotelwing.co.jp/select/ueno-okachimachi/", "accessible_toilet": false, "ostomate": false, "elevator": true, "slope": false, "braille_block": true, "wheelchair_parking": true, "diaper_change": false, "assist_dog_toilet": false}}, {"type": "Feature", "geometry": {"type": "Point", "coordinates": [139.796136, 35.711297]}, "properties": {"id": "af-accommodation-64", "category": "宿泊", "name": "雷門旅館", "address": "台東区浅草1-18-2", "url": "http://www.kaminarimon.co.jp/", "accessible_toilet": false, "ostomate": false, "elevator": true, "slope": true, "braille_block": false, "wheelchair_parking": false, "diaper_change": false, "assist_dog_toilet": false}}, {"type": "Feature", "geometry": {"type": "Point", "coordinates": [139.778141, 35.71187]}, "properties": {"id": "af-accommodation-65", "category": "宿泊", "name": "三井ガーデンホテル上野", "address": "台東区東上野3-19-7", "url": "https://www.gardenhotels.co.jp/ueno/", "accessible_toilet": false, "ostomate": false, "elevator": true, "slope": false, "braille_block": false, "wheelchair_parking": false, "diaper_change": true, "assist_dog_toilet": false}}, {"type": "Feature", "geometry": {"type": "Point", "coordinates": [139.787951, 35.699408]}, "properties": {"id": "af-accommodation-66", "category": "宿泊", "name": "【休業中】東横INNアキバ浅草橋駅東口", "address": "台東区柳橋2-14-4", "url": "https://www.toyoko-inn.com/index.php/search/detail/00243.html", "accessible_toilet": false, "ostomate": false, "elevator": true, "slope": false, "braille_block": false, "wheelchair_parking": true, "diaper_change": true, "assist_dog_toilet": false}}, {"type": "Feature", "geometry": {"type": "Point", "coordinates": [139.791385, 35.707693]}, "properties": {"id": "af-accommodation-67", "category": "宿泊", "name": "東横INN上野田原町駅", "address": "台東区寿3-19-5", "url": "https://www.toyoko-inn.com/search/detail/00226/", "accessible_toilet": false, "ostomate": false, "elevator": true, "slope": false, "braille_block": true, "wheelchair_parking": false, "diaper_change": false, "assist_dog_toilet": false}}, {"type": "Feature", "geometry": {"type": "Point", "coordinates": [139.780139, 35.721502]}, "properties": {"id": "af-accommodation-68", "category": "宿泊", "name": "株式会社東横イン鶯谷駅前", "address": "台東区根岸1-2-17", "url": "https://www.toyoko-inn.com/search/detail/00135", "accessible_toilet": false, "ostomate": false, "elevator": true, "slope": false, "braille_block": true, "wheelchair_parking": true, "diaper_change": true, "assist_dog_toilet": false}}, {"type": "Feature", "geometry": {"type": "Point", "coordinates": [139.795792, 35.712135]}, "properties": {"id": "af-accommodation-69", "category": "宿泊", "name": "旅館　賀茂川", "address": "台東区浅草1-30-10", "url": "https://www.f-kamogawa.jp/", "accessible_toilet": false, "ostomate": false, "elevator": true, "slope": false, "braille_block": false, "wheelchair_parking": false, "diaper_change": false, "assist_dog_toilet": false}}, {"type": "Feature", "geometry": {"type": "Point", "coordinates": [139.787593, 35.679695]}, "properties": {"id": "af-accommodation-70", "category": "宿泊", "name": "ホテルリブマックス日本橋箱崎", "address": "中央区日本橋箱崎町29-5", "url": "https://www.hotel-livemax.com/tokyo/hakozaki/", "accessible_toilet": false, "ostomate": false, "elevator": true, "slope": true, "braille_block": false, "wheelchair_parking": false, "diaper_change": false, "assist_dog_toilet": false}}, {"type": "Feature", "geometry": {"type": "Point", "coordinates": [139.770511, 35.667177]}, "properties": {"id": "af-accommodation-71", "category": "宿泊", "name": "ヴィアイン東銀座", "address": "中央区築地2-15-13", "url": "", "accessible_toilet": false, "ostomate": true, "elevator": true, "slope": false, "braille_block": true, "wheelchair_parking": true, "diaper_change": false, "assist_dog_toilet": false}}, {"type": "Feature", "geometry": {"type": "Point", "coordinates": [139.769823, 35.679257]}, "properties": {"id": "af-accommodation-72", "category": "宿泊", "name": "スーパーホテルPremier東京駅八重洲中央口", "address": "中央区八重洲2-2-7", "url": "https://www.superhotel.co.jp/s_hotels/yaesu/", "accessible_toilet": false, "ostomate": true, "elevator": true, "slope": false, "braille_block": true, "wheelchair_parking": true, "diaper_change": true, "assist_dog_toilet": false}}, {"type": "Feature", "geometry": {"type": "Point", "coordinates": [139.76227, 35.670774]}, "properties": {"id": "af-accommodation-73", "category": "宿泊", "name": "ハイアットセントリック銀座東京", "address": "中央区銀座6-6-7", "url": "https://www.hyatt.com/ja-JP/hotel/japan/hyatt-centric-ginza-tokyo/tyoct", "accessible_toilet": false, "ostomate": true, "elevator": true, "slope": false, "braille_block": false, "wheelchair_parking": false, "diaper_change": true, "assist_dog_toilet": false}}, {"type": "Feature", "geometry": {"type": "Point", "coordinates": [139.769829, 35.673548]}, "properties": {"id": "af-accommodation-74", "category": "宿泊", "name": "ホテルサンルート銀座", "address": "中央区銀座1-5-11", "url": "https://www.sunroute-ginza.jp/", "accessible_toilet": false, "ostomate": true, "elevator": true, "slope": true, "braille_block": false, "wheelchair_parking": true, "diaper_change": false, "assist_dog_toilet": false}}, {"type": "Feature", "geometry": {"type": "Point", "coordinates": [139.779101, 35.652998]}, "properties": {"id": "af-accommodation-75", "category": "宿泊", "name": "【休業中】ホテルマリナーズコート東京", "address": "中央区晴海4-7-28", "url": "http://www.hotel-mariners.co.jp/", "accessible_toilet": false, "ostomate": false, "elevator": true, "slope": true, "braille_block": false, "wheelchair_parking": false, "diaper_change": true, "assist_dog_toilet": false}}, {"type": "Feature", "geometry": {"type": "Point", "coordinates": [139.763466, 35.667776]}, "properties": {"id": "af-accommodation-76", "category": "宿泊", "name": "ホテルミュッセ銀座名鉄", "address": "中央区銀座7丁目12-9", "url": "https://www.m-inn.com/musse/ginza/", "accessible_toilet": false, "ostomate": true, "elevator": true, "slope": false, "braille_block": true, "wheelchair_parking": false, "diaper_change": true, "assist_dog_toilet": false}}, {"type": "Feature", "geometry": {"type": "Point", "coordinates": [139.766106, 35.669981]}, "properties": {"id": "af-accommodation-77", "category": "宿泊", "name": "ミレニアム三井ガーデンホテル東京", "address": "中央区銀座5-11-1", "url": "http://www.gardenhotels.co.jp/millennium-tokyo/room/accessible/", "accessible_toilet": false, "ostomate": true, "elevator": true, "slope": false, "braille_block": true, "wheelchair_parking": false, "diaper_change": true, "assist_dog_toilet": false}}, {"type": "Feature", "geometry": {"type": "Point", "coordinates": [139.768452, 35.67286]}, "properties": {"id": "af-accommodation-78", "category": "宿泊", "name": "メルキュールホテル銀座東京", "address": "中央区銀座2-9-4", "url": "https://all.accor.com/hotel/5701/index.en.shtml?utm_term=mar&gclid=EAIaIQobChMIlN_9raSX6AIVCWoqCh2YpgXHEAAYASAAEgLN6vD_BwE&utm_campaign=ppc-mer-mar-goo-jp-ja-jp-exa-sear-jp&utm_medium=cpc&utm_content=jp-ja-JP-V5639&utm_source=google", "accessible_toilet": false, "ostomate": true, "elevator": true, "slope": false, "braille_block": false, "wheelchair_parking": false, "diaper_change": true, "assist_dog_toilet": false}}, {"type": "Feature", "geometry": {"type": "Point", "coordinates": [139.770041, 35.687897]}, "properties": {"id": "af-accommodation-79", "category": "宿泊", "name": "京王プレッソイン大手町", "address": "中央区日本橋本石町4-4-1", "url": "https://www.presso-inn.com/otemachi/", "accessible_toilet": false, "ostomate": false, "elevator": true, "slope": false, "braille_block": true, "wheelchair_parking": false, "diaper_change": false, "assist_dog_toilet": false}}, {"type": "Feature", "geometry": {"type": "Point", "coordinates": [139.769992, 35.678843]}, "properties": {"id": "af-accommodation-80", "category": "宿泊", "name": "京王プレッソイン東京駅八重洲", "address": "中央区京橋1-4-1", "url": "https://www.presso-inn.com/yaesu/", "accessible_toilet": false, "ostomate": true, "elevator": true, "slope": false, "braille_block": false, "wheelchair_parking": false, "diaper_change": true, "assist_dog_toilet": false}}, {"type": "Feature", "geometry": {"type": "Point", "coordinates": [139.780378, 35.680804]}, "properties": {"id": "af-accommodation-81", "category": "宿泊", "name": "京王プレッソイン日本橋茅場町", "address": "中央区日本橋茅場町1-3-5", "url": "https://www.presso-inn.com/kayabacho/", "accessible_toilet": false, "ostomate": false, "elevator": true, "slope": false, "braille_block": true, "wheelchair_parking": false, "diaper_change": false, "assist_dog_toilet": false}}, {"type": "Feature", "geometry": {"type": "Point", "coordinates": [139.770271, 35.667127]}, "properties": {"id": "af-accommodation-82", "category": "宿泊", "name": "京急EXイン東銀座", "address": "中央区築地2-15-15", "url": "https://www.keikyu-exinn.co.jp/hotel/higashiginza", "accessible_toilet": false, "ostomate": true, "elevator": true, "slope": true, "braille_block": true, "wheelchair_parking": true, "diaper_change": false, "assist_dog_toilet": false}}, {"type": "Feature", "geometry": {"type": "Point", "coordinates": [139.770811, 35.678421]}, "properties": {"id": "af-accommodation-83", "category": "宿泊", "name": "三井ガーデンホテル京橋", "address": "中央区京橋1-3-6", "url": "https://www.gardenhotels.co.jp/kyobashi/", "accessible_toilet": false, "ostomate": true, "elevator": true, "slope": false, "braille_block": true, "wheelchair_parking": false, "diaper_change": true, "assist_dog_toilet": false}}, {"type": "Feature", "geometry": {"type": "Point", "coordinates": [139.76323, 35.667121]}, "properties": {"id": "af-accommodation-84", "category": "宿泊", "name": "三井ガーデンホテル銀座プレミア", "address": "中央区銀座8-13-1", "url": "https://www.gardenhotels.co.jp/ginza-premier-lp/", "accessible_toilet": false, "ostomate": false, "elevator": true, "slope": false, "braille_block": false, "wheelchair_parking": false, "diaper_change": true, "assist_dog_toilet": false}}, {"type": "Feature", "geometry": {"type": "Point", "coordinates": [139.773519, 35.688314]}, "properties": {"id": "af-accommodation-85", "category": "宿泊", "name": "三井ガーデンホテル日本橋プレミア", "address": "中央区日本橋室町3-4-4", "url": "https://www.gardenhotels.co.jp/nihonbashi-premier-lp/", "accessible_toilet": false, "ostomate": true, "elevator": true, "slope": false, "braille_block": false, "wheelchair_parking": false, "diaper_change": false, "assist_dog_toilet": false}}, {"type": "Feature", "geometry": {"type": "Point", "coordinates": [139.779273, 35.685635]}, "properties": {"id": "af-accommodation-86", "category": "宿泊", "name": "住庄ほてる", "address": "中央区日本橋小舟町9-14", "url": "https://www.sumisho-hotel.co.jp/", "accessible_toilet": false, "ostomate": false, "elevator": true, "slope": false, "braille_block": false, "wheelchair_parking": false, "diaper_change": true, "assist_dog_toilet": false}}, {"type": "Feature", "geometry": {"type": "Point", "coordinates": [139.76772, 35.671892]}, "properties": {"id": "af-accommodation-87", "category": "宿泊", "name": "株式会社相鉄フレッサイン銀座三丁目", "address": "中央区銀座3-8-4", "url": "https://fresa-inn.jp/ginza3/", "accessible_toilet": false, "ostomate": true, "elevator": true, "slope": false, "braille_block": false, "wheelchair_parking": true, "diaper_change": false, "assist_dog_toilet": false}}, {"type": "Feature", "geometry": {"type": "Point", "coordinates": [139.77116, 35.682085]}, "properties": {"id": "af-accommodation-88", "category": "宿泊", "name": "東横イン東京駅八重洲北口", "address": "中央区八重洲1-5-5", "url": "https://www.toyoko-inn.com/index.php/search/detail/00269.html", "accessible_toilet": false, "ostomate": true, "elevator": true, "slope": false, "braille_block": true, "wheelchair_parking": false, "diaper_change": true, "assist_dog_toilet": false}}, {"type": "Feature", "geometry": {"type": "Point", "coordinates": [139.783157, 35.695297]}, "properties": {"id": "af-accommodation-89", "category": "宿泊", "name": "東横INN神田秋葉原", "address": "中央区日本橋馬喰町2-2-4", "url": "https://www.toyoko-inn.com/search/detail/00206/", "accessible_toilet": false, "ostomate": false, "elevator": true, "slope": false, "braille_block": true, "wheelchair_parking": true, "diaper_change": true, "assist_dog_toilet": false}}, {"type": "Feature", "geometry": {"type": "Point", "coordinates": [139.790492, 35.687226]}, "properties": {"id": "af-accommodation-90", "category": "宿泊", "name": "東横INN東京駅新大橋前", "address": "中央区日本橋浜町2-58-2", "url": "https://www.toyoko-inn.com/search/detail/00176/", "accessible_toilet": false, "ostomate": false, "elevator": true, "slope": false, "braille_block": true, "wheelchair_parking": true, "diaper_change": true, "assist_dog_toilet": false}}, {"type": "Feature", "geometry": {"type": "Point", "coordinates": [139.780997, 35.691261]}, "properties": {"id": "af-accommodation-91", "category": "宿泊", "name": "東横INN日本橋馬喰町", "address": "中央区日本橋大伝馬町14-16", "url": "https://www.toyoko-inn.com/sp/search/detail/00157/", "accessible_toilet": false, "ostomate": false, "elevator": true, "slope": false, "braille_block": false, "wheelchair_parking": true, "diaper_change": true, "assist_dog_toilet": false}}, {"type": "Feature", "geometry": {"type": "Point", "coordinates": [139.778578, 35.687054]}, "properties": {"id": "af-accommodation-92", "category": "宿泊", "name": "東横INN日本橋三越前A4", "address": "中央区日本橋小舟町11-12", "url": "https://www.toyoko-inn.com/search/detail/00170/", "accessible_toilet": false, "ostomate": true, "elevator": true, "slope": true, "braille_block": false, "wheelchair_parking": false, "diaper_change": false, "assist_dog_toilet": false}}, {"type": "Feature", "geometry": {"type": "Point", "coordinates": [139.781483, 35.689775]}, "properties": {"id": "af-accommodation-93", "category": "宿泊", "name": "東横イン日本橋税務署前", "address": "中央区日本橋富沢町11-5", "url": "https://www.toyoko-inn.com/search/detail/00239/", "accessible_toilet": false, "ostomate": true, "elevator": true, "slope": false, "braille_block": true, "wheelchair_parking": true, "diaper_change": false, "assist_dog_toilet": false}}, {"type": "Feature", "geometry": {"type": "Point", "coordinates": [139.770902, 35.665756]}, "properties": {"id": "af-accommodation-94", "category": "宿泊", "name": "東急ステイ築地", "address": "中央区築地4-11-5", "url": "https://www.tokyustay.co.jp/hotel/HIG/", "accessible_toilet": false, "ostomate": false, "elevator": true, "slope": false, "braille_block": false, "wheelchair_parking": false, "diaper_change": false, "assist_dog_toilet": false}}, {"type": "Feature", "geometry": {"type": "Point", "coordinates": [139.773883, 35.670027]}, "properties": {"id": "af-accommodation-95", "category": "宿泊", "name": "変なホテル東京銀座", "address": "中央区築地2-2-1", "url": "https://www.hennnahotel.com/ginza/", "accessible_toilet": false, "ostomate": false, "elevator": true, "slope": false, "braille_block": true, "wheelchair_parking": false, "diaper_change": true, "assist_dog_toilet": false}}, {"type": "Feature", "geometry": {"type": "Point", "coordinates": [139.77434, 35.668365]}, "properties": {"id": "af-accommodation-96", "category": "宿泊", "name": "ホテル京阪築地銀座グランデ", "address": "中央区築地3丁目5-4", "url": "https://www.hotelkeihan.co.jp/tsukijiginza/", "accessible_toilet": false, "ostomate": true, "elevator": true, "slope": false, "braille_block": true, "wheelchair_parking": false, "diaper_change": true, "assist_dog_toilet": false}}, {"type": "Feature", "geometry": {"type": "Point", "coordinates": [139.767069, 35.678098]}, "properties": {"id": "af-accommodation-97", "category": "宿泊", "name": "フォーシーズンズホテル丸の内東京", "address": "千代田区丸の内1-11-1パシフィックセンチュリープレイス丸の内", "url": "https://www.fourseasons.com/jp/tokyo/", "accessible_toilet": false, "ostomate": false, "elevator": true, "slope": true, "braille_block": true, "wheelchair_parking": false, "diaper_change": false, "assist_dog_toilet": false}}, {"type": "Feature", "geometry": {"type": "Point", "coordinates": [139.772307, 35.696517]}, "properties": {"id": "af-accommodation-98", "category": "宿泊", "name": "ヴィアイン秋葉原", "address": "千代田区神田須田町2-19-4", "url": "https://www.viainn.com/akihabara/", "accessible_toilet": false, "ostomate": true, "elevator": true, "slope": false, "braille_block": true, "wheelchair_parking": true, "diaper_change": true, "assist_dog_toilet": false}}, {"type": "Feature", "geometry": {"type": "Point", "coordinates": [139.76073, 35.674549]}, "properties": {"id": "af-accommodation-100", "category": "宿泊", "name": "ザ・ペニンシュラ東京", "address": "千代田区有楽町1-8-1", "url": "https://www.peninsula.com/ja/tokyo/5-star-luxury-hotel-ginza", "accessible_toilet": false, "ostomate": false, "elevator": true, "slope": true, "braille_block": false, "wheelchair_parking": true, "diaper_change": true, "assist_dog_toilet": false}}, {"type": "Feature", "geometry": {"type": "Point", "coordinates": [139.743493, 35.682923]}, "properties": {"id": "af-accommodation-101", "category": "宿泊", "name": "ホテルグランドアーク半蔵門", "address": "千代田区隼町1-1", "url": "https://www.grandarc.com/", "accessible_toilet": false, "ostomate": false, "elevator": true, "slope": true, "braille_block": true, "wheelchair_parking": true, "diaper_change": true, "assist_dog_toilet": false}}, {"type": "Feature", "geometry": {"type": "Point", "coordinates": [139.773683, 35.697695]}, "properties": {"id": "af-accommodation-102", "category": "宿泊", "name": "レム秋葉原", "address": "千代田区神田佐久間町1-6-5", "url": "https://www.hankyu-hotel.com/hotel/remm/akihabara", "accessible_toilet": false, "ostomate": false, "elevator": true, "slope": true, "braille_block": true, "wheelchair_parking": false, "diaper_change": true, "assist_dog_toilet": false}}, {"type": "Feature", "geometry": {"type": "Point", "coordinates": [139.75967, 35.67259]}, "properties": {"id": "af-accommodation-103", "category": "宿泊", "name": "レム日比谷", "address": "千代田区有楽町1-2-1", "url": "https://www.hankyu-hotel.com/hotel/remm/hibiya", "accessible_toilet": false, "ostomate": false, "elevator": true, "slope": false, "braille_block": false, "wheelchair_parking": false, "diaper_change": false, "assist_dog_toilet": false}}, {"type": "Feature", "geometry": {"type": "Point", "coordinates": [139.758939, 35.693355]}, "properties": {"id": "af-accommodation-104", "category": "宿泊", "name": "学士会館ホテル", "address": "千代田区神田錦町3-28", "url": "https://www.gakushikaikan.co.jp/hotel/", "accessible_toilet": false, "ostomate": false, "elevator": true, "slope": false, "braille_block": false, "wheelchair_parking": false, "diaper_change": true, "assist_dog_toilet": false}}, {"type": "Feature", "geometry": {"type": "Point", "coordinates": [139.76657, 35.68337]}, "properties": {"id": "af-accommodation-105", "category": "宿泊", "name": "丸の内ホテル", "address": "千代田区丸の内1-6-3", "url": "https://www.marunouchi-hotel.co.jp/", "accessible_toilet": false, "ostomate": false, "elevator": true, "slope": false, "braille_block": false, "wheelchair_parking": true, "diaper_change": true, "assist_dog_toilet": false}}, {"type": "Feature", "geometry": {"type": "Point", "coordinates": [139.751946, 35.696911]}, "properties": {"id": "af-accommodation-106", "category": "宿泊", "name": "京王プレッソイン東京九段下", "address": "千代田区九段北1-7-1", "url": "https://www.presso-inn.com/kudanshita/", "accessible_toilet": false, "ostomate": false, "elevator": true, "slope": false, "braille_block": true, "wheelchair_parking": false, "diaper_change": false, "assist_dog_toilet": false}}, {"type": "Feature", "geometry": {"type": "Point", "coordinates": [139.769381, 35.694811]}, "properties": {"id": "af-accommodation-107", "category": "宿泊", "name": "京王プレッソイン神田", "address": "千代田区神田多町2-8", "url": "https://www.presso-inn.com/kanda/", "accessible_toilet": false, "ostomate": false, "elevator": true, "slope": false, "braille_block": true, "wheelchair_parking": false, "diaper_change": false, "assist_dog_toilet": false}}, {"type": "Feature", "geometry": {"type": "Point", "coordinates": [139.738511, 35.681773]}, "properties": {"id": "af-accommodation-108", "category": "宿泊", "name": "ホテルルポール麹町(麹町会館)", "address": "千代田区平河町2-4-3", "url": "https://www.leport.jp/", "accessible_toilet": false, "ostomate": false, "elevator": true, "slope": false, "braille_block": true, "wheelchair_parking": true, "diaper_change": false, "assist_dog_toilet": false}}, {"type": "Feature", "geometry": {"type": "Point", "coordinates": [139.738584, 35.681117]}, "properties": {"id": "af-accommodation-109", "category": "宿泊", "name": "都市センターホテル", "address": "千代田区平河町2-4-1", "url": "https://www.rihga.co.jp/toshicenter/", "accessible_toilet": false, "ostomate": false, "elevator": true, "slope": false, "braille_block": true, "wheelchair_parking": true, "diaper_change": false, "assist_dog_toilet": false}}, {"type": "Feature", "geometry": {"type": "Point", "coordinates": [139.766996, 35.68927]}, "properties": {"id": "af-accommodation-110", "category": "宿泊", "name": "三井ガーデンホテル大手町", "address": "千代田区内神田2-1-2", "url": "https://www.gardenhotels.co.jp/otemachi/room/accessible/", "accessible_toilet": false, "ostomate": true, "elevator": true, "slope": false, "braille_block": true, "wheelchair_parking": true, "diaper_change": true, "assist_dog_toilet": false}}, {"type": "Feature", "geometry": {"type": "Point", "coordinates": [139.72826, 35.733441]}, "properties": {"id": "af-accommodation-111", "category": "宿泊", "name": "スーパーホテル東京大塚", "address": "豊島区北大塚2丁目17-13", "url": "https://www.superhotel.co.jp/s_hotels/otsuka/", "accessible_toilet": false, "ostomate": true, "elevator": true, "slope": true, "braille_block": true, "wheelchair_parking": true, "diaper_change": true, "assist_dog_toilet": false}}, {"type": "Feature", "geometry": {"type": "Point", "coordinates": [139.747211, 35.736252]}, "properties": {"id": "af-accommodation-112", "category": "宿泊", "name": "ＪＲ東日本ホテルメッツ駒込", "address": "豊島区駒込2-1-39", "url": "https://www.hotelmets.jp/komagome/", "accessible_toilet": false, "ostomate": true, "elevator": true, "slope": false, "braille_block": true, "wheelchair_parking": false, "diaper_change": true, "assist_dog_toilet": false}}, {"type": "Feature", "geometry": {"type": "Point", "coordinates": [139.706845, 35.720916]}, "properties": {"id": "af-accommodation-113", "category": "宿泊", "name": "JR東日本ホテルメッツ目白", "address": "豊島区目白1-4-1", "url": "https://www.hotelmets.jp/mejiro/", "accessible_toilet": false, "ostomate": false, "elevator": true, "slope": true, "braille_block": true, "wheelchair_parking": true, "diaper_change": true, "assist_dog_toilet": false}}, {"type": "Feature", "geometry": {"type": "Point", "coordinates": [139.715618, 35.727837]}, "properties": {"id": "af-accommodation-114", "category": "宿泊", "name": "京王プレッソイン池袋", "address": "豊島区南池袋2-29-11", "url": "https://www.presso-inn.com/ikebukuro/", "accessible_toilet": false, "ostomate": false, "elevator": true, "slope": false, "braille_block": true, "wheelchair_parking": false, "diaper_change": true, "assist_dog_toilet": false}}, {"type": "Feature", "geometry": {"type": "Point", "coordinates": [139.710293, 35.734058]}, "properties": {"id": "af-accommodation-115", "category": "宿泊", "name": "東横INN池袋北口Ⅱ", "address": "豊島区池袋2-51-2", "url": "https://www.toyoko-inn.com", "accessible_toilet": false, "ostomate": false, "elevator": true, "slope": false, "braille_block": true, "wheelchair_parking": true, "diaper_change": false, "assist_dog_toilet": false}}, {"type": "Feature", "geometry": {"type": "Point", "coordinates": [139.727266, 35.732615]}, "properties": {"id": "af-accommodation-116", "category": "宿泊", "name": "東横イン山手線大塚駅北口Ⅱ", "address": "豊島区北大塚2-5-9", "url": "https://www.toyoko-inn.com", "accessible_toilet": false, "ostomate": false, "elevator": true, "slope": false, "braille_block": true, "wheelchair_parking": true, "diaper_change": true, "assist_dog_toilet": false}}, {"type": "Feature", "geometry": {"type": "Point", "coordinates": [139.336784, 35.65684]}, "properties": {"id": "af-accommodation-117", "category": "宿泊", "name": "東横INN東京八王子駅北口", "address": "八王子市三崎町2番9号", "url": "", "accessible_toilet": false, "ostomate": true, "elevator": true, "slope": false, "braille_block": true, "wheelchair_parking": true, "diaper_change": false, "assist_dog_toilet": false}}, {"type": "Feature", "geometry": {"type": "Point", "coordinates": [139.751528, 35.70972]}, "properties": {"id": "af-accommodation-118", "category": "宿泊", "name": "東横イン後楽園文京区役所前", "address": "文京区小石川2-2-11", "url": "https://www.toyoko-inn.com/index.php/search/detail/00081.html", "accessible_toilet": false, "ostomate": false, "elevator": true, "slope": false, "braille_block": false, "wheelchair_parking": false, "diaper_change": false, "assist_dog_toilet": false}}, {"type": "Feature", "geometry": {"type": "Point", "coordinates": [139.747909, 35.704252]}, "properties": {"id": "af-accommodation-119", "category": "宿泊", "name": "後楽ガーデンホテル", "address": "文京区後楽1-5-3", "url": "https://korakugardenhotel.com/", "accessible_toilet": false, "ostomate": true, "elevator": true, "slope": false, "braille_block": false, "wheelchair_parking": true, "diaper_change": true, "assist_dog_toilet": false}}, {"type": "Feature", "geometry": {"type": "Point", "coordinates": [139.764809, 35.70276]}, "properties": {"id": "af-accommodation-120", "category": "宿泊", "name": "東京ガーデンパレス", "address": "文京区湯島1-7-5", "url": "https://www.hotelgp-tokyo.com/", "accessible_toilet": false, "ostomate": false, "elevator": true, "slope": false, "braille_block": true, "wheelchair_parking": false, "diaper_change": true, "assist_dog_toilet": false}}, {"type": "Feature", "geometry": {"type": "Point", "coordinates": [139.758247, 35.713153]}, "properties": {"id": "af-accommodation-121", "category": "宿泊", "name": "フォーレスト本郷", "address": "文京区本郷6-16-4", "url": "https://www.forest-hongo.com/", "accessible_toilet": false, "ostomate": false, "elevator": true, "slope": false, "braille_block": true, "wheelchair_parking": false, "diaper_change": true, "assist_dog_toilet": false}}, {"type": "Feature", "geometry": {"type": "Point", "coordinates": [139.450578, 35.542115]}, "properties": {"id": "af-accommodation-122", "category": "宿泊", "name": "アパホテル町田駅東", "address": "町田市原町田4-15-16", "url": "https://www.apahotel.com/hotel/shutoken/machida-ekihigashi/", "accessible_toilet": false, "ostomate": false, "elevator": true, "slope": false, "braille_block": true, "wheelchair_parking": true, "diaper_change": true, "assist_dog_toilet": false}}, {"type": "Feature", "geometry": {"type": "Point", "coordinates": [139.450192, 35.540348]}, "properties": {"id": "af-accommodation-123", "category": "宿泊", "name": "ベストウエスタンレンブラントホテル東京町田", "address": "町田市原町田3-2-9", "url": "https://bwhotels.jp/machida", "accessible_toilet": false, "ostomate": true, "elevator": true, "slope": false, "braille_block": false, "wheelchair_parking": true, "diaper_change": true, "assist_dog_toilet": false}}, {"type": "Feature", "geometry": {"type": "Point", "coordinates": [139.444828, 35.546727]}, "properties": {"id": "af-accommodation-124", "category": "宿泊", "name": "東横イン町田駅小田急線東口", "address": "町田市中町1-3-3", "url": "https://www.toyoko-inn.com/index.php/search/detail/00216.html", "accessible_toilet": false, "ostomate": true, "elevator": true, "slope": false, "braille_block": true, "wheelchair_parking": true, "diaper_change": true, "assist_dog_toilet": false}}, {"type": "Feature", "geometry": {"type": "Point", "coordinates": [139.4773115, 35.50762459]}, "properties": {"id": "af-accommodation-125", "category": "宿泊", "name": "東京・湯河原温泉　万葉の湯", "address": "町田市鶴間7-3-1", "url": "https://www.manyo.co.jp/machida/", "accessible_toilet": false, "ostomate": false, "elevator": true, "slope": true, "braille_block": true, "wheelchair_parking": true, "diaper_change": true, "assist_dog_toilet": false}}, {"type": "Feature", "geometry": {"type": "Point", "coordinates": [139.763273, 35.65528]}, "properties": {"id": "af-accommodation-126", "category": "宿泊", "name": "ベイサイドホテルアジュール竹芝", "address": "港区海岸1-11-2", "url": "http://www.hotel-azur.com/", "accessible_toilet": false, "ostomate": false, "elevator": true, "slope": true, "braille_block": true, "wheelchair_parking": false, "diaper_change": true, "assist_dog_toilet": false}}, {"type": "Feature", "geometry": {"type": "Point", "coordinates": [139.771524, 35.62521]}, "properties": {"id": "af-accommodation-127", "category": "宿泊", "name": "グランドニッコー東京台場", "address": "港区台場2-6-1", "url": "https://www.tokyo.grandnikko.com/", "accessible_toilet": false, "ostomate": false, "elevator": true, "slope": true, "braille_block": true, "wheelchair_parking": true, "diaper_change": true, "assist_dog_toilet": false}}, {"type": "Feature", "geometry": {"type": "Point", "coordinates": [139.736819, 35.671395]}, "properties": {"id": "af-accommodation-128", "category": "宿泊", "name": "京王プレッソイン赤坂", "address": "港区赤坂6-2-13", "url": "https://www.presso-inn.com/akasaka/", "accessible_toilet": false, "ostomate": true, "elevator": true, "slope": false, "braille_block": true, "wheelchair_parking": false, "diaper_change": false, "assist_dog_toilet": false}}, {"type": "Feature", "geometry": {"type": "Point", "coordinates": [139.752671, 35.659214]}, "properties": {"id": "af-accommodation-129", "category": "宿泊", "name": "京王プレッソイン浜松町", "address": "港区芝大門1-1-26", "url": "https://www.presso-inn.com/hamamatsutyo/", "accessible_toilet": false, "ostomate": false, "elevator": true, "slope": false, "braille_block": true, "wheelchair_parking": false, "diaper_change": false, "assist_dog_toilet": false}}, {"type": "Feature", "geometry": {"type": "Point", "coordinates": [139.736508, 35.675801]}, "properties": {"id": "af-accommodation-130", "category": "宿泊", "name": "センチュリオンホテルグランド赤坂", "address": "港区赤坂3-19-3", "url": "https://www.centurion-hotel.com/grand/rooms/", "accessible_toilet": false, "ostomate": true, "elevator": true, "slope": false, "braille_block": false, "wheelchair_parking": false, "diaper_change": true, "assist_dog_toilet": false}}, {"type": "Feature", "geometry": {"type": "Point", "coordinates": [139.736364, 35.674645]}, "properties": {"id": "af-accommodation-131", "category": "宿泊", "name": "スーパーホテルLohas赤坂", "address": "港区赤坂3-16-7", "url": "https://www.superhotel.co.jp/s_hotels/akasaka/", "accessible_toilet": false, "ostomate": true, "elevator": true, "slope": true, "braille_block": true, "wheelchair_parking": true, "diaper_change": true, "assist_dog_toilet": false}}, {"type": "Feature", "geometry": {"type": "Point", "coordinates": [139.71453, 35.732048]}, "properties": {"id": "af-accommodation-132", "category": "宿泊", "name": "センチュリオンホテル　池袋", "address": "豊島区東池袋1-8-9", "url": "https://www.centurion-hotel.com/ikebukuro/#ikebukuro", "accessible_toilet": false, "ostomate": false, "elevator": true, "slope": false, "braille_block": true, "wheelchair_parking": true, "diaper_change": false, "assist_dog_toilet": false}}, {"type": "Feature", "geometry": {"type": "Point", "coordinates": [139.717826, 35.671035]}, "properties": {"id": "af-accommodation-133", "category": "宿泊", "name": "ホテルアラマンダ青山", "address": "港区北青山2丁目7番13号プラセオ青山ビル", "url": "https://hotel-allamanda-aoyama.jp/", "accessible_toilet": false, "ostomate": false, "elevator": true, "slope": false, "braille_block": false, "wheelchair_parking": false, "diaper_change": false, "assist_dog_toilet": false}}, {"type": "Feature", "geometry": {"type": "Point", "coordinates": [139.748762, 35.651061]}, "properties": {"id": "af-accommodation-134", "category": "宿泊", "name": "ホテル　ザ　セレスティン東京芝", "address": "港区芝3-23-1", "url": "", "accessible_toilet": false, "ostomate": true, "elevator": true, "slope": true, "braille_block": true, "wheelchair_parking": true, "diaper_change": false, "assist_dog_toilet": false}}, {"type": "Feature", "geometry": {"type": "Point", "coordinates": [139.751354, 35.655632]}, "properties": {"id": "af-accommodation-135", "category": "宿泊", "name": "ホテルメルパルク東京", "address": "港区芝公園2-5-20", "url": "http://mielparque.jp/tokyo/", "accessible_toilet": false, "ostomate": false, "elevator": true, "slope": true, "braille_block": true, "wheelchair_parking": true, "diaper_change": true, "assist_dog_toilet": false}}, {"type": "Feature", "geometry": {"type": "Point", "coordinates": [139.756163, 35.664784]}, "properties": {"id": "af-accommodation-136", "category": "宿泊", "name": "相鉄フレッサイン新橋烏森口", "address": "港区新橋4丁目10-2", "url": "https://fresa-inn.jp/shinbashi-karasumoriguchi/", "accessible_toilet": false, "ostomate": false, "elevator": true, "slope": false, "braille_block": true, "wheelchair_parking": false, "diaper_change": false, "assist_dog_toilet": false}}, {"type": "Feature", "geometry": {"type": "Point", "coordinates": [139.738468, 35.670261]}, "properties": {"id": "af-accommodation-137", "category": "宿泊", "name": "ホテルマイステイズプレミア赤坂", "address": "港区赤坂2-17-54", "url": "https://www.mystays.com/hotel-mystays-premier-akasaka-tokyo/", "accessible_toilet": false, "ostomate": true, "elevator": true, "slope": false, "braille_block": true, "wheelchair_parking": false, "diaper_change": true, "assist_dog_toilet": false}}, {"type": "Feature", "geometry": {"type": "Point", "coordinates": [139.732744, 35.675546]}, "properties": {"id": "af-accommodation-138", "category": "宿泊", "name": "ホテルモントレ赤坂", "address": "港区赤坂4丁目9番24号", "url": "https://www.hotelmonterey.co.jp/akasaka/", "accessible_toilet": false, "ostomate": false, "elevator": true, "slope": true, "braille_block": true, "wheelchair_parking": true, "diaper_change": true, "assist_dog_toilet": false}}, {"type": "Feature", "geometry": {"type": "Point", "coordinates": [139.757004, 35.660313]}, "properties": {"id": "af-accommodation-139", "category": "宿泊", "name": "三井ガーデンホテル汐留イタリア街", "address": "港区東新橋2-14-24", "url": "https://www.gardenhotels.co.jp/shiodome-italiagai/", "accessible_toilet": false, "ostomate": false, "elevator": true, "slope": false, "braille_block": true, "wheelchair_parking": false, "diaper_change": false, "assist_dog_toilet": false}}, {"type": "Feature", "geometry": {"type": "Point", "coordinates": [139.755671, 35.657937]}, "properties": {"id": "af-accommodation-140", "category": "宿泊", "name": "名鉄イン浜松町", "address": "港区浜松町1-19-14", "url": "https://www.m-inn.com/hamamatsucho/facilities/", "accessible_toilet": false, "ostomate": true, "elevator": true, "slope": false, "braille_block": true, "wheelchair_parking": true, "diaper_change": false, "assist_dog_toilet": false}}, {"type": "Feature", "geometry": {"type": "Point", "coordinates": [139.731379, 35.663819]}, "properties": {"id": "af-accommodation-141", "category": "宿泊", "name": "レム六本木", "address": "港区六本木7-14-4", "url": "https://www.hankyu-hotel.com/hotel/remm/roppongi", "accessible_toilet": false, "ostomate": true, "elevator": true, "slope": false, "braille_block": false, "wheelchair_parking": false, "diaper_change": true, "assist_dog_toilet": false}}, {"type": "Feature", "geometry": {"type": "Point", "coordinates": [139.353838, 34.752458]}, "properties": {"id": "af-accommodation-142", "category": "宿泊", "name": "ホテル赤門", "address": "大島町元町1-16-7", "url": "http://www.ooshima-akamon.com/", "accessible_toilet": false, "ostomate": false, "elevator": false, "slope": true, "braille_block": false, "wheelchair_parking": false, "diaper_change": false, "assist_dog_toilet": false}}, {"type": "Feature", "geometry": {"type": "Point", "coordinates": [139.358374, 34.749914]}, "properties": {"id": "af-accommodation-143", "category": "宿泊", "name": "ホテル白岩", "address": "大島町元町3-3-3", "url": "http://www.h-shiraiwa.com/", "accessible_toilet": false, "ostomate": false, "elevator": true, "slope": true, "braille_block": false, "wheelchair_parking": false, "diaper_change": true, "assist_dog_toilet": false}}, {"type": "Feature", "geometry": {"type": "Point", "coordinates": [139.401815, 34.753425]}, "properties": {"id": "af-accommodation-144", "category": "宿泊", "name": "大島温泉ホテル", "address": "大島町泉津字木積場3-5", "url": "http://www.oshima-onsen.co.jp/", "accessible_toilet": false, "ostomate": false, "elevator": false, "slope": true, "braille_block": false, "wheelchair_parking": false, "diaper_change": false, "assist_dog_toilet": false}}, {"type": "Feature", "geometry": {"type": "Point", "coordinates": [139.787636, 33.143303]}, "properties": {"id": "af-accommodation-145", "category": "宿泊", "name": "リードパークリゾート八丈島", "address": "八丈町三根5392", "url": "http://www.lidohotels.jp/park/", "accessible_toilet": false, "ostomate": false, "elevator": false, "slope": true, "braille_block": false, "wheelchair_parking": false, "diaper_change": false, "assist_dog_toilet": false}}, {"type": "Feature", "geometry": {"type": "Point", "coordinates": [139.768449, 33.115504]}, "properties": {"id": "af-accommodation-146", "category": "宿泊", "name": "八丈ビューホテル", "address": "八丈町大賀郷4422-1", "url": "http://www.hachijo-v.co.jp/", "accessible_toilet": false, "ostomate": false, "elevator": false, "slope": true, "braille_block": false, "wheelchair_parking": false, "diaper_change": true, "assist_dog_toilet": false}}, {"type": "Feature", "geometry": {"type": "Point", "coordinates": [139.542809, 35.701705]}, "properties": {"id": "af-accommodation-147", "category": "宿泊", "name": "ビジネスホテルシティテル武蔵境", "address": "武蔵野市境南町2-4-15", "url": "http://www.hotel-citytel.jp/citytel_sakai/", "accessible_toilet": false, "ostomate": false, "elevator": true, "slope": false, "braille_block": false, "wheelchair_parking": false, "diaper_change": false, "assist_dog_toilet": false}}, {"type": "Feature", "geometry": {"type": "Point", "coordinates": [139.741298, 35.554515]}, "properties": {"id": "af-accommodation-148", "category": "宿泊", "name": "変なホテル　東京羽田", "address": "大田区東糀谷2-11-18", "url": "https://www.hennnahotel.com/haneda/", "accessible_toilet": false, "ostomate": false, "elevator": true, "slope": false, "braille_block": true, "wheelchair_parking": true, "diaper_change": true, "assist_dog_toilet": false}}, {"type": "Feature", "geometry": {"type": "Point", "coordinates": [139.630078, 35.61063]}, "properties": {"id": "af-accommodation-149", "category": "宿泊", "name": "二子玉川エクセルホテル東急", "address": "世田谷区玉川1-14-1", "url": "https://www.tokyuhotels.co.jp/futako-e/", "accessible_toilet": false, "ostomate": true, "elevator": true, "slope": false, "braille_block": true, "wheelchair_parking": true, "diaper_change": true, "assist_dog_toilet": false}}, {"type": "Feature", "geometry": {"type": "Point", "coordinates": [139.793531, 35.632779]}, "properties": {"id": "af-accommodation-150", "category": "宿泊", "name": "【休業中】東京ベイ有明ワシントンホテル", "address": "江東区有明 3-7-11", "url": "https://washington-hotels.jp/ariake/", "accessible_toilet": false, "ostomate": false, "elevator": true, "slope": true, "braille_block": true, "wheelchair_parking": true, "diaper_change": false, "assist_dog_toilet": false}}, {"type": "Feature", "geometry": {"type": "Point", "coordinates": [139.633631, 35.626413]}, "properties": {"id": "af-accommodation-151", "category": "宿泊", "name": "東急ステイ用賀", "address": "世田谷区用賀4-4-1", "url": "https://www.tokyustay.co.jp/hotel/YO/", "accessible_toilet": false, "ostomate": false, "elevator": true, "slope": false, "braille_block": false, "wheelchair_parking": false, "diaper_change": false, "assist_dog_toilet": false}}, {"type": "Feature", "geometry": {"type": "Point", "coordinates": [139.690717, 35.636027]}, "properties": {"id": "af-accommodation-152", "category": "宿泊", "name": "東急ステイ目黒・祐天寺", "address": "目黒区祐天寺2-15-7", "url": "https://www.tokyustay.co.jp/hotel/YU/", "accessible_toilet": false, "ostomate": false, "elevator": true, "slope": true, "braille_block": false, "wheelchair_parking": false, "diaper_change": false, "assist_dog_toilet": false}}, {"type": "Feature", "geometry": {"type": "Point", "coordinates": [139.693611, 35.655575]}, "properties": {"id": "af-accommodation-153", "category": "宿泊", "name": "東急ステイ渋谷", "address": "渋谷区神泉町8-14", "url": "https://www.tokyustay.co.jp/hotel/SIB/", "accessible_toilet": false, "ostomate": false, "elevator": true, "slope": true, "braille_block": false, "wheelchair_parking": true, "diaper_change": false, "assist_dog_toilet": false}}, {"type": "Feature", "geometry": {"type": "Point", "coordinates": [139.767423, 35.670371]}, "properties": {"id": "af-accommodation-154", "category": "宿泊", "name": "東急ステイ銀座", "address": "中央区銀座4-10-5", "url": "https://www.tokyustay.co.jp/hotel/GZ/", "accessible_toilet": false, "ostomate": false, "elevator": true, "slope": true, "braille_block": false, "wheelchair_parking": false, "diaper_change": true, "assist_dog_toilet": false}}, {"type": "Feature", "geometry": {"type": "Point", "coordinates": [139.756689, 35.700639]}, "properties": {"id": "af-accommodation-155", "category": "宿泊", "name": "庭のホテル 東京", "address": "千代田区神田三崎町1-1-16", "url": "https://www.hotelniwa.jp/", "accessible_toilet": false, "ostomate": true, "elevator": true, "slope": true, "braille_block": false, "wheelchair_parking": true, "diaper_change": true, "assist_dog_toilet": false}}, {"type": "Feature", "geometry": {"type": "Point", "coordinates": [139.780054, 35.680817]}, "properties": {"id": "af-accommodation-156", "category": "宿泊", "name": "相鉄フレッサイン日本橋茅場町", "address": "中央区日本橋茅場町1-3-10", "url": "https://fresa-inn.jp/kayabacho/", "accessible_toilet": false, "ostomate": false, "elevator": true, "slope": false, "braille_block": true, "wheelchair_parking": false, "diaper_change": false, "assist_dog_toilet": false}}, {"type": "Feature", "geometry": {"type": "Point", "coordinates": [139.760437, 35.695285]}, "properties": {"id": "af-accommodation-157", "category": "宿泊", "name": "相鉄フレッサイン御茶ノ水神保町", "address": "千代田区神田神保町1-19-7", "url": "https://fresa-inn.jp/jinbocho/", "accessible_toilet": false, "ostomate": true, "elevator": true, "slope": false, "braille_block": true, "wheelchair_parking": true, "diaper_change": true, "assist_dog_toilet": false}}, {"type": "Feature", "geometry": {"type": "Point", "coordinates": [139.702862, 35.657481]}, "properties": {"id": "af-accommodation-158", "category": "宿泊", "name": "渋谷ストリームエクセルホテル東急", "address": "渋谷区渋谷3-21-3", "url": "https://www.tokyuhotels.co.jp/stream-e/", "accessible_toilet": false, "ostomate": false, "elevator": true, "slope": true, "braille_block": false, "wheelchair_parking": true, "diaper_change": true, "assist_dog_toilet": false}}, {"type": "Feature", "geometry": {"type": "Point", "coordinates": [139.69982, 35.658647]}, "properties": {"id": "af-accommodation-159", "category": "宿泊", "name": "渋谷エクセルホテル東急", "address": "渋谷区道玄坂1-12-2", "url": "https://www.tokyuhotels.co.jp/shibuya-e/?utm_source=google&utm_medium=cpc&utm_campaign=main&cid=adwsn201806021&argument=TH1sKUCF&dmai=a5e16c3b04635e&gclid=EAIaIQobChMIseLqsqqS6AIVg3ZgCh1Btg3BEAAYASAAEgKEX_D_BwE#", "accessible_toilet": false, "ostomate": true, "elevator": true, "slope": false, "braille_block": true, "wheelchair_parking": false, "diaper_change": true, "assist_dog_toilet": true}}, {"type": "Feature", "geometry": {"type": "Point", "coordinates": [139.77377, 35.697404]}, "properties": {"id": "af-accommodation-160", "category": "宿泊", "name": "秋葉原ワシントンホテル", "address": "千代田区神田佐久間町1-8-3", "url": "https://washington-hotels.jp/akihabara/", "accessible_toilet": false, "ostomate": false, "elevator": true, "slope": true, "braille_block": false, "wheelchair_parking": true, "diaper_change": true, "assist_dog_toilet": false}}, {"type": "Feature", "geometry": {"type": "Point", "coordinates": [139.774914, 35.66933]}, "properties": {"id": "af-accommodation-161", "category": "宿泊", "name": "銀座キャピタルホテル", "address": "中央区築地3丁目1番5号", "url": "https://www.ginza-capital.jp/index.html", "accessible_toilet": false, "ostomate": false, "elevator": true, "slope": false, "braille_block": false, "wheelchair_parking": false, "diaper_change": true, "assist_dog_toilet": false}}, {"type": "Feature", "geometry": {"type": "Point", "coordinates": [139.79545, 35.672912]}, "properties": {"id": "af-accommodation-162", "category": "宿泊", "name": "京成リッチモンドホテル東京門前仲町", "address": "江東区門前仲町2-8-9", "url": "https://richmondhotel.jp/monzennakacho/", "accessible_toilet": false, "ostomate": true, "elevator": true, "slope": false, "braille_block": true, "wheelchair_parking": false, "diaper_change": false, "assist_dog_toilet": false}}, {"type": "Feature", "geometry": {"type": "Point", "coordinates": [139.786826, 35.553528]}, "properties": {"id": "af-accommodation-163", "category": "宿泊", "name": "羽田エクセルホテル東急", "address": "大田区羽田空港3-4-2", "url": "https://tokyuhotels.co.jp/haneda-e/", "accessible_toilet": false, "ostomate": true, "elevator": true, "slope": false, "braille_block": true, "wheelchair_parking": false, "diaper_change": true, "assist_dog_toilet": false}}, {"type": "Feature", "geometry": {"type": "Point", "coordinates": [139.561267, 35.707173]}, "properties": {"id": "af-accommodation-164", "category": "宿泊", "name": "リッチモンドホテル東京武蔵野", "address": "武蔵野市中町2-4-1", "url": "https://richmondhotel.jp/musashino/", "accessible_toilet": false, "ostomate": false, "elevator": true, "slope": false, "braille_block": false, "wheelchair_parking": true, "diaper_change": true, "assist_dog_toilet": false}}, {"type": "Feature", "geometry": {"type": "Point", "coordinates": [139.813704, 35.710002]}, "properties": {"id": "af-accommodation-165", "category": "宿泊", "name": "リッチモンドホテルプレミア東京スコーレ", "address": "墨田区押上1-10-3", "url": "https://richmondhotel.jp/tokyo-oshiage/", "accessible_toilet": false, "ostomate": true, "elevator": true, "slope": true, "braille_block": true, "wheelchair_parking": true, "diaper_change": true, "assist_dog_toilet": false}}, {"type": "Feature", "geometry": {"type": "Point", "coordinates": [139.771173, 35.683084]}, "properties": {"id": "af-accommodation-166", "category": "宿泊", "name": "ホテル龍名館東京", "address": "中央区八重洲1-3-22", "url": "https://www.ryumeikan-tokyo.jp", "accessible_toilet": false, "ostomate": false, "elevator": true, "slope": false, "braille_block": false, "wheelchair_parking": false, "diaper_change": false, "assist_dog_toilet": false}}, {"type": "Feature", "geometry": {"type": "Point", "coordinates": [139.44655, 35.544466]}, "properties": {"id": "af-accommodation-167", "category": "宿泊", "name": "ホテル新宿屋", "address": "町田市原町田6-13-22", "url": "https://www.hotel-shinjukuya.com/", "accessible_toilet": false, "ostomate": false, "elevator": true, "slope": true, "braille_block": false, "wheelchair_parking": false, "diaper_change": false, "assist_dog_toilet": false}}, {"type": "Feature", "geometry": {"type": "Point", "coordinates": [139.701969, 35.695293]}, "properties": {"id": "af-accommodation-168", "category": "宿泊", "name": "ホテルグレイスリー新宿", "address": "新宿区歌舞伎町1-19-1", "url": "https://gracery.com/shinjuku/", "accessible_toilet": false, "ostomate": true, "elevator": true, "slope": false, "braille_block": true, "wheelchair_parking": false, "diaper_change": false, "assist_dog_toilet": false}}, {"type": "Feature", "geometry": {"type": "Point", "coordinates": [139.763676, 35.668853]}, "properties": {"id": "af-accommodation-169", "category": "宿泊", "name": "ホテルグレイスリー銀座", "address": "中央区銀座7-10-1", "url": "https://gracery.com/ginza/", "accessible_toilet": false, "ostomate": false, "elevator": true, "slope": false, "braille_block": false, "wheelchair_parking": false, "diaper_change": true, "assist_dog_toilet": false}}, {"type": "Feature", "geometry": {"type": "Point", "coordinates": [139.78, 35.64]}, "properties": {"id": "af-accommodation-170", "category": "宿泊", "name": "ホテルグレイスリー田町", "address": "港区芝浦3-8-1", "url": "http://gracery.com/tamatchi", "accessible_toilet": false, "ostomate": true, "elevator": true, "slope": false, "braille_block": false, "wheelchair_parking": false, "diaper_change": true, "assist_dog_toilet": false}}, {"type": "Feature", "geometry": {"type": "Point", "coordinates": [139.718394, 35.688021]}, "properties": {"id": "af-accommodation-171", "category": "宿泊", "name": "ホテルウィングインターナショナルプレミアム東京四谷", "address": "新宿区四谷3-14-1", "url": "https://www.hotelwing.co.jp/yotsuya/", "accessible_toilet": false, "ostomate": false, "elevator": true, "slope": false, "braille_block": true, "wheelchair_parking": true, "diaper_change": false, "assist_dog_toilet": false}}, {"type": "Feature", "geometry": {"type": "Point", "coordinates": [139.715809, 35.563645]}, "properties": {"id": "af-accommodation-172", "category": "宿泊", "name": "ホテルアマネク蒲田駅前", "address": "大田区西蒲田7-4-11", "url": "https://kamata-st.amanek.jp/", "accessible_toilet": false, "ostomate": true, "elevator": true, "slope": true, "braille_block": true, "wheelchair_parking": true, "diaper_change": true, "assist_dog_toilet": false}}, {"type": "Feature", "geometry": {"type": "Point", "coordinates": [139.72749, 35.670209]}, "properties": {"id": "af-accommodation-173", "category": "宿泊", "name": "ホテルアジア会館", "address": "港区赤坂8-10-32", "url": "https://www.asiacenter.or.jp/stay/", "accessible_toilet": false, "ostomate": false, "elevator": true, "slope": true, "braille_block": false, "wheelchair_parking": true, "diaper_change": true, "assist_dog_toilet": false}}, {"type": "Feature", "geometry": {"type": "Point", "coordinates": [139.785783, 35.721493]}, "properties": {"id": "af-accommodation-174", "category": "宿泊", "name": "ベッセルイン上野入谷駅前", "address": "台東区入谷1-25-6", "url": "https://www.vessel-hotel.jp/inn/ueno/", "accessible_toilet": false, "ostomate": false, "elevator": true, "slope": false, "braille_block": false, "wheelchair_parking": false, "diaper_change": false, "assist_dog_toilet": false}}, {"type": "Feature", "geometry": {"type": "Point", "coordinates": [139.6913787, 35.6924779]}, "properties": {"id": "af-accommodation-175", "category": "宿泊", "name": "ヒルトン東京", "address": "新宿区西新宿6-6-2", "url": "", "accessible_toilet": false, "ostomate": true, "elevator": true, "slope": false, "braille_block": false, "wheelchair_parking": true, "diaper_change": true, "assist_dog_toilet": true}}, {"type": "Feature", "geometry": {"type": "Point", "coordinates": [139.791546, 35.69631]}, "properties": {"id": "af-accommodation-176", "category": "宿泊", "name": "パールホテル両国", "address": "墨田区横網1-2-24", "url": "https://www.pearlhotels.jp/ryogoku/", "accessible_toilet": false, "ostomate": true, "elevator": true, "slope": true, "braille_block": false, "wheelchair_parking": false, "diaper_change": false, "assist_dog_toilet": false}}, {"type": "Feature", "geometry": {"type": "Point", "coordinates": [139.776106, 35.709079]}, "properties": {"id": "af-accommodation-177", "category": "宿泊", "name": "ドーミーイン上野・御徒町", "address": "台東区上野6-7-22", "url": "https://www.hotespa.net/hotels/ueno/", "accessible_toilet": false, "ostomate": false, "elevator": true, "slope": false, "braille_block": true, "wheelchair_parking": false, "diaper_change": true, "assist_dog_toilet": false}}, {"type": "Feature", "geometry": {"type": "Point", "coordinates": [139.769064, 35.689531]}, "properties": {"id": "af-accommodation-179", "category": "宿泊", "name": "トーセイホテル ココネ神田", "address": "千代田区内神田3丁目2-10", "url": "https://tosei-hotel.co.jp/", "accessible_toilet": false, "ostomate": true, "elevator": true, "slope": true, "braille_block": true, "wheelchair_parking": true, "diaper_change": true, "assist_dog_toilet": false}}, {"type": "Feature", "geometry": {"type": "Point", "coordinates": [139.798828, 35.671117]}, "properties": {"id": "af-accommodation-180", "category": "宿泊", "name": "東急ステイ門前仲町", "address": "江東区富岡1丁目23番地2号", "url": "https://www.tokyustay.co.jp/hotel/MON/", "accessible_toilet": false, "ostomate": false, "elevator": true, "slope": true, "braille_block": false, "wheelchair_parking": false, "diaper_change": false, "assist_dog_toilet": false}}, {"type": "Feature", "geometry": {"type": "Point", "coordinates": [139.75347, 35.667508]}, "properties": {"id": "af-accommodation-181", "category": "宿泊", "name": "the b tokyo shimbashi", "address": "港区西新橋1-17-13", "url": "https://www.theb-hotels.com/theb/shimbashi/?utm_source=google&utm_medium=cpc&utm_campaign=bsh&gclid=EAIaIQobChMImeqw5Z6P6AIVx6iWCh2QqQ8iEAAYASAAEgIwzPD_BwE", "accessible_toilet": false, "ostomate": true, "elevator": true, "slope": false, "braille_block": true, "wheelchair_parking": true, "diaper_change": true, "assist_dog_toilet": false}}, {"type": "Feature", "geometry": {"type": "Point", "coordinates": [139.735949, 35.676594]}, "properties": {"id": "af-accommodation-182", "category": "宿泊", "name": "ザ・ビー赤坂見附", "address": "港区赤坂3-21-7", "url": "https://www.theb-hotels.com/cp/renewal2019/?utm_source=google&utm_medium=cpc&utm_campaign=bam&gclid=EAIaIQobChMIv5aQvqOX6AIVDXZgCh1VkgDbEAAYASAAEgK1MvD_BwE", "accessible_toilet": false, "ostomate": true, "elevator": true, "slope": false, "braille_block": false, "wheelchair_parking": true, "diaper_change": false, "assist_dog_toilet": false}}, {"type": "Feature", "geometry": {"type": "Point", "coordinates": [139.767763, 35.547027]}, "properties": {"id": "af-accommodation-183", "category": "宿泊", "name": "ザ　ロイヤルパークホテル　東京羽田", "address": "大田区羽田空港2-6-5", "url": "https://www.the-royalpark.jp/the/tokyohaneda/", "accessible_toilet": false, "ostomate": true, "elevator": true, "slope": false, "braille_block": false, "wheelchair_parking": false, "diaper_change": false, "assist_dog_toilet": false}}, {"type": "Feature", "geometry": {"type": "Point", "coordinates": [139.774446, 35.693561]}, "properties": {"id": "af-accommodation-184", "category": "宿泊", "name": "コンフォートホテル東京神田", "address": "千代田区神田東松下町11-2", "url": "https://www.choice-hotels.jp/hotel/kanda/", "accessible_toilet": false, "ostomate": false, "elevator": true, "slope": false, "braille_block": false, "wheelchair_parking": true, "diaper_change": false, "assist_dog_toilet": false}}, {"type": "Feature", "geometry": {"type": "Point", "coordinates": [139.799661, 35.682234]}, "properties": {"id": "af-accommodation-185", "category": "宿泊", "name": "コンフォートホテル東京清澄白河", "address": "江東区白河1-6-12", "url": "https://www.choice-hotels.jp/hotel/kiyosumishirakawa/", "accessible_toilet": false, "ostomate": false, "elevator": true, "slope": false, "braille_block": true, "wheelchair_parking": true, "diaper_change": true, "assist_dog_toilet": false}}, {"type": "Feature", "geometry": {"type": "Point", "coordinates": [139.780482, 35.715945]}, "properties": {"id": "af-accommodation-186", "category": "宿泊", "name": "アパホテル〈上野駅北〉", "address": "台東区上野7丁目12-11", "url": "https://www.apahotel.com/hotel/shutoken/tokyo/ueno-ekikita/", "accessible_toilet": false, "ostomate": true, "elevator": true, "slope": false, "braille_block": false, "wheelchair_parking": true, "diaper_change": false, "assist_dog_toilet": false}}, {"type": "Feature", "geometry": {"type": "Point", "coordinates": [139.750131, 35.648427]}, "properties": {"id": "af-accommodation-187", "category": "宿泊", "name": "アパホテル＜三田駅前＞", "address": "港区芝4-4-8", "url": "https://www.apahotel.com/hotel/shutoken/mita-ekimae/", "accessible_toilet": false, "ostomate": false, "elevator": true, "slope": false, "braille_block": false, "wheelchair_parking": false, "diaper_change": false, "assist_dog_toilet": false}}, {"type": "Feature", "geometry": {"type": "Point", "coordinates": [139.818619, 35.657829]}, "properties": {"id": "af-accommodation-188", "category": "宿泊", "name": "【休業中】アパホテル＜東京潮見駅前＞", "address": "江東区潮見2-8-6", "url": "https://www.apahotel.com/hotel/shutoken/tokyoshiomi-ekimae/", "accessible_toilet": false, "ostomate": false, "elevator": true, "slope": false, "braille_block": true, "wheelchair_parking": true, "diaper_change": true, "assist_dog_toilet": false}}, {"type": "Feature", "geometry": {"type": "Point", "coordinates": [139.7826, 35.7134]}, "properties": {"id": "af-accommodation-189", "category": "宿泊", "name": "アパホテル＜上野稲荷町駅北＞", "address": "台東区東上野5-10-8", "url": "https://www.apahotel.com/hotel/shutoken/ueno-inaricho/", "accessible_toilet": false, "ostomate": true, "elevator": true, "slope": false, "braille_block": true, "wheelchair_parking": true, "diaper_change": true, "assist_dog_toilet": false}}, {"type": "Feature", "geometry": {"type": "Point", "coordinates": [139.7294756, 35.6624196]}, "properties": {"id": "af-accommodation-191", "category": "宿泊", "name": "アクトホテル六本木", "address": "港区六本木7-17-15", "url": "https://www.act-hotel.com/roppongi/rooms/universal-double-room/", "accessible_toilet": false, "ostomate": true, "elevator": true, "slope": true, "braille_block": false, "wheelchair_parking": false, "diaper_change": true, "assist_dog_toilet": false}}, {"type": "Feature", "geometry": {"type": "Point", "coordinates": [139.785579, 35.69396]}, "properties": {"id": "af-accommodation-192", "category": "宿泊", "name": "R＆Bホテル東日本橋", "address": "中央区東日本橋2-15-6", "url": "http://randb.jp/nihonbashi/", "accessible_toilet": false, "ostomate": false, "elevator": true, "slope": false, "braille_block": false, "wheelchair_parking": true, "diaper_change": false, "assist_dog_toilet": false}}, {"type": "Feature", "geometry": {"type": "Point", "coordinates": [139.729268, 35.732217]}, "properties": {"id": "af-accommodation-193", "category": "宿泊", "name": "R＆Bホテル大塚駅北口", "address": "豊島区北大塚2-14-2", "url": "http://randb.jp/otsuka/", "accessible_toilet": false, "ostomate": false, "elevator": true, "slope": true, "braille_block": true, "wheelchair_parking": false, "diaper_change": false, "assist_dog_toilet": false}}, {"type": "Feature", "geometry": {"type": "Point", "coordinates": [139.771961, 35.707111]}, "properties": {"id": "af-accommodation-194", "category": "宿泊", "name": "R＆Bホテル上野広小路", "address": "台東区上野1-18-8", "url": "http://randb.jp/ueno/", "accessible_toilet": false, "ostomate": false, "elevator": true, "slope": true, "braille_block": false, "wheelchair_parking": false, "diaper_change": false, "assist_dog_toilet": false}}, {"type": "Feature", "geometry": {"type": "Point", "coordinates": [139.694016, 35.689954]}, "properties": {"id": "af-accommodation-196", "category": "宿泊", "name": "京王プラザホテル", "address": "新宿区西新宿2-2-1", "url": "https://www.keioplaza.co.jp/guide/universal/", "accessible_toilet": false, "ostomate": true, "elevator": true, "slope": true, "braille_block": true, "wheelchair_parking": true, "diaper_change": true, "assist_dog_toilet": true}}, {"type": "Feature", "geometry": {"type": "Point", "coordinates": [139.7576, 35.672515]}, "properties": {"id": "af-accommodation-197", "category": "宿泊", "name": "帝国ホテル東京", "address": "千代田区内幸町1－1－1", "url": "https://www.imperialhotel.co.jp/j/tokyo/index.html", "accessible_toilet": false, "ostomate": true, "elevator": true, "slope": true, "braille_block": false, "wheelchair_parking": true, "diaper_change": true, "assist_dog_toilet": true}}, {"type": "Feature", "geometry": {"type": "Point", "coordinates": [139.722619, 35.710472]}, "properties": {"id": "af-accommodation-198", "category": "宿泊", "name": "リーガロイヤルホテル東京", "address": "新宿区戸塚町1－104－19", "url": "https://www.rihga.co.jp/tokyo", "accessible_toilet": false, "ostomate": false, "elevator": true, "slope": true, "braille_block": false, "wheelchair_parking": true, "diaper_change": true, "assist_dog_toilet": false}}, {"type": "Feature", "geometry": {"type": "Point", "coordinates": [139.749586, 35.666824]}, "properties": {"id": "af-accommodation-199", "category": "宿泊", "name": "アンダーズ東京", "address": "港区虎ノ門1-23-4 虎ノ門ヒルズ 森タワー", "url": "https://www.hyatt.com/ja-JP/hotel/japan/andaz-tokyo-toranomon-hills/tyoaz", "accessible_toilet": false, "ostomate": true, "elevator": true, "slope": true, "braille_block": false, "wheelchair_parking": true, "diaper_change": true, "assist_dog_toilet": false}}, {"type": "Feature", "geometry": {"type": "Point", "coordinates": [139.728289, 35.659667]}, "properties": {"id": "af-accommodation-200", "category": "宿泊", "name": "グランド　ハイアット　東京", "address": "港区六本木6-10-3", "url": "https://www.hyatt.com/ja-JP/hotel/japan/grand-hyatt-tokyo/tyogh", "accessible_toilet": false, "ostomate": false, "elevator": true, "slope": true, "braille_block": false, "wheelchair_parking": true, "diaper_change": true, "assist_dog_toilet": false}}, {"type": "Feature", "geometry": {"type": "Point", "coordinates": [139.424899, 35.623431]}, "properties": {"id": "af-accommodation-201", "category": "宿泊", "name": "京王プラザホテル多摩", "address": "多摩市落合1-43", "url": "https://www.keioplaza.co.jp/tama/", "accessible_toilet": false, "ostomate": false, "elevator": true, "slope": true, "braille_block": false, "wheelchair_parking": true, "diaper_change": true, "assist_dog_toilet": false}}, {"type": "Feature", "geometry": {"type": "Point", "coordinates": [139.766082, 35.681666]}, "properties": {"id": "af-accommodation-202", "category": "宿泊", "name": "東京ステーションホテル", "address": "千代田区丸の内1-9-1", "url": "https://www.tokyostationhotel.jp/", "accessible_toilet": false, "ostomate": false, "elevator": true, "slope": true, "braille_block": false, "wheelchair_parking": true, "diaper_change": true, "assist_dog_toilet": false}}, {"type": "Feature", "geometry": {"type": "Point", "coordinates": [139.726286, 35.712227]}, "properties": {"id": "af-accommodation-203", "category": "宿泊", "name": "ホテル椿山荘東京", "address": "文京区関口2-10-8", "url": "https://hotel-chinzanso-tokyo.jp/", "accessible_toilet": false, "ostomate": true, "elevator": true, "slope": true, "braille_block": false, "wheelchair_parking": true, "diaper_change": true, "assist_dog_toilet": false}}, {"type": "Feature", "geometry": {"type": "Point", "coordinates": [139.691371, 35.691099]}, "properties": {"id": "af-accommodation-204", "category": "宿泊", "name": "ハイアットリージェンシー東京", "address": "新宿区西新宿2-7-2", "url": "https://www.hyatt.com/ja-JP/hotel/japan/hyatt-regency-tokyo/tyoty", "accessible_toilet": false, "ostomate": true, "elevator": true, "slope": true, "braille_block": false, "wheelchair_parking": true, "diaper_change": true, "assist_dog_toilet": false}}, {"type": "Feature", "geometry": {"type": "Point", "coordinates": [139.743806, 35.667066]}, "properties": {"id": "af-accommodation-205", "category": "宿泊", "name": "The　Okura　Tokyo", "address": "港区虎ノ門2-10-4", "url": "https://theokuratokyo.jp/", "accessible_toilet": false, "ostomate": true, "elevator": true, "slope": true, "braille_block": true, "wheelchair_parking": true, "diaper_change": true, "assist_dog_toilet": false}}, {"type": "Feature", "geometry": {"type": "Point", "coordinates": [139.749036, 35.700651]}, "properties": {"id": "af-accommodation-206", "category": "宿泊", "name": "ホテルメトロポリタンエドモント", "address": "千代田区飯田橋3-10-8", "url": "https://edmont.metropolitan.jp/", "accessible_toilet": false, "ostomate": true, "elevator": true, "slope": false, "braille_block": false, "wheelchair_parking": true, "diaper_change": true, "assist_dog_toilet": false}}, {"type": "Feature", "geometry": {"type": "Point", "coordinates": [139.757815, 35.668537]}, "properties": {"id": "af-accommodation-207", "category": "宿泊", "name": "第一ホテル東京", "address": "港区新橋1-2-6", "url": "https://www.hankyu-hotel.com/hotel/dh/dhtokyo", "accessible_toilet": false, "ostomate": false, "elevator": true, "slope": true, "braille_block": false, "wheelchair_parking": false, "diaper_change": true, "assist_dog_toilet": false}}, {"type": "Feature", "geometry": {"type": "Point", "coordinates": [139.772, 35.698]}, "properties": {"id": "af-accommodation-208", "category": "宿泊", "name": "JR東日本ホテルメッツ秋葉原", "address": "千代田区外神田1-17-4", "url": "https://www.hotelmets.jp/akihabara/index.html", "accessible_toilet": false, "ostomate": true, "elevator": true, "slope": true, "braille_block": true, "wheelchair_parking": true, "diaper_change": true, "assist_dog_toilet": false}}, {"type": "Feature", "geometry": {"type": "Point", "coordinates": [139.739202, 35.672159]}, "properties": {"id": "af-accommodation-209", "category": "宿泊", "name": "変なホテル東京赤坂", "address": "港区赤坂2-6-14", "url": "https://www.hennnahotel.com/akasaka/", "accessible_toilet": false, "ostomate": true, "elevator": true, "slope": false, "braille_block": false, "wheelchair_parking": false, "diaper_change": true, "assist_dog_toilet": false}}, {"type": "Feature", "geometry": {"type": "Point", "coordinates": [139.78484, 35.697051]}, "properties": {"id": "af-accommodation-210", "category": "宿泊", "name": "変なホテル　浅草橋", "address": "台東区浅草橋1-10-5", "url": "https://www.hennnahotel.com/asakusabashi/", "accessible_toilet": false, "ostomate": false, "elevator": true, "slope": false, "braille_block": true, "wheelchair_parking": true, "diaper_change": true, "assist_dog_toilet": false}}, {"type": "Feature", "geometry": {"type": "Point", "coordinates": [139.791375, 35.708137]}, "properties": {"id": "af-accommodation-211", "category": "宿泊", "name": "変なホテル浅草田原町", "address": "台東区寿3-19-8", "url": "https://www.hennnahotel.com/asakusa-tawaramachi/", "accessible_toilet": false, "ostomate": false, "elevator": true, "slope": false, "braille_block": false, "wheelchair_parking": true, "diaper_change": true, "assist_dog_toilet": false}}, {"type": "Feature", "geometry": {"type": "Point", "coordinates": [139.756456, 35.657319]}, "properties": {"id": "af-accommodation-212", "category": "宿泊", "name": "変なホテル東京浜松町", "address": "港区浜松町1-24-11", "url": "https://www.hennnahotel.com/hamamatsucho/", "accessible_toilet": false, "ostomate": false, "elevator": true, "slope": false, "braille_block": false, "wheelchair_parking": true, "diaper_change": true, "assist_dog_toilet": false}}, {"type": "Feature", "geometry": {"type": "Point", "coordinates": [139.766659, 35.668844]}, "properties": {"id": "af-accommodation-213", "category": "宿泊", "name": "三井ガーデンホテル銀座五丁目", "address": "中央区銀座5-13-15", "url": "https://www.gardenhotels.co.jp/ginza-gochome/", "accessible_toilet": false, "ostomate": true, "elevator": true, "slope": false, "braille_block": true, "wheelchair_parking": false, "diaper_change": true, "assist_dog_toilet": false}}, {"type": "Feature", "geometry": {"type": "Point", "coordinates": [139.737902, 35.67365]}, "properties": {"id": "af-accommodation-214", "category": "宿泊", "name": "Hotel Hillarys Akasaka", "address": "港区赤坂3丁目12-5", "url": "http://www.hotel-hillarys.com/akasaka/", "accessible_toilet": false, "ostomate": false, "elevator": true, "slope": false, "braille_block": false, "wheelchair_parking": false, "diaper_change": true, "assist_dog_toilet": false}}, {"type": "Feature", "geometry": {"type": "Point", "coordinates": [139.765368, 35.673214]}, "properties": {"id": "af-accommodation-215", "category": "宿泊", "name": "MUJI　HOTEL　GINZA", "address": "中央区銀座3-3-5", "url": "https://hotel.muji.com/ginza/ja/", "accessible_toilet": false, "ostomate": true, "elevator": true, "slope": true, "braille_block": true, "wheelchair_parking": true, "diaper_change": true, "assist_dog_toilet": false}}, {"type": "Feature", "geometry": {"type": "Point", "coordinates": [139.874487, 35.662809]}, "properties": {"id": "af-accommodation-216", "category": "宿泊", "name": "ホテルイルフィオーレ葛西", "address": "江戸川区東葛西6-5-8", "url": "http://www.hotelilfiore.com/", "accessible_toilet": false, "ostomate": false, "elevator": true, "slope": false, "braille_block": true, "wheelchair_parking": true, "diaper_change": true, "assist_dog_toilet": false}}, {"type": "Feature", "geometry": {"type": "Point", "coordinates": [139.780562, 35.716087]}, "properties": {"id": "af-accommodation-217", "category": "宿泊", "name": "上野ホテル", "address": "台東区上野7-12-9", "url": "http://www.uenohotel.jp/", "accessible_toilet": false, "ostomate": true, "elevator": true, "slope": false, "braille_block": false, "wheelchair_parking": false, "diaper_change": false, "assist_dog_toilet": false}}, {"type": "Feature", "geometry": {"type": "Point", "coordinates": [139.778947, 35.666744]}, "properties": {"id": "af-accommodation-218", "category": "宿泊", "name": "銀座クレストン", "address": "中央区明石町8番", "url": "https://www.crestonhotel.jp/ginza/", "accessible_toilet": false, "ostomate": false, "elevator": true, "slope": false, "braille_block": false, "wheelchair_parking": false, "diaper_change": false, "assist_dog_toilet": false}}, {"type": "Feature", "geometry": {"type": "Point", "coordinates": [139.727515, 35.731656]}, "properties": {"id": "af-accommodation-219", "category": "宿泊", "name": "ホテルベルクラシック東京", "address": "豊島区南大塚3-33-6", "url": "https://hotel-bellclassic.co.jp/", "accessible_toilet": false, "ostomate": true, "elevator": true, "slope": true, "braille_block": false, "wheelchair_parking": true, "diaper_change": true, "assist_dog_toilet": false}}, {"type": "Feature", "geometry": {"type": "Point", "coordinates": [139.813468, 33.125097]}, "properties": {"id": "af-accommodation-220", "category": "宿泊", "name": "ロッジオーシャン八丈島", "address": "八丈町三根1291-18", "url": "https://www.lodgeocean.net/", "accessible_toilet": false, "ostomate": false, "elevator": false, "slope": true, "braille_block": false, "wheelchair_parking": false, "diaper_change": false, "assist_dog_toilet": false}}, {"type": "Feature", "geometry": {"type": "Point", "coordinates": [139.781504, 33.093]}, "properties": {"id": "af-accommodation-221", "category": "宿泊", "name": "ノーガホテル 上野 東京", "address": "八丈町大賀郷930-2", "url": "http://mantenbo.net/", "accessible_toilet": false, "ostomate": false, "elevator": false, "slope": true, "braille_block": false, "wheelchair_parking": false, "diaper_change": false, "assist_dog_toilet": false}}, {"type": "Feature", "geometry": {"type": "Point", "coordinates": [139.815377, 33.122884]}, "properties": {"id": "af-accommodation-222", "category": "宿泊", "name": "リゾート　シーピロス", "address": "八丈町三根1304-3", "url": "http://www.seapiross.co.jp/", "accessible_toilet": false, "ostomate": false, "elevator": false, "slope": false, "braille_block": false, "wheelchair_parking": false, "diaper_change": false, "assist_dog_toilet": false}}, {"type": "Feature", "geometry": {"type": "Point", "coordinates": [139.301552, 35.777397]}, "properties": {"id": "af-accommodation-223", "category": "宿泊", "name": "ホテル　サーティーマイルズ", "address": "羽村市小作台1-4-1", "url": "http://www.30-miles.com", "accessible_toilet": false, "ostomate": false, "elevator": true, "slope": false, "braille_block": false, "wheelchair_parking": false, "diaper_change": false, "assist_dog_toilet": false}}, {"type": "Feature", "geometry": {"type": "Point", "coordinates": [139.724, 35.562962]}, "properties": {"id": "af-accommodation-224", "category": "宿泊", "name": "アイホテル京急蒲田", "address": "大田区蒲田3-15-12", "url": "https://www.aihotel.jp/kamata/", "accessible_toilet": false, "ostomate": true, "elevator": true, "slope": true, "braille_block": true, "wheelchair_parking": false, "diaper_change": true, "assist_dog_toilet": false}}, {"type": "Feature", "geometry": {"type": "Point", "coordinates": [139.361532, 34.79511]}, "properties": {"id": "af-accommodation-225", "category": "宿泊", "name": "ホテル　パームビーチ", "address": "大島町岡田新開205", "url": "https://palm-beach.jp/", "accessible_toilet": false, "ostomate": false, "elevator": false, "slope": false, "braille_block": false, "wheelchair_parking": false, "diaper_change": false, "assist_dog_toilet": false}}, {"type": "Feature", "geometry": {"type": "Point", "coordinates": [139.51737, 35.677655]}, "properties": {"id": "af-accommodation-226", "category": "宿泊", "name": "ビジネス・イン・グランドール府中別館", "address": "府中市紅葉丘3-41-6", "url": "https://grandeur-fuchu.com/", "accessible_toilet": false, "ostomate": false, "elevator": true, "slope": false, "braille_block": false, "wheelchair_parking": false, "diaper_change": false, "assist_dog_toilet": false}}, {"type": "Feature", "geometry": {"type": "Point", "coordinates": [139.749208, 35.645067]}, "properties": {"id": "af-accommodation-227", "category": "宿泊", "name": "プルマン東京田町", "address": "港区芝浦3-1-21", "url": "https://www.pullmantokyotamachi.com", "accessible_toilet": false, "ostomate": true, "elevator": true, "slope": false, "braille_block": true, "wheelchair_parking": true, "diaper_change": true, "assist_dog_toilet": false}}, {"type": "Feature", "geometry": {"type": "Point", "coordinates": [139.789305, 35.68464]}, "properties": {"id": "af-accommodation-228", "category": "宿泊", "name": "HAMACHO HOTEL", "address": "中央区日本橋浜町3-20-2", "url": "https://hamachohotel.jp/", "accessible_toilet": false, "ostomate": true, "elevator": true, "slope": false, "braille_block": false, "wheelchair_parking": false, "diaper_change": true, "assist_dog_toilet": false}}, {"type": "Feature", "geometry": {"type": "Point", "coordinates": [139.769149, 35.672265]}, "properties": {"id": "af-accommodation-229", "category": "宿泊", "name": "ザ・スクエアホテル銀座", "address": "中央区銀座2-11-6", "url": "https://www.the-squarehotel.com/sgi/", "accessible_toilet": false, "ostomate": true, "elevator": true, "slope": false, "braille_block": true, "wheelchair_parking": true, "diaper_change": false, "assist_dog_toilet": false}}, {"type": "Feature", "geometry": {"type": "Point", "coordinates": [139.724829, 35.559741]}, "properties": {"id": "af-accommodation-230", "category": "宿泊", "name": "ホテルオリエンタルエクスプレス東京蒲田", "address": "大田区南蒲田1-3-15", "url": "https://tokyokamata.hotelorientalexpress.com/room", "accessible_toilet": false, "ostomate": false, "elevator": true, "slope": true, "braille_block": false, "wheelchair_parking": true, "diaper_change": true, "assist_dog_toilet": false}}, {"type": "Feature", "geometry": {"type": "Point", "coordinates": [139.754387, 35.660812]}, "properties": {"id": "af-accommodation-231", "category": "宿泊", "name": "ホテルウィングインターナショナル新橋御成門", "address": "港区新橋6-20-8", "url": "https://www.hotelwing.co.jp/shimbashi-onarimon", "accessible_toilet": false, "ostomate": true, "elevator": true, "slope": false, "braille_block": false, "wheelchair_parking": true, "diaper_change": true, "assist_dog_toilet": false}}, {"type": "Feature", "geometry": {"type": "Point", "coordinates": [139.756286, 35.669056]}, "properties": {"id": "af-accommodation-232", "category": "宿泊", "name": "THE BLOSSOM HIBIYA （ザ ブラッサム 日比谷）", "address": "港区新橋1-1-13", "url": "https://www.jrk-hotels.co.jp/Hibiya/", "accessible_toilet": false, "ostomate": true, "elevator": true, "slope": false, "braille_block": true, "wheelchair_parking": false, "diaper_change": false, "assist_dog_toilet": false}}, {"type": "Feature", "geometry": {"type": "Point", "coordinates": [139.77403, 35.691723]}, "properties": {"id": "af-accommodation-234", "category": "宿泊", "name": "相鉄フレッサイン東京神田", "address": "千代田区神田紺屋町8-1", "url": "https://fresa-inn.jp/kanda/room.html", "accessible_toilet": false, "ostomate": true, "elevator": true, "slope": false, "braille_block": true, "wheelchair_parking": false, "diaper_change": false, "assist_dog_toilet": false}}, {"type": "Feature", "geometry": {"type": "Point", "coordinates": [139.761563, 35.667105]}, "properties": {"id": "af-accommodation-235", "category": "宿泊", "name": "からくさホテルプレミア東京銀座", "address": "港区新橋1-6-6", "url": "https://karaksahotels.com/ginza/", "accessible_toilet": false, "ostomate": true, "elevator": true, "slope": false, "braille_block": false, "wheelchair_parking": true, "diaper_change": true, "assist_dog_toilet": false}}, {"type": "Feature", "geometry": {"type": "Point", "coordinates": [139.762448, 35.667416]}, "properties": {"id": "af-accommodation-236", "category": "宿泊", "name": "レムプラス銀座", "address": "中央区銀座8-11-11", "url": "https://www.hankyu-hotel.com/hotel/remm/ginza/", "accessible_toilet": false, "ostomate": true, "elevator": true, "slope": false, "braille_block": true, "wheelchair_parking": false, "diaper_change": true, "assist_dog_toilet": false}}, {"type": "Feature", "geometry": {"type": "Point", "coordinates": [139.727431, 35.686892]}, "properties": {"id": "af-accommodation-238", "category": "宿泊", "name": "ホテル京阪 東京四谷", "address": "新宿区四谷1-24", "url": "https://www.hotelkeihan.co.jp/yotsuya/guestroom/universal/", "accessible_toilet": false, "ostomate": true, "elevator": true, "slope": false, "braille_block": false, "wheelchair_parking": false, "diaper_change": true, "assist_dog_toilet": false}}, {"type": "Feature", "geometry": {"type": "Point", "coordinates": [139.795377, 35.709549]}, "properties": {"id": "af-accommodation-239", "category": "宿泊", "name": "ホテルグレイスリー浅草", "address": "台東区雷門2-10-2", "url": "https://gracery.com/asakusa/stay/room", "accessible_toilet": false, "ostomate": true, "elevator": true, "slope": true, "braille_block": true, "wheelchair_parking": false, "diaper_change": true, "assist_dog_toilet": false}}, {"type": "Feature", "geometry": {"type": "Point", "coordinates": [139.355991, 34.755717]}, "properties": {"id": "af-accommodation-240", "category": "宿泊", "name": "バリアフリーペンション「すばる」", "address": "大島町元町1-23-6", "url": "https://userweb.www.fsinet.or.jp/subaru/", "accessible_toilet": false, "ostomate": false, "elevator": false, "slope": true, "braille_block": false, "wheelchair_parking": false, "diaper_change": false, "assist_dog_toilet": false}}, {"type": "Feature", "geometry": {"type": "Point", "coordinates": [139.743522, 35.700821]}, "properties": {"id": "af-accommodation-241", "category": "宿泊", "name": "東京セントラルユースホステル", "address": "新宿区神楽河岸1-1　セントラルプラザ18階", "url": "http://www.jyh.gr.jp/tcyh", "accessible_toilet": false, "ostomate": false, "elevator": true, "slope": false, "braille_block": true, "wheelchair_parking": false, "diaper_change": false, "assist_dog_toilet": false}}, {"type": "Feature", "geometry": {"type": "Point", "coordinates": [139.792508, 35.634592]}, "properties": {"id": "af-accommodation-242", "category": "宿泊", "name": "ダイワロイネットホテル東京有明", "address": "江東区有明3-7-3", "url": "https://www.daiwaroynet.jp/ariake/room", "accessible_toilet": false, "ostomate": true, "elevator": true, "slope": false, "braille_block": true, "wheelchair_parking": true, "diaper_change": true, "assist_dog_toilet": false}}, {"type": "Feature", "geometry": {"type": "Point", "coordinates": [139.770388, 35.686604]}, "properties": {"id": "af-accommodation-243", "category": "宿泊", "name": "Jホテル東京ジオ", "address": "中央区日本橋本石町3-1-6", "url": "http://www.jhoteltokyogeo.com/", "accessible_toilet": false, "ostomate": true, "elevator": true, "slope": false, "braille_block": true, "wheelchair_parking": true, "diaper_change": true, "assist_dog_toilet": false}}, {"type": "Feature", "geometry": {"type": "Point", "coordinates": [139.761574, 35.672949]}, "properties": {"id": "af-accommodation-244", "category": "宿泊", "name": "ザ・ゲートホテル東京 by HULIC", "address": "千代田区有楽町2-2-3", "url": "https://www.gate-hotel.jp/tokyo/", "accessible_toilet": false, "ostomate": true, "elevator": true, "slope": false, "braille_block": true, "wheelchair_parking": false, "diaper_change": false, "assist_dog_toilet": false}}, {"type": "Feature", "geometry": {"type": "Point", "coordinates": [139.795259, 35.710766]}, "properties": {"id": "af-accommodation-245", "category": "宿泊", "name": "ザ・ゲートホテル雷門 by HULIC", "address": "台東区雷門2-16-11", "url": "https://www.gate-hotel.jp/asakusa-kaminarimon/", "accessible_toilet": false, "ostomate": true, "elevator": true, "slope": false, "braille_block": true, "wheelchair_parking": true, "diaper_change": true, "assist_dog_toilet": false}}, {"type": "Feature", "geometry": {"type": "Point", "coordinates": [139.7541533, 35.6574283]}, "properties": {"id": "af-accommodation-246", "category": "宿泊", "name": "京急EXイン　浜松町・大門駅前", "address": "港区芝大門1-15-4", "url": "https://www.keikyu-exinn.co.jp/hotel/daimon/", "accessible_toilet": false, "ostomate": true, "elevator": true, "slope": false, "braille_block": false, "wheelchair_parking": false, "diaper_change": true, "assist_dog_toilet": false}}, {"type": "Feature", "geometry": {"type": "Point", "coordinates": [139.780145, 35.68504]}, "properties": {"id": "af-accommodation-248", "category": "宿泊", "name": "ヴィアイン日本橋人形町", "address": "中央区日本橋小綱町16-12", "url": "https://www.viainn.com/nihonbashi-n/", "accessible_toilet": false, "ostomate": true, "elevator": true, "slope": false, "braille_block": false, "wheelchair_parking": false, "diaper_change": true, "assist_dog_toilet": false}}, {"type": "Feature", "geometry": {"type": "Point", "coordinates": [139.816036, 35.71178]}, "properties": {"id": "af-accommodation-249", "category": "宿泊", "name": "ONE@Tokyo", "address": "墨田区押上1-19-3", "url": "https://www.onetokyo.com/", "accessible_toilet": false, "ostomate": true, "elevator": true, "slope": true, "braille_block": true, "wheelchair_parking": true, "diaper_change": true, "assist_dog_toilet": false}}, {"type": "Feature", "geometry": {"type": "Point", "coordinates": [139.735521, 35.671187]}, "properties": {"id": "af-accommodation-250", "category": "宿泊", "name": "相鉄フレッサイン東京赤坂", "address": "港区赤坂6-3-17", "url": "https://fresa-inn.jp/akasaka/", "accessible_toilet": false, "ostomate": true, "elevator": true, "slope": true, "braille_block": true, "wheelchair_parking": true, "diaper_change": true, "assist_dog_toilet": false}}, {"type": "Feature", "geometry": {"type": "Point", "coordinates": [139.768553, 35.67003]}, "properties": {"id": "af-accommodation-251", "category": "宿泊", "name": "クインテッサホテル東京銀座", "address": "中央区銀座4-11-4", "url": "https://quintessahotels.com/ginza/", "accessible_toilet": false, "ostomate": false, "elevator": true, "slope": false, "braille_block": true, "wheelchair_parking": false, "diaper_change": false, "assist_dog_toilet": false}}, {"type": "Feature", "geometry": {"type": "Point", "coordinates": [139.790221, 35.683282]}, "properties": {"id": "af-accommodation-252", "category": "宿泊", "name": "エスペリアイン日本橋箱崎", "address": "中央区日本橋中洲4-9", "url": "https://www.s-peria-inn.com/nihombashi/", "accessible_toilet": false, "ostomate": false, "elevator": true, "slope": true, "braille_block": false, "wheelchair_parking": true, "diaper_change": true, "assist_dog_toilet": false}}, {"type": "Feature", "geometry": {"type": "Point", "coordinates": [139.7, 35.7]}, "properties": {"id": "af-accommodation-253", "category": "宿泊", "name": "ヴィアイン飯田橋後楽園", "address": "新宿区新小川町4-11", "url": "https://www.viainn.com/iidabashi-k/", "accessible_toilet": false, "ostomate": false, "elevator": true, "slope": true, "braille_block": true, "wheelchair_parking": false, "diaper_change": false, "assist_dog_toilet": false}}, {"type": "Feature", "geometry": {"type": "Point", "coordinates": [139.82739, 35.645223]}, "properties": {"id": "af-accommodation-254", "category": "宿泊", "name": "JR東日本ホテルメッツ東京ベイ新木場", "address": "江東区新木場1-6-1", "url": "https://www.hotelmets.jp/shinkiba/index.html", "accessible_toilet": false, "ostomate": true, "elevator": true, "slope": false, "braille_block": true, "wheelchair_parking": true, "diaper_change": false, "assist_dog_toilet": false}}, {"type": "Feature", "geometry": {"type": "Point", "coordinates": [139.7337748, 35.6621049]}, "properties": {"id": "af-accommodation-255", "category": "宿泊", "name": "三井ガーデンホテル六本木プレミア", "address": "港区六本木3-15-17", "url": "https://www.gardenhotels.co.jp/roppongi-premier/", "accessible_toilet": false, "ostomate": true, "elevator": true, "slope": true, "braille_block": true, "wheelchair_parking": false, "diaper_change": false, "assist_dog_toilet": false}}, {"type": "Feature", "geometry": {"type": "Point", "coordinates": [139.861378, 35.662405]}, "properties": {"id": "af-accommodation-256", "category": "宿泊", "name": "ホテルルミエール西葛西", "address": "江戸川区西葛西6-20-3", "url": "https://www.hotel-lumiere.jp/nishikasai/", "accessible_toilet": false, "ostomate": false, "elevator": true, "slope": true, "braille_block": false, "wheelchair_parking": true, "diaper_change": false, "assist_dog_toilet": false}}, {"type": "Feature", "geometry": {"type": "Point", "coordinates": [139.877871, 35.759635]}, "properties": {"id": "af-accommodation-257", "category": "宿泊", "name": "SHIBAMATA FU-TEN BED AND LOCAL", "address": "葛飾区柴又7-12-19", "url": "http://shibamatafuten.com/", "accessible_toilet": false, "ostomate": true, "elevator": false, "slope": true, "braille_block": true, "wheelchair_parking": false, "diaper_change": true, "assist_dog_toilet": false}}, {"type": "Feature", "geometry": {"type": "Point", "coordinates": [139.715711, 35.680405]}, "properties": {"id": "af-accommodation-258", "category": "宿泊", "name": "三井ガーデンホテル神宮外苑の杜プレミア", "address": "新宿区霞ヶ丘町11-3", "url": "https://www.gardenhotels.co.jp/jingugaientokyo-premier/", "accessible_toilet": false, "ostomate": true, "elevator": true, "slope": true, "braille_block": false, "wheelchair_parking": true, "diaper_change": false, "assist_dog_toilet": false}}, {"type": "Feature", "geometry": {"type": "Point", "coordinates": [139.713121, 35.691049]}, "properties": {"id": "af-accommodation-259", "category": "宿泊", "name": "シタディーン新宿東京", "address": "新宿区新宿1-28-13", "url": "https://www.citadines.com/jc/japan/tokyo/citadines-shinjuku-tokyo.html", "accessible_toilet": false, "ostomate": false, "elevator": true, "slope": true, "braille_block": false, "wheelchair_parking": false, "diaper_change": true, "assist_dog_toilet": false}}, {"type": "Feature", "geometry": {"type": "Point", "coordinates": [139.813453, 35.693541]}, "properties": {"id": "af-accommodation-260", "category": "宿泊", "name": "Moxy Tokyo Kinshicho", "address": "墨田区江東橋3-4-2", "url": "https://www.marriott.co.jp/hotels/travel/tyoox-moxy-tokyo-kinshicho/", "accessible_toilet": false, "ostomate": false, "elevator": true, "slope": false, "braille_block": true, "wheelchair_parking": false, "diaper_change": true, "assist_dog_toilet": false}}, {"type": "Feature", "geometry": {"type": "Point", "coordinates": [139.772935, 35.727939]}, "properties": {"id": "af-accommodation-261", "category": "宿泊", "name": "アートホテル日暮里　ラングウッド", "address": "荒川区東日暮里5-50-5", "url": "https://art-nippori-lungwood.com/", "accessible_toilet": false, "ostomate": false, "elevator": true, "slope": false, "braille_block": false, "wheelchair_parking": false, "diaper_change": true, "assist_dog_toilet": false}}, {"type": "Feature", "geometry": {"type": "Point", "coordinates": [139.3647223, 35.718821]}, "properties": {"id": "af-accommodation-263", "category": "宿泊", "name": "フォレスト・イン昭和館", "address": "昭島市代官山1丁目3番1号", "url": "https://www.showakan.co.jp/", "accessible_toilet": false, "ostomate": false, "elevator": true, "slope": false, "braille_block": false, "wheelchair_parking": true, "diaper_change": false, "assist_dog_toilet": false}}, {"type": "Feature", "geometry": {"type": "Point", "coordinates": [139.8125, 35.674488]}, "properties": {"id": "af-accommodation-264", "category": "宿泊", "name": "ホテル イースト21東京", "address": "江東区東陽6-3-3", "url": "https://www.hotel-east21.co.jp/stay/", "accessible_toilet": false, "ostomate": false, "elevator": true, "slope": false, "braille_block": false, "wheelchair_parking": true, "diaper_change": false, "assist_dog_toilet": false}}, {"type": "Feature", "geometry": {"type": "Point", "coordinates": [139.7845785, 35.6469156]}, "properties": {"id": "af-accommodation-265", "category": "宿泊", "name": "ホテルJALシティ東京豊洲", "address": "江東区豊洲6-4-20", "url": "https://www.tokyo-toyosu.hoteljalcity.com/rooms/regularfloor/", "accessible_toilet": false, "ostomate": true, "elevator": true, "slope": false, "braille_block": false, "wheelchair_parking": true, "diaper_change": true, "assist_dog_toilet": false}}, {"type": "Feature", "geometry": {"type": "Point", "coordinates": [139.7410378, 35.67413956]}, "properties": {"id": "af-accommodation-266", "category": "宿泊", "name": "ザ・キャピトルホテル東急", "address": "千代田区永田町2-10-3", "url": "https://www.tokyuhotels.co.jp/capitol-h/room/52041/index.html", "accessible_toilet": false, "ostomate": true, "elevator": true, "slope": true, "braille_block": false, "wheelchair_parking": true, "diaper_change": true, "assist_dog_toilet": false}}, {"type": "Feature", "geometry": {"type": "Point", "coordinates": [139.7448448, 35.5517846]}, "properties": {"id": "af-accommodation-267", "category": "宿泊", "name": "【休業中】ホテルJALシティ羽田　ウエストウィング", "address": "大田区羽田旭町4-16", "url": "https://www.haneda-hotel.com/", "accessible_toilet": false, "ostomate": false, "elevator": true, "slope": false, "braille_block": false, "wheelchair_parking": false, "diaper_change": false, "assist_dog_toilet": false}}, {"type": "Feature", "geometry": {"type": "Point", "coordinates": [139.7045933, 35.69163306]}, "properties": {"id": "af-shopping-0", "category": "買い物", "name": "伊勢丹新宿本店", "address": "新宿区新宿3-14-1", "url": "https://www.isetan.mistore.jp/shinjuku.html", "accessible_toilet": true, "ostomate": true, "elevator": true, "slope": false, "braille_block": false, "wheelchair_parking": true, "diaper_change": true, "assist_dog_toilet": false}}, {"type": "Feature", "geometry": {"type": "Point", "coordinates": [139.7014075, 35.68856722]}, "properties": {"id": "af-shopping-1", "category": "買い物", "name": "ニュウマン新宿", "address": "新宿区新宿4-1-6", "url": "https://www.newoman.jp/shinjuku/", "accessible_toilet": true, "ostomate": true, "elevator": true, "slope": false, "braille_block": false, "wheelchair_parking": false, "diaper_change": true, "assist_dog_toilet": false}}, {"type": "Feature", "geometry": {"type": "Point", "coordinates": [139.7022725, 35.68747806]}, "properties": {"id": "af-shopping-2", "category": "買い物", "name": "タイムズスクエアビル（新宿高島屋）", "address": "渋谷区千駄ヶ谷5-24-2", "url": "-", "accessible_toilet": true, "ostomate": true, "elevator": true, "slope": false, "braille_block": true, "wheelchair_parking": true, "diaper_change": true, "assist_dog_toilet": false}}, {"type": "Feature", "geometry": {"type": "Point", "coordinates": [139.7030233, 35.69223444]}, "properties": {"id": "af-shopping-3", "category": "買い物", "name": "紀伊國屋ビル（紀伊國屋書店新宿本店）", "address": "新宿区新宿3-17-7", "url": "https://store.kinokuniya.co.jp/store/shinjuku-main-store/", "accessible_toilet": true, "ostomate": false, "elevator": true, "slope": false, "braille_block": false, "wheelchair_parking": false, "diaper_change": true, "assist_dog_toilet": false}}, {"type": "Feature", "geometry": {"type": "Point", "coordinates": [139.7640675, 35.66957417]}, "properties": {"id": "af-shopping-4", "category": "買い物", "name": "GINZA SIX", "address": "中央区銀座6-10-1", "url": "https://ginza6.tokyo/", "accessible_toilet": true, "ostomate": true, "elevator": true, "slope": true, "braille_block": true, "wheelchair_parking": true, "diaper_change": true, "assist_dog_toilet": false}}, {"type": "Feature", "geometry": {"type": "Point", "coordinates": [139.7657053, 35.67133194]}, "properties": {"id": "af-shopping-5", "category": "買い物", "name": "三越銀座店", "address": "中央区銀座4-6-16", "url": "https://www.mitsukoshi.mistore.jp/ginza.html", "accessible_toilet": true, "ostomate": true, "elevator": true, "slope": false, "braille_block": false, "wheelchair_parking": true, "diaper_change": true, "assist_dog_toilet": false}}, {"type": "Feature", "geometry": {"type": "Point", "coordinates": [139.7666547, 35.67226611]}, "properties": {"id": "af-shopping-6", "category": "買い物", "name": "松屋銀座", "address": "中央区銀座3-6-1", "url": "https://www.matsuya.com/ginza/", "accessible_toilet": true, "ostomate": true, "elevator": true, "slope": false, "braille_block": false, "wheelchair_parking": true, "diaper_change": true, "assist_dog_toilet": false}}, {"type": "Feature", "geometry": {"type": "Point", "coordinates": [139.7035447, 35.65900944]}, "properties": {"id": "af-shopping-7", "category": "買い物", "name": "渋谷ヒカリエ", "address": "渋谷区渋谷2-21-1", "url": "http://www.hikarie.jp/", "accessible_toilet": true, "ostomate": true, "elevator": true, "slope": false, "braille_block": true, "wheelchair_parking": true, "diaper_change": true, "assist_dog_toilet": false}}, {"type": "Feature", "geometry": {"type": "Point", "coordinates": [139.69877, 35.65957472]}, "properties": {"id": "af-shopping-8", "category": "買い物", "name": "SHIBUYA109", "address": "渋谷区道玄坂2-29-1", "url": "https://www.shibuya109.jp/", "accessible_toilet": true, "ostomate": true, "elevator": true, "slope": false, "braille_block": true, "wheelchair_parking": false, "diaper_change": true, "assist_dog_toilet": false}}, {"type": "Feature", "geometry": {"type": "Point", "coordinates": [139.7030683, 35.65722306]}, "properties": {"id": "af-shopping-9", "category": "買い物", "name": "渋谷ストリーム", "address": "渋谷区渋谷3-21-3", "url": "https://shibuyastream.jp/", "accessible_toilet": true, "ostomate": true, "elevator": true, "slope": false, "braille_block": true, "wheelchair_parking": true, "diaper_change": true, "assist_dog_toilet": false}}, {"type": "Feature", "geometry": {"type": "Point", "coordinates": [139.7022597, 35.6583725]}, "properties": {"id": "af-shopping-10", "category": "買い物", "name": "渋谷スクランブルスクエア（ショップ＆レストラン）", "address": "渋谷区渋谷2-24-12", "url": "https://shibuya-scramble-square.com/", "accessible_toilet": true, "ostomate": true, "elevator": true, "slope": false, "braille_block": true, "wheelchair_parking": false, "diaper_change": true, "assist_dog_toilet": false}}, {"type": "Feature", "geometry": {"type": "Point", "coordinates": [139.700275, 35.65772667]}, "properties": {"id": "af-shopping-11", "category": "買い物", "name": "渋谷フクラス　東急プラザ渋谷", "address": "渋谷区道玄坂1-2-3", "url": "https://shibuya-fukuras.jp/", "accessible_toilet": true, "ostomate": true, "elevator": true, "slope": false, "braille_block": true, "wheelchair_parking": true, "diaper_change": true, "assist_dog_toilet": false}}, {"type": "Feature", "geometry": {"type": "Point", "coordinates": [139.69875, 35.66202833]}, "properties": {"id": "af-shopping-12", "category": "買い物", "name": "渋谷パルコ", "address": "渋谷区宇田川町15-1", "url": "https://shibuya.parco.jp/", "accessible_toilet": true, "ostomate": true, "elevator": true, "slope": false, "braille_block": true, "wheelchair_parking": false, "diaper_change": true, "assist_dog_toilet": false}}, {"type": "Feature", "geometry": {"type": "Point", "coordinates": [139.6978989, 35.66203056]}, "properties": {"id": "af-shopping-13", "category": "買い物", "name": "ハンズ渋谷店", "address": "渋谷区宇田川町12-18", "url": "https://shibuya.hands.net/", "accessible_toilet": true, "ostomate": true, "elevator": true, "slope": false, "braille_block": true, "wheelchair_parking": false, "diaper_change": true, "assist_dog_toilet": false}}, {"type": "Feature", "geometry": {"type": "Point", "coordinates": [139.7709953, 35.69870389]}, "properties": {"id": "af-shopping-14", "category": "買い物", "name": "GiGO秋葉原1号館", "address": "千代田区外神田1-10-9", "url": "https://tempo.sega.jp/am/akiba-1/", "accessible_toilet": false, "ostomate": false, "elevator": true, "slope": true, "braille_block": true, "wheelchair_parking": false, "diaper_change": false, "assist_dog_toilet": false}}, {"type": "Feature", "geometry": {"type": "Point", "coordinates": [139.7741439, 35.70358194]}, "properties": {"id": "af-shopping-15", "category": "買い物", "name": "2k540 AKI-OKA ARTISAN", "address": "台東区上野5-9-23", "url": "http://www.jrtk.jp/2k540/", "accessible_toilet": true, "ostomate": false, "elevator": false, "slope": false, "braille_block": false, "wheelchair_parking": true, "diaper_change": true, "assist_dog_toilet": false}}, {"type": "Feature", "geometry": {"type": "Point", "coordinates": [139.7651147, 35.67977083]}, "properties": {"id": "af-shopping-16", "category": "買い物", "name": "ＫＩＴＴＥ", "address": "千代田区丸の内2-7-2", "url": "http://jptower-kitte.jp/", "accessible_toilet": true, "ostomate": true, "elevator": true, "slope": false, "braille_block": true, "wheelchair_parking": true, "diaper_change": true, "assist_dog_toilet": false}}, {"type": "Feature", "geometry": {"type": "Point", "coordinates": [139.7643208, 35.68257111]}, "properties": {"id": "af-shopping-17", "category": "買い物", "name": "新丸の内ビル", "address": "千代田区丸の内1-5-1", "url": "https://www.marunouchi.com/", "accessible_toilet": true, "ostomate": true, "elevator": true, "slope": true, "braille_block": true, "wheelchair_parking": true, "diaper_change": true, "assist_dog_toilet": false}}, {"type": "Feature", "geometry": {"type": "Point", "coordinates": [139.7638311, 35.68108583]}, "properties": {"id": "af-shopping-18", "category": "買い物", "name": "丸の内ビル", "address": "千代田区丸の内2-4-1", "url": "https://www.marunouchi.com/", "accessible_toilet": true, "ostomate": false, "elevator": true, "slope": true, "braille_block": true, "wheelchair_parking": true, "diaper_change": true, "assist_dog_toilet": false}}, {"type": "Feature", "geometry": {"type": "Point", "coordinates": [139.7734233, 35.68561861]}, "properties": {"id": "af-shopping-19", "category": "買い物", "name": "三越日本橋本店", "address": "中央区日本橋室町1-4-1", "url": "https://www.mitsukoshi.mistore.jp/nihombashi.html", "accessible_toilet": true, "ostomate": true, "elevator": true, "slope": true, "braille_block": true, "wheelchair_parking": true, "diaper_change": true, "assist_dog_toilet": false}}, {"type": "Feature", "geometry": {"type": "Point", "coordinates": [139.773502, 35.68076]}, "properties": {"id": "af-shopping-20", "category": "買い物", "name": "日本橋髙島屋Ｓ．Ｃ．本館", "address": "中央区日本橋2-4-1", "url": "https://www.takashimaya.co.jp/nihombashi/", "accessible_toilet": true, "ostomate": true, "elevator": true, "slope": false, "braille_block": false, "wheelchair_parking": true, "diaper_change": true, "assist_dog_toilet": false}}, {"type": "Feature", "geometry": {"type": "Point", "coordinates": [139.7089328, 35.66721333]}, "properties": {"id": "af-shopping-21", "category": "買い物", "name": "表参道ヒルズ", "address": "渋谷区神宮前4-12-10", "url": "https://www.omotesandohills.com/", "accessible_toilet": true, "ostomate": false, "elevator": true, "slope": false, "braille_block": true, "wheelchair_parking": true, "diaper_change": true, "assist_dog_toilet": false}}, {"type": "Feature", "geometry": {"type": "Point", "coordinates": [139.7071917, 35.6671625]}, "properties": {"id": "af-shopping-22", "category": "買い物", "name": "オリエンタルバザー", "address": "渋谷区神宮前5-9-8", "url": "https://orientalbazaar.co.jp/", "accessible_toilet": false, "ostomate": false, "elevator": false, "slope": false, "braille_block": false, "wheelchair_parking": false, "diaper_change": false, "assist_dog_toilet": false}}, {"type": "Feature", "geometry": {"type": "Point", "coordinates": [139.7053717, 35.66909694]}, "properties": {"id": "af-shopping-23", "category": "買い物", "name": "ラフォーレ原宿", "address": "渋谷区神宮前1-11-6", "url": "https://www.laforet.ne.jp/", "accessible_toilet": true, "ostomate": false, "elevator": true, "slope": false, "braille_block": false, "wheelchair_parking": false, "diaper_change": true, "assist_dog_toilet": false}}, {"type": "Feature", "geometry": {"type": "Point", "coordinates": [139.7756661, 35.62522306]}, "properties": {"id": "af-shopping-24", "category": "買い物", "name": "ダイバーシティ東京プラザ", "address": "江東区青海 1-1-10", "url": "https://mitsui-shopping-park.com/divercity-tokyo/", "accessible_toilet": true, "ostomate": true, "elevator": true, "slope": false, "braille_block": true, "wheelchair_parking": true, "diaper_change": true, "assist_dog_toilet": false}}, {"type": "Feature", "geometry": {"type": "Point", "coordinates": [139.7755131, 35.62903694]}, "properties": {"id": "af-shopping-25", "category": "買い物", "name": "デックス東京ビーチ", "address": "港区台場1-6-1", "url": "https://www.odaiba-decks.com/", "accessible_toilet": true, "ostomate": true, "elevator": true, "slope": false, "braille_block": true, "wheelchair_parking": true, "diaper_change": true, "assist_dog_toilet": false}}, {"type": "Feature", "geometry": {"type": "Point", "coordinates": [139.7735672, 35.62778583]}, "properties": {"id": "af-shopping-26", "category": "買い物", "name": "アクアシティお台場", "address": "港区台場１-7-1", "url": "https://www.aquacity.jp/", "accessible_toilet": true, "ostomate": true, "elevator": true, "slope": false, "braille_block": true, "wheelchair_parking": true, "diaper_change": true, "assist_dog_toilet": false}}, {"type": "Feature", "geometry": {"type": "Point", "coordinates": [139.729245, 35.66040028]}, "properties": {"id": "af-shopping-27", "category": "買い物", "name": "六本木ヒルズ 森タワー", "address": "港区六本木6-10-1", "url": "https://www.roppongihills.com/", "accessible_toilet": true, "ostomate": true, "elevator": true, "slope": false, "braille_block": true, "wheelchair_parking": true, "diaper_change": true, "assist_dog_toilet": false}}, {"type": "Feature", "geometry": {"type": "Point", "coordinates": [139.731186, 35.666168]}, "properties": {"id": "af-shopping-28", "category": "買い物", "name": "東京ミッドタウン", "address": "港区赤坂9-7-1", "url": "https://www.tokyo-midtown.com/jp/", "accessible_toilet": true, "ostomate": true, "elevator": true, "slope": false, "braille_block": true, "wheelchair_parking": false, "diaper_change": true, "assist_dog_toilet": false}}, {"type": "Feature", "geometry": {"type": "Point", "coordinates": [139.740685, 35.628969]}, "properties": {"id": "af-shopping-29", "category": "買い物", "name": "アトレ品川", "address": "港区港南2-18-1", "url": "https://www.atre.co.jp/store/shinagawa", "accessible_toilet": true, "ostomate": true, "elevator": true, "slope": false, "braille_block": true, "wheelchair_parking": true, "diaper_change": true, "assist_dog_toilet": false}}, {"type": "Feature", "geometry": {"type": "Point", "coordinates": [139.762496, 35.664847]}, "properties": {"id": "af-shopping-30", "category": "買い物", "name": "カレッタ汐留", "address": "港区東新橋1-8-2", "url": "https://www.caretta.jp/", "accessible_toilet": true, "ostomate": true, "elevator": true, "slope": false, "braille_block": true, "wheelchair_parking": true, "diaper_change": true, "assist_dog_toilet": false}}, {"type": "Feature", "geometry": {"type": "Point", "coordinates": [139.7134322, 35.64217194]}, "properties": {"id": "af-shopping-31", "category": "買い物", "name": "恵比寿ガーデンプレイス", "address": "渋谷区恵比寿4-20", "url": "https://gardenplace.jp/", "accessible_toilet": true, "ostomate": true, "elevator": true, "slope": true, "braille_block": false, "wheelchair_parking": false, "diaper_change": true, "assist_dog_toilet": false}}, {"type": "Feature", "geometry": {"type": "Point", "coordinates": [139.709882, 35.647054]}, "properties": {"id": "af-shopping-32", "category": "買い物", "name": "アトレ恵比寿", "address": "渋谷区恵比寿南1-5-5", "url": "https://www.atre.co.jp/store/ebisu", "accessible_toilet": true, "ostomate": true, "elevator": true, "slope": false, "braille_block": false, "wheelchair_parking": true, "diaper_change": true, "assist_dog_toilet": false}}, {"type": "Feature", "geometry": {"type": "Point", "coordinates": [139.7029503, 35.64901833]}, "properties": {"id": "af-shopping-33", "category": "買い物", "name": "代官山アドレス・ディセ", "address": "渋谷区代官山町17-6", "url": "http://www.17dixsept.jp/", "accessible_toilet": true, "ostomate": true, "elevator": true, "slope": true, "braille_block": true, "wheelchair_parking": true, "diaper_change": true, "assist_dog_toilet": false}}, {"type": "Feature", "geometry": {"type": "Point", "coordinates": [139.5802383, 35.70274528]}, "properties": {"id": "af-shopping-34", "category": "買い物", "name": "キラリナ京王吉祥寺", "address": "武蔵野市吉祥寺南町2-1-25", "url": "http://www.kirarinakeiokichijoji.jp/", "accessible_toilet": true, "ostomate": true, "elevator": true, "slope": false, "braille_block": true, "wheelchair_parking": true, "diaper_change": true, "assist_dog_toilet": false}}, {"type": "Feature", "geometry": {"type": "Point", "coordinates": [139.811631, 35.710321]}, "properties": {"id": "af-shopping-35", "category": "買い物", "name": "東京ソラマチ", "address": "墨田区押上1-1-2", "url": "https://www.tokyo-solamachi.jp/", "accessible_toilet": true, "ostomate": true, "elevator": true, "slope": false, "braille_block": true, "wheelchair_parking": true, "diaper_change": true, "assist_dog_toilet": true}}, {"type": "Feature", "geometry": {"type": "Point", "coordinates": [139.3617994, 35.71729861]}, "properties": {"id": "af-shopping-36", "category": "買い物", "name": "モリパーク アウトドアヴィレッジ", "address": "昭島市代官山2-6-1", "url": "https://outdoorvillage.tokyo/", "accessible_toilet": true, "ostomate": true, "elevator": false, "slope": false, "braille_block": true, "wheelchair_parking": true, "diaper_change": true, "assist_dog_toilet": false}}, {"type": "Feature", "geometry": {"type": "Point", "coordinates": [139.697891, 35.689815]}, "properties": {"id": "af-shopping-37", "category": "買い物", "name": "ヨドバシカメラ新宿西口本店", "address": "新宿区西新宿1-11-1", "url": "https://www.yodobashi.com/", "accessible_toilet": true, "ostomate": false, "elevator": true, "slope": true, "braille_block": true, "wheelchair_parking": false, "diaper_change": true, "assist_dog_toilet": false}}, {"type": "Feature", "geometry": {"type": "Point", "coordinates": [139.701071, 35.66192]}, "properties": {"id": "af-shopping-38", "category": "買い物", "name": "タワーレコード 渋谷店", "address": "渋谷区神南1-22-14", "url": "http://tower.jp/", "accessible_toilet": false, "ostomate": false, "elevator": true, "slope": false, "braille_block": false, "wheelchair_parking": false, "diaper_change": false, "assist_dog_toilet": false}}, {"type": "Feature", "geometry": {"type": "Point", "coordinates": [139.774745, 35.698865]}, "properties": {"id": "af-shopping-39", "category": "買い物", "name": "ヨドバシカメラ マルチメディアAkiba", "address": "千代田区神田花岡町1-1", "url": "http://www.yodobashi-akiba.com/", "accessible_toilet": true, "ostomate": true, "elevator": true, "slope": false, "braille_block": false, "wheelchair_parking": true, "diaper_change": true, "assist_dog_toilet": false}}, {"type": "Feature", "geometry": {"type": "Point", "coordinates": [139.772173, 35.69844]}, "properties": {"id": "af-shopping-40", "category": "買い物", "name": "アトレ秋葉原", "address": "千代田区外神田1-17-6", "url": "https://www.atre.co.jp/store/akihabara/", "accessible_toilet": true, "ostomate": true, "elevator": true, "slope": false, "braille_block": false, "wheelchair_parking": true, "diaper_change": true, "assist_dog_toilet": false}}, {"type": "Feature", "geometry": {"type": "Point", "coordinates": [139.773802, 35.681344]}, "properties": {"id": "af-shopping-41", "category": "買い物", "name": "日本橋高島屋Ｓ．Ｃ．新館", "address": "中央区日本橋2-5-1", "url": "https://www.takashimaya.co.jp/nihombashi/departmentstore/", "accessible_toilet": true, "ostomate": true, "elevator": true, "slope": false, "braille_block": true, "wheelchair_parking": true, "diaper_change": true, "assist_dog_toilet": false}}, {"type": "Feature", "geometry": {"type": "Point", "coordinates": [139.773227, 35.706843]}, "properties": {"id": "af-shopping-42", "category": "買い物", "name": "パルコヤ上野", "address": "台東区上野3-24-6", "url": "https://parcoya-ueno.parco.jp/", "accessible_toilet": true, "ostomate": true, "elevator": true, "slope": false, "braille_block": false, "wheelchair_parking": false, "diaper_change": true, "assist_dog_toilet": false}}, {"type": "Feature", "geometry": {"type": "Point", "coordinates": [139.712462, 35.730954]}, "properties": {"id": "af-shopping-43", "category": "買い物", "name": "池袋パルコ 本館", "address": "豊島区南池袋1-28-2", "url": "https://ikebukuro.parco.jp/", "accessible_toilet": true, "ostomate": true, "elevator": true, "slope": false, "braille_block": false, "wheelchair_parking": false, "diaper_change": false, "assist_dog_toilet": false}}, {"type": "Feature", "geometry": {"type": "Point", "coordinates": [139.734844, 35.606232]}, "properties": {"id": "af-shopping-44", "category": "買い物", "name": "アトレ大井町", "address": "品川区大井1-2-1", "url": "https://www.atre.co.jp/store/oimachi", "accessible_toilet": true, "ostomate": true, "elevator": true, "slope": false, "braille_block": false, "wheelchair_parking": true, "diaper_change": true, "assist_dog_toilet": false}}, {"type": "Feature", "geometry": {"type": "Point", "coordinates": [139.577959, 35.703702]}, "properties": {"id": "af-shopping-45", "category": "買い物", "name": "吉祥寺パルコ", "address": "武蔵野市吉祥寺本町1-5-1", "url": "https://kichijoji.parco.jp/", "accessible_toilet": true, "ostomate": true, "elevator": true, "slope": false, "braille_block": false, "wheelchair_parking": false, "diaper_change": true, "assist_dog_toilet": false}}, {"type": "Feature", "geometry": {"type": "Point", "coordinates": [139.579232, 35.703135]}, "properties": {"id": "af-shopping-46", "category": "買い物", "name": "アトレ吉祥寺", "address": "武蔵野市吉祥寺南町1-1-24", "url": "https://www.atre.co.jp/store/kichijoji", "accessible_toilet": true, "ostomate": true, "elevator": true, "slope": false, "braille_block": true, "wheelchair_parking": true, "diaper_change": true, "assist_dog_toilet": false}}, {"type": "Feature", "geometry": {"type": "Point", "coordinates": [139.560888, 35.70254]}, "properties": {"id": "af-shopping-47", "category": "買い物", "name": "アトレヴィ三鷹", "address": "三鷹市下連雀3-46-4", "url": "https://www.atre.co.jp/store/mitaka/", "accessible_toilet": true, "ostomate": false, "elevator": true, "slope": false, "braille_block": false, "wheelchair_parking": false, "diaper_change": false, "assist_dog_toilet": false}}, {"type": "Feature", "geometry": {"type": "Point", "coordinates": [139.728236, 35.58837]}, "properties": {"id": "af-shopping-48", "category": "買い物", "name": "アトレ大森", "address": "大田区大森北1-6-16", "url": "https://www.atre.co.jp/store/omori/", "accessible_toilet": true, "ostomate": true, "elevator": true, "slope": false, "braille_block": false, "wheelchair_parking": true, "diaper_change": true, "assist_dog_toilet": false}}, {"type": "Feature", "geometry": {"type": "Point", "coordinates": [139.8165611, 33.07345]}, "properties": {"id": "af-shopping-49", "category": "買い物", "name": "えこ・あぐりまーと", "address": "八丈島八丈町中之郷3201-3", "url": "-", "accessible_toilet": false, "ostomate": false, "elevator": false, "slope": false, "braille_block": false, "wheelchair_parking": false, "diaper_change": false, "assist_dog_toilet": false}}, {"type": "Feature", "geometry": {"type": "Point", "coordinates": [139.729962, 35.658901]}, "properties": {"id": "af-shopping-50", "category": "買い物", "name": "六本木ヒルズ レジデンス", "address": "港区六本木6-12", "url": "https://www.roppongihills.com/", "accessible_toilet": true, "ostomate": true, "elevator": true, "slope": true, "braille_block": true, "wheelchair_parking": true, "diaper_change": true, "assist_dog_toilet": false}}, {"type": "Feature", "geometry": {"type": "Point", "coordinates": [139.730149, 35.661333]}, "properties": {"id": "af-shopping-51", "category": "買い物", "name": "ハリウッドビューティープラザ", "address": "港区六本木6-4-1", "url": "https://www.roppongihills.com/", "accessible_toilet": true, "ostomate": false, "elevator": true, "slope": true, "braille_block": true, "wheelchair_parking": false, "diaper_change": false, "assist_dog_toilet": false}}, {"type": "Feature", "geometry": {"type": "Point", "coordinates": [139.729405, 35.659554]}, "properties": {"id": "af-shopping-52", "category": "買い物", "name": "けやき坂コンプレックス", "address": "港区六本木6-10-2", "url": "https://www.roppongihills.com/", "accessible_toilet": true, "ostomate": true, "elevator": true, "slope": true, "braille_block": false, "wheelchair_parking": false, "diaper_change": true, "assist_dog_toilet": false}}, {"type": "Feature", "geometry": {"type": "Point", "coordinates": [139.7170581, 35.67455833]}, "properties": {"id": "af-leisure-0", "category": "レジャー", "name": "明治神宮外苑 明治神宮野球場", "address": "新宿区新宿区霞ケ丘町3-1", "url": "http://www.jingu-stadium.com/", "accessible_toilet": true, "ostomate": true, "elevator": false, "slope": false, "braille_block": false, "wheelchair_parking": false, "diaper_change": true, "assist_dog_toilet": false}}, {"type": "Feature", "geometry": {"type": "Point", "coordinates": [139.7677072, 35.66963806]}, "properties": {"id": "af-leisure-1", "category": "レジャー", "name": "GINZA KABUKIZA", "address": "中央区中央区銀座4-12-15", "url": "https://kabuki-za.co.jp/", "accessible_toilet": true, "ostomate": true, "elevator": true, "slope": false, "braille_block": true, "wheelchair_parking": true, "diaper_change": true, "assist_dog_toilet": false}}, {"type": "Feature", "geometry": {"type": "Point", "coordinates": [139.6999278, 35.65549139]}, "properties": {"id": "af-leisure-2", "category": "レジャー", "name": "コスモプラネタリウム渋谷", "address": "渋谷区渋谷区桜丘町23-21", "url": "https://www.shibu-cul.jp/planetarium", "accessible_toilet": true, "ostomate": false, "elevator": true, "slope": false, "braille_block": true, "wheelchair_parking": false, "diaper_change": true, "assist_dog_toilet": false}}, {"type": "Feature", "geometry": {"type": "Point", "coordinates": [139.7633183, 35.67846222]}, "properties": {"id": "af-leisure-3", "category": "レジャー", "name": "三菱一号館美術館", "address": "千代田区千代田区丸の内2-6-2", "url": "https://mimt.jp/", "accessible_toilet": true, "ostomate": true, "elevator": true, "slope": true, "braille_block": true, "wheelchair_parking": false, "diaper_change": true, "assist_dog_toilet": false}}, {"type": "Feature", "geometry": {"type": "Point", "coordinates": [139.7748231, 35.71273444]}, "properties": {"id": "af-leisure-4", "category": "レジャー", "name": "上野の森美術館", "address": "台東区台東区上野公園1-2", "url": "https://www.ueno-mori.org", "accessible_toilet": true, "ostomate": false, "elevator": true, "slope": false, "braille_block": false, "wheelchair_parking": false, "diaper_change": true, "assist_dog_toilet": false}}, {"type": "Feature", "geometry": {"type": "Point", "coordinates": [139.774425, 35.626891]}, "properties": {"id": "af-leisure-5", "category": "レジャー", "name": "フジテレビジョン", "address": "港区港区台場2-4-8", "url": "https://www.fujitv.co.jp/", "accessible_toilet": true, "ostomate": false, "elevator": true, "slope": false, "braille_block": true, "wheelchair_parking": false, "diaper_change": true, "assist_dog_toilet": false}}, {"type": "Feature", "geometry": {"type": "Point", "coordinates": [139.7755131, 35.62903694]}, "properties": {"id": "af-leisure-6", "category": "レジャー", "name": "東京ジョイポリス", "address": "港区港区台場1-6-1 デックス東京ビーチ  3F～5F", "url": "https://tokyo-joypolis.com", "accessible_toilet": true, "ostomate": false, "elevator": true, "slope": false, "braille_block": false, "wheelchair_parking": false, "diaper_change": true, "assist_dog_toilet": false}}, {"type": "Feature", "geometry": {"type": "Point", "coordinates": [139.729245, 35.66040028]}, "properties": {"id": "af-leisure-7", "category": "レジャー", "name": "六本木ヒルズ展望台 東京シティビュー", "address": "港区港区六本木 6-10-1 六本木ヒルズ森タワー52F", "url": "https://tcv.roppongihills.com/", "accessible_toilet": true, "ostomate": false, "elevator": true, "slope": false, "braille_block": false, "wheelchair_parking": false, "diaper_change": true, "assist_dog_toilet": false}}, {"type": "Feature", "geometry": {"type": "Point", "coordinates": [139.74549, 35.65854444]}, "properties": {"id": "af-leisure-8", "category": "レジャー", "name": "東京タワー", "address": "港区港区芝公園4-2-8", "url": "https://tokyotower.co.jp/", "accessible_toilet": true, "ostomate": true, "elevator": true, "slope": false, "braille_block": false, "wheelchair_parking": true, "diaper_change": true, "assist_dog_toilet": false}}, {"type": "Feature", "geometry": {"type": "Point", "coordinates": [139.7400175, 35.66714556]}, "properties": {"id": "af-leisure-9", "category": "レジャー", "name": "アーク森ビル", "address": "港区港区赤坂1-12-32", "url": "https://www.arkhills.com/", "accessible_toilet": true, "ostomate": true, "elevator": true, "slope": true, "braille_block": true, "wheelchair_parking": true, "diaper_change": true, "assist_dog_toilet": false}}, {"type": "Feature", "geometry": {"type": "Point", "coordinates": [139.7413914, 35.66663667]}, "properties": {"id": "af-leisure-10", "category": "レジャー", "name": "サントリーホール", "address": "港区港区赤坂1-13-1", "url": "https://www.suntory.co.jp/suntoryhall/", "accessible_toilet": true, "ostomate": true, "elevator": true, "slope": false, "braille_block": false, "wheelchair_parking": false, "diaper_change": true, "assist_dog_toilet": true}}, {"type": "Feature", "geometry": {"type": "Point", "coordinates": [139.7200567, 35.72890389]}, "properties": {"id": "af-leisure-11", "category": "レジャー", "name": "サンシャイン水族館", "address": "豊島区豊島区東池袋3-1 サンシャインシティ ワールドインポートマートビル・屋上", "url": "https://sunshinecity.jp/aquarium/", "accessible_toilet": true, "ostomate": true, "elevator": true, "slope": true, "braille_block": false, "wheelchair_parking": true, "diaper_change": true, "assist_dog_toilet": false}}, {"type": "Feature", "geometry": {"type": "Point", "coordinates": [139.7189242, 35.72917861]}, "properties": {"id": "af-leisure-12", "category": "レジャー", "name": "サンシャイン60展望台 てんぼうパーク", "address": "豊島区豊島区東池袋3-1 サンシャインシティ サンシャイン60ビル・60F", "url": "https://sunshinecity.jp/observatory/", "accessible_toilet": true, "ostomate": true, "elevator": true, "slope": false, "braille_block": false, "wheelchair_parking": true, "diaper_change": true, "assist_dog_toilet": false}}, {"type": "Feature", "geometry": {"type": "Point", "coordinates": [139.7373867, 35.58856556]}, "properties": {"id": "af-leisure-13", "category": "レジャー", "name": "しながわ水族館", "address": "品川区品川区勝島3-2-1", "url": "https://www.aquarium.gr.jp/", "accessible_toilet": true, "ostomate": true, "elevator": true, "slope": true, "braille_block": true, "wheelchair_parking": true, "diaper_change": true, "assist_dog_toilet": false}}, {"type": "Feature", "geometry": {"type": "Point", "coordinates": [139.7350994, 35.62789028]}, "properties": {"id": "af-leisure-14", "category": "レジャー", "name": "マクセル　アクアパーク品川", "address": "港区港区高輪4-10-30(品川プリンスホテル内)", "url": "https://www.aqua-park.jp", "accessible_toilet": true, "ostomate": true, "elevator": true, "slope": true, "braille_block": true, "wheelchair_parking": false, "diaper_change": true, "assist_dog_toilet": false}}, {"type": "Feature", "geometry": {"type": "Point", "coordinates": [139.810701, 35.710031]}, "properties": {"id": "af-leisure-15", "category": "レジャー", "name": "東京スカイツリー", "address": "墨田区墨田区押上1-1-2", "url": "http://www.tokyo-skytree.jp/", "accessible_toilet": true, "ostomate": true, "elevator": true, "slope": false, "braille_block": true, "wheelchair_parking": false, "diaper_change": true, "assist_dog_toilet": true}}, {"type": "Feature", "geometry": {"type": "Point", "coordinates": [139.8098972, 35.70997333]}, "properties": {"id": "af-leisure-16", "category": "レジャー", "name": "すみだ水族館", "address": "墨田区墨田区押上1-1-2 東京スカイツリータウン・ソラマチ5F・6F", "url": "https://www.sumida-aquarium.com/", "accessible_toilet": true, "ostomate": true, "elevator": true, "slope": false, "braille_block": true, "wheelchair_parking": false, "diaper_change": true, "assist_dog_toilet": false}}, {"type": "Feature", "geometry": {"type": "Point", "coordinates": [139.3517517, 34.75608722]}, "properties": {"id": "af-leisure-17", "category": "レジャー", "name": "愛らんどセンター御神火温泉", "address": "大島町大島町元町字仲の原1-8", "url": "https://www.town.oshima.tokyo.jp/soshiki/kankou/gojinka.html", "accessible_toilet": false, "ostomate": false, "elevator": false, "slope": true, "braille_block": false, "wheelchair_parking": true, "diaper_change": false, "assist_dog_toilet": false}}, {"type": "Feature", "geometry": {"type": "Point", "coordinates": [139.76717, 33.13132278]}, "properties": {"id": "af-leisure-18", "category": "レジャー", "name": "八丈富士 ふれあい牧場", "address": "八丈島八丈町八丈島八丈町", "url": "", "accessible_toilet": true, "ostomate": true, "elevator": false, "slope": true, "braille_block": false, "wheelchair_parking": true, "diaper_change": false, "assist_dog_toilet": false}}, {"type": "Feature", "geometry": {"type": "Point", "coordinates": [139.192093, 35.779468]}, "properties": {"id": "af-leisure-19", "category": "レジャー", "name": "生涯青春の湯 つるつる温泉", "address": "西多摩郡日の出町西多摩郡日の出町大久野4718", "url": "http://www.tsurutsuru-onsen.com", "accessible_toilet": true, "ostomate": false, "elevator": true, "slope": false, "braille_block": false, "wheelchair_parking": true, "diaper_change": true, "assist_dog_toilet": false}}, {"type": "Feature", "geometry": {"type": "Point", "coordinates": [139.771868, 35.685422]}, "properties": {"id": "af-leisure-20", "category": "レジャー", "name": "日本銀行金融研究所 貨幣博物館", "address": "中央区中央区日本橋本石町1-3-1", "url": "https://www.imes.boj.or.jp/cm/", "accessible_toilet": true, "ostomate": true, "elevator": true, "slope": true, "braille_block": false, "wheelchair_parking": false, "diaper_change": true, "assist_dog_toilet": false}}, {"type": "Feature", "geometry": {"type": "Point", "coordinates": [139.705796, 35.718349]}, "properties": {"id": "af-leisure-21", "category": "レジャー", "name": "切手の博物館", "address": "豊島区豊島区目白1-4-23", "url": "https://kitte-museum.jp", "accessible_toilet": true, "ostomate": false, "elevator": true, "slope": true, "braille_block": false, "wheelchair_parking": true, "diaper_change": true, "assist_dog_toilet": false}}, {"type": "Feature", "geometry": {"type": "Point", "coordinates": [139.713785, 35.653294]}, "properties": {"id": "af-leisure-22", "category": "レジャー", "name": "山種美術館", "address": "渋谷区渋谷区広尾3-12-36", "url": "http://www.yamatane-museum.jp/", "accessible_toilet": true, "ostomate": false, "elevator": true, "slope": false, "braille_block": true, "wheelchair_parking": true, "diaper_change": true, "assist_dog_toilet": false}}, {"type": "Feature", "geometry": {"type": "Point", "coordinates": [139.819461, 35.72475]}, "properties": {"id": "af-leisure-23", "category": "レジャー", "name": "一般財団法人 東武博物館", "address": "墨田区墨田区東向島4-28-16", "url": "https://www.tobu.co.jp/museum/", "accessible_toilet": true, "ostomate": false, "elevator": false, "slope": false, "braille_block": false, "wheelchair_parking": false, "diaper_change": true, "assist_dog_toilet": false}}, {"type": "Feature", "geometry": {"type": "Point", "coordinates": [139.808513, 35.705762]}, "properties": {"id": "af-leisure-24", "category": "レジャー", "name": "たばこと塩の博物館", "address": "墨田区墨田区横川1-16-3", "url": "http://tabashio.jp", "accessible_toilet": true, "ostomate": true, "elevator": true, "slope": false, "braille_block": true, "wheelchair_parking": true, "diaper_change": true, "assist_dog_toilet": false}}, {"type": "Feature", "geometry": {"type": "Point", "coordinates": [139.268722, 35.63039]}, "properties": {"id": "af-leisure-25", "category": "レジャー", "name": "高尾599ミュージアム", "address": "八王子市八王子市高尾町2435-3", "url": "https://www.takao599museum.jp/", "accessible_toilet": true, "ostomate": true, "elevator": true, "slope": true, "braille_block": true, "wheelchair_parking": false, "diaper_change": true, "assist_dog_toilet": false}}, {"type": "Feature", "geometry": {"type": "Point", "coordinates": [139.7112192, 35.71099417]}, "properties": {"id": "af-dining-0", "category": "飲食", "name": "トラットリア ダイ パエサーニ", "address": "新宿区西早稲田2-18-19", "url": "https://r.gnavi.co.jp/dsmnhd9b0000/", "accessible_toilet": false, "ostomate": false, "elevator": false, "slope": false, "braille_block": false, "wheelchair_parking": false, "diaper_change": false, "assist_dog_toilet": false}}, {"type": "Feature", "geometry": {"type": "Point", "coordinates": [139.772148, 35.714252]}, "properties": {"id": "af-dining-1", "category": "飲食", "name": "上野精養軒 本店", "address": "台東区上野公園4-58", "url": "https://www.seiyoken.co.jp/", "accessible_toilet": true, "ostomate": false, "elevator": true, "slope": true, "braille_block": false, "wheelchair_parking": true, "diaper_change": true, "assist_dog_toilet": false}}, {"type": "Feature", "geometry": {"type": "Point", "coordinates": [139.71103, 35.66754056]}, "properties": {"id": "af-dining-2", "category": "飲食", "name": "幸せのパンケーキ 表参道店", "address": "渋谷区神宮前4-9-3  清原ビルB1F", "url": "https://magia.tokyo/shop", "accessible_toilet": false, "ostomate": false, "elevator": true, "slope": false, "braille_block": false, "wheelchair_parking": false, "diaper_change": false, "assist_dog_toilet": false}}, {"type": "Feature", "geometry": {"type": "Point", "coordinates": [139.744941, 35.657415]}, "properties": {"id": "af-dining-3", "category": "飲食", "name": "東京 芝 とうふ屋うかい", "address": "港区芝公園4-4-13", "url": "https://www.ukai.co.jp/shiba/", "accessible_toilet": true, "ostomate": false, "elevator": true, "slope": false, "braille_block": false, "wheelchair_parking": true, "diaper_change": true, "assist_dog_toilet": false}}, {"type": "Feature", "geometry": {"type": "Point", "coordinates": [139.7071097, 35.64946583]}, "properties": {"id": "af-dining-4", "category": "飲食", "name": "ブラッカウズ", "address": "渋谷区恵比寿西2-11-9 東光ホワイトビル1F", "url": "http://kuroge-wagyu.com/bc/", "accessible_toilet": false, "ostomate": false, "elevator": false, "slope": false, "braille_block": false, "wheelchair_parking": false, "diaper_change": false, "assist_dog_toilet": false}}, {"type": "Feature", "geometry": {"type": "Point", "coordinates": [139.6999992, 35.64936833]}, "properties": {"id": "af-dining-5", "category": "飲食", "name": "IVY PLACE", "address": "渋谷区猿楽町16-15", "url": "https://www.tysons.jp/ivyplace/", "accessible_toilet": true, "ostomate": false, "elevator": false, "slope": true, "braille_block": false, "wheelchair_parking": true, "diaper_change": true, "assist_dog_toilet": false}}, {"type": "Feature", "geometry": {"type": "Point", "coordinates": [139.7926411, 35.69623306]}, "properties": {"id": "af-dining-6", "category": "飲食", "name": "両国 江戸NOREN", "address": "墨田区横網1-3-20", "url": "http://www.jrtk.jp/edonoren/", "accessible_toilet": true, "ostomate": false, "elevator": false, "slope": false, "braille_block": false, "wheelchair_parking": false, "diaper_change": true, "assist_dog_toilet": false}}, {"type": "Feature", "geometry": {"type": "Point", "coordinates": [139.257249, 35.615984]}, "properties": {"id": "af-dining-7", "category": "飲食", "name": "うかい鳥山", "address": "八王子市南浅川町3426", "url": "https://www.ukai.co.jp/toriyama/", "accessible_toilet": true, "ostomate": false, "elevator": false, "slope": true, "braille_block": false, "wheelchair_parking": false, "diaper_change": true, "assist_dog_toilet": false}}, {"type": "Feature", "geometry": {"type": "Point", "coordinates": [139.7916514, 35.69440806]}, "properties": {"id": "af-dining-8", "category": "飲食", "name": "雑魚や紀洋丸", "address": "大島町元町馬の背262-26", "url": "", "accessible_toilet": false, "ostomate": false, "elevator": false, "slope": true, "braille_block": false, "wheelchair_parking": false, "diaper_change": false, "assist_dog_toilet": false}}, {"type": "Feature", "geometry": {"type": "Point", "coordinates": [139.7895908, 33.10989528]}, "properties": {"id": "af-dining-9", "category": "飲食", "name": "名代一休庵", "address": "八丈島八丈町大賀郷2473", "url": "", "accessible_toilet": false, "ostomate": false, "elevator": false, "slope": false, "braille_block": false, "wheelchair_parking": false, "diaper_change": false, "assist_dog_toilet": false}}, {"type": "Feature", "geometry": {"type": "Point", "coordinates": [139.7586981, 35.66879528]}, "properties": {"id": "af-dining-10", "category": "飲食", "name": "MAIMON GINZA", "address": "中央区銀座8-3 西土橋ビル", "url": "", "accessible_toilet": false, "ostomate": false, "elevator": false, "slope": false, "braille_block": false, "wheelchair_parking": false, "diaper_change": false, "assist_dog_toilet": false}}, {"type": "Feature", "geometry": {"type": "Point", "coordinates": [139.7927373, 35.7140878]}, "properties": {"id": "af-dining-11", "category": "飲食", "name": "まるごと北海道 国際通り店", "address": "台東区浅草2-11-5　大草ビル", "url": "https://r.gnavi.co.jp/a135610/", "accessible_toilet": false, "ostomate": false, "elevator": false, "slope": false, "braille_block": false, "wheelchair_parking": false, "diaper_change": false, "assist_dog_toilet": false}}, {"type": "Feature", "geometry": {"type": "Point", "coordinates": [139.7940571, 35.7117832]}, "properties": {"id": "af-dining-12", "category": "飲食", "name": "とんかつ ゆたか", "address": "台東区浅草1-15-9", "url": "https://www.tonkatu-yutaka-asakusa.com/", "accessible_toilet": false, "ostomate": false, "elevator": false, "slope": true, "braille_block": false, "wheelchair_parking": false, "diaper_change": false, "assist_dog_toilet": false}}, {"type": "Feature", "geometry": {"type": "Point", "coordinates": [139.7847017, 35.68616556]}, "properties": {"id": "af-dining-13", "category": "飲食", "name": "吉星", "address": "中央区日本橋人形町2-21-5", "url": "http://www.kichisei.com/", "accessible_toilet": true, "ostomate": false, "elevator": false, "slope": true, "braille_block": false, "wheelchair_parking": false, "diaper_change": false, "assist_dog_toilet": false}}, {"type": "Feature", "geometry": {"type": "Point", "coordinates": [139.7570638, 35.6739515]}, "properties": {"id": "af-dining-14", "category": "飲食", "name": "日比谷松本楼", "address": "千代田区日比谷公園1-2", "url": "http://www.matsumotoro.co.jp/", "accessible_toilet": true, "ostomate": false, "elevator": true, "slope": true, "braille_block": false, "wheelchair_parking": false, "diaper_change": true, "assist_dog_toilet": false}}, {"type": "Feature", "geometry": {"type": "Point", "coordinates": [139.7558049, 35.673745]}, "properties": {"id": "af-dining-15", "category": "飲食", "name": "日比谷サロー", "address": "千代田区日比谷公園1-1", "url": "https://hibiyasaroh.jp/", "accessible_toilet": false, "ostomate": false, "elevator": false, "slope": true, "braille_block": false, "wheelchair_parking": false, "diaper_change": false, "assist_dog_toilet": false}}, {"type": "Feature", "geometry": {"type": "Point", "coordinates": [139.7130657, 35.6607908]}, "properties": {"id": "af-dining-16", "category": "飲食", "name": "テストキッチンエイチ", "address": "港区南青山5-12-13", "url": "https://www.testkitchen-h.tokyo/", "accessible_toilet": true, "ostomate": false, "elevator": false, "slope": false, "braille_block": false, "wheelchair_parking": false, "diaper_change": true, "assist_dog_toilet": false}}, {"type": "Feature", "geometry": {"type": "Point", "coordinates": [139.7203228, 35.67248361]}, "properties": {"id": "af-dining-17", "category": "飲食", "name": "キハチ 青山本店", "address": "港区北青山2-1-19", "url": "https://www.kihachi.jp/", "accessible_toilet": true, "ostomate": false, "elevator": false, "slope": false, "braille_block": true, "wheelchair_parking": false, "diaper_change": true, "assist_dog_toilet": false}}, {"type": "Feature", "geometry": {"type": "Point", "coordinates": [139.727751, 35.662644]}, "properties": {"id": "af-dining-18", "category": "飲食", "name": "IL FIGO INGORDO", "address": "港区六本木7-19-1 1F", "url": "https://www.figo-ingordo.jp/", "accessible_toilet": false, "ostomate": false, "elevator": false, "slope": false, "braille_block": false, "wheelchair_parking": false, "diaper_change": false, "assist_dog_toilet": false}}, {"type": "Feature", "geometry": {"type": "Point", "coordinates": [139.728169, 35.665974]}, "properties": {"id": "af-dining-19", "category": "飲食", "name": "Mercedes me Tokyo（六本木） UPSTAIRS", "address": "港区六本木7-3-10 メルセデスミー東京 2F", "url": "https://www.mercedesme.jp/cafe_restaurant/", "accessible_toilet": false, "ostomate": false, "elevator": true, "slope": false, "braille_block": true, "wheelchair_parking": false, "diaper_change": true, "assist_dog_toilet": false}}, {"type": "Feature", "geometry": {"type": "Point", "coordinates": [139.7542598, 35.6563053]}, "properties": {"id": "af-dining-20", "category": "飲食", "name": "中華東海飯店大門本店", "address": "港区芝大門2-4-18", "url": "", "accessible_toilet": false, "ostomate": false, "elevator": false, "slope": false, "braille_block": false, "wheelchair_parking": false, "diaper_change": false, "assist_dog_toilet": false}}, {"type": "Feature", "geometry": {"type": "Point", "coordinates": [139.7611669, 35.65268861]}, "properties": {"id": "af-dining-21", "category": "飲食", "name": "ツキ シュール ラメール", "address": "港区海岸1-15-5", "url": "http://www.tsukisurlamer.com/", "accessible_toilet": true, "ostomate": false, "elevator": false, "slope": true, "braille_block": true, "wheelchair_parking": false, "diaper_change": true, "assist_dog_toilet": false}}, {"type": "Feature", "geometry": {"type": "Point", "coordinates": [139.7916514, 35.69440806]}, "properties": {"id": "af-dining-22", "category": "飲食", "name": "あぶり清水 両国店", "address": "墨田区両国2-16-6", "url": "https://aburishimizu.owst.jp/", "accessible_toilet": false, "ostomate": false, "elevator": false, "slope": true, "braille_block": false, "wheelchair_parking": false, "diaper_change": false, "assist_dog_toilet": false}}, {"type": "Feature", "geometry": {"type": "Point", "coordinates": [139.7098318, 35.6897752]}, "properties": {"id": "af-dining-23", "category": "飲食", "name": "御苑　炉庵", "address": "新宿区新宿2-9-20　問川ビル 1F", "url": "", "accessible_toilet": true, "ostomate": false, "elevator": false, "slope": true, "braille_block": false, "wheelchair_parking": false, "diaper_change": false, "assist_dog_toilet": false}}, {"type": "Feature", "geometry": {"type": "Point", "coordinates": [139.766594, 35.675565]}, "properties": {"id": "af-dining-24", "category": "飲食", "name": "セントル ザ ベーカリー", "address": "中央区銀座1-2-1 東京高速道路紺屋ビル 1F", "url": "", "accessible_toilet": true, "ostomate": true, "elevator": false, "slope": false, "braille_block": false, "wheelchair_parking": false, "diaper_change": false, "assist_dog_toilet": false}}, {"type": "Feature", "geometry": {"type": "Point", "coordinates": [139.7950015, 35.7113079]}, "properties": {"id": "af-dining-25", "category": "飲食", "name": "浅草天麩羅 葵丸進", "address": "台東区浅草1-4-4", "url": "http://www.aoi-marushin.co.jp/", "accessible_toilet": false, "ostomate": false, "elevator": true, "slope": false, "braille_block": false, "wheelchair_parking": false, "diaper_change": true, "assist_dog_toilet": false}}, {"type": "Feature", "geometry": {"type": "Point", "coordinates": [139.695932, 35.65442]}, "properties": {"id": "af-dining-26", "category": "飲食", "name": "Angepatio", "address": "渋谷区南平台町12-11 アンジェパティオ", "url": "https://angepatio.com/", "accessible_toilet": false, "ostomate": false, "elevator": false, "slope": false, "braille_block": false, "wheelchair_parking": false, "diaper_change": false, "assist_dog_toilet": false}}, {"type": "Feature", "geometry": {"type": "Point", "coordinates": [139.6883735, 35.6653274]}, "properties": {"id": "af-dining-27", "category": "飲食", "name": "レストラン　RAPHAEL", "address": "渋谷区富ヶ谷1-30-24", "url": "https://www.legend-of-raphael.com/", "accessible_toilet": false, "ostomate": false, "elevator": false, "slope": true, "braille_block": false, "wheelchair_parking": false, "diaper_change": false, "assist_dog_toilet": false}}, {"type": "Feature", "geometry": {"type": "Point", "coordinates": [139.774725, 35.71564]}, "properties": {"id": "af-dining-28", "category": "飲食", "name": "上野の森 パークサイドカフェ", "address": "台東区上野公園8-4", "url": "https://www.createrestaurants.com/", "accessible_toilet": true, "ostomate": true, "elevator": false, "slope": false, "braille_block": false, "wheelchair_parking": false, "diaper_change": true, "assist_dog_toilet": false}}, {"type": "Feature", "geometry": {"type": "Point", "coordinates": [139.7130617, 35.6608177]}, "properties": {"id": "af-dining-29", "category": "飲食", "name": "鉄板焼き まえなか", "address": "港区南青山5-12-13", "url": "https://www.maenaka.tokyo/", "accessible_toilet": false, "ostomate": false, "elevator": false, "slope": false, "braille_block": false, "wheelchair_parking": false, "diaper_change": false, "assist_dog_toilet": false}}, {"type": "Feature", "geometry": {"type": "Point", "coordinates": [139.717618, 35.665686]}, "properties": {"id": "af-dining-30", "category": "飲食", "name": "リストランテ濱﨑", "address": "港区南青山4-11-13", "url": "http://ristorantehamasaki.com/", "accessible_toilet": true, "ostomate": false, "elevator": false, "slope": false, "braille_block": false, "wheelchair_parking": false, "diaper_change": false, "assist_dog_toilet": false}}, {"type": "Feature", "geometry": {"type": "Point", "coordinates": [139.7103244, 35.6641376]}, "properties": {"id": "af-dining-31", "category": "飲食", "name": "表参道焼肉 KINTAN", "address": "港区北青山3-10-14　北青山ビル1F", "url": "https://kintan.restaurant/", "accessible_toilet": false, "ostomate": false, "elevator": false, "slope": false, "braille_block": false, "wheelchair_parking": false, "diaper_change": false, "assist_dog_toilet": false}}, {"type": "Feature", "geometry": {"type": "Point", "coordinates": [139.713033, 35.659961]}, "properties": {"id": "af-dining-32", "category": "飲食", "name": "マノワール・ディノ", "address": "渋谷区渋谷4-1-13", "url": "http://www.manoirdinno.com/", "accessible_toilet": false, "ostomate": true, "elevator": false, "slope": false, "braille_block": false, "wheelchair_parking": false, "diaper_change": true, "assist_dog_toilet": false}}, {"type": "Feature", "geometry": {"type": "Point", "coordinates": [139.7105605, 35.6643742]}, "properties": {"id": "af-dining-33", "category": "飲食", "name": "レストラン・ランス・YANAGIDATE", "address": "港区北青山3-10-13", "url": "http://reims.co.jp/", "accessible_toilet": false, "ostomate": false, "elevator": false, "slope": false, "braille_block": false, "wheelchair_parking": false, "diaper_change": false, "assist_dog_toilet": false}}, {"type": "Feature", "geometry": {"type": "Point", "coordinates": [139.7230904, 35.6557561]}, "properties": {"id": "af-dining-34", "category": "飲食", "name": "分とく山本店", "address": "港区南麻布5-1-5", "url": "https://waketoku.com/", "accessible_toilet": true, "ostomate": false, "elevator": true, "slope": true, "braille_block": false, "wheelchair_parking": false, "diaper_change": false, "assist_dog_toilet": false}}, {"type": "Feature", "geometry": {"type": "Point", "coordinates": [139.7326388, 35.6752875]}, "properties": {"id": "af-dining-35", "category": "飲食", "name": "株式会社虎屋　とらや 赤坂店", "address": "港区赤坂4-9-22", "url": "https://www.toraya-group.co.jp/", "accessible_toilet": true, "ostomate": true, "elevator": true, "slope": false, "braille_block": true, "wheelchair_parking": false, "diaper_change": true, "assist_dog_toilet": false}}, {"type": "Feature", "geometry": {"type": "Point", "coordinates": [139.7773132, 35.665112]}, "properties": {"id": "af-dining-36", "category": "飲食", "name": "つきじ治作", "address": "中央区明石町14-19", "url": "http://www.jisaku.co.jp/", "accessible_toilet": true, "ostomate": false, "elevator": true, "slope": true, "braille_block": false, "wheelchair_parking": false, "diaper_change": true, "assist_dog_toilet": false}}, {"type": "Feature", "geometry": {"type": "Point", "coordinates": [139.770871, 35.665196]}, "properties": {"id": "af-dining-37", "category": "飲食", "name": "築地焼きうお いし川", "address": "中央区築地4-13-5", "url": "http://aozora3.jp/shop/%e7%af%89%e5%9c%b0%e7%84%bc%e3%81%86%e3%81%8a-%e3%81%84%e3%81%97%e5%b7%9d", "accessible_toilet": false, "ostomate": false, "elevator": false, "slope": true, "braille_block": false, "wheelchair_parking": false, "diaper_change": false, "assist_dog_toilet": false}}, {"type": "Feature", "geometry": {"type": "Point", "coordinates": [139.704028, 35.644191]}, "properties": {"id": "af-dining-38", "category": "飲食", "name": "Q.E.D.CLUB", "address": "目黒区中目黒1-1-29", "url": "http://www.qed.co.jp/", "accessible_toilet": false, "ostomate": false, "elevator": false, "slope": false, "braille_block": false, "wheelchair_parking": false, "diaper_change": false, "assist_dog_toilet": false}}, {"type": "Feature", "geometry": {"type": "Point", "coordinates": [139.5787507, 35.7044079]}, "properties": {"id": "af-dining-39", "category": "飲食", "name": "幸せのパンケーキ 吉祥寺店", "address": "武蔵野市吉祥寺本町1-8-5　レンガ館モール 3F", "url": "https://magia.tokyo/shop", "accessible_toilet": false, "ostomate": false, "elevator": true, "slope": true, "braille_block": false, "wheelchair_parking": false, "diaper_change": false, "assist_dog_toilet": false}}, {"type": "Feature", "geometry": {"type": "Point", "coordinates": [139.808526, 35.703671]}, "properties": {"id": "af-dining-40", "category": "飲食", "name": "SASAYA CAFE", "address": "墨田区横川1-1-10", "url": "https://sasayacafe.com/", "accessible_toilet": true, "ostomate": false, "elevator": false, "slope": true, "braille_block": false, "wheelchair_parking": false, "diaper_change": true, "assist_dog_toilet": false}}, {"type": "Feature", "geometry": {"type": "Point", "coordinates": [139.3797111, 34.7378]}, "properties": {"id": "af-dining-41", "category": "飲食", "name": "名代 歌乃茶屋", "address": "大島町三原山頂", "url": "", "accessible_toilet": false, "ostomate": false, "elevator": false, "slope": false, "braille_block": false, "wheelchair_parking": false, "diaper_change": false, "assist_dog_toilet": false}}, {"type": "Feature", "geometry": {"type": "Point", "coordinates": [139.4355861, 34.68219722]}, "properties": {"id": "af-dining-42", "category": "飲食", "name": "大関寿司", "address": "大島町差木地字クダッチ", "url": "", "accessible_toilet": false, "ostomate": false, "elevator": false, "slope": true, "braille_block": false, "wheelchair_parking": false, "diaper_change": false, "assist_dog_toilet": false}}, {"type": "Feature", "geometry": {"type": "Point", "coordinates": [139.714329, 35.681186]}, "properties": {"id": "af-dining-43", "category": "飲食", "name": "グッドモーニングカフェ ナワデイズ", "address": "新宿区大京町31-4 ブリリアイスト 1F", "url": "https://nowadays.tokyo/", "accessible_toilet": false, "ostomate": false, "elevator": false, "slope": false, "braille_block": true, "wheelchair_parking": false, "diaper_change": true, "assist_dog_toilet": false}}, {"type": "Feature", "geometry": {"type": "Point", "coordinates": [139.719256, 35.679503]}, "properties": {"id": "af-dining-44", "category": "飲食", "name": "カフェシェーキーズ 外苑信濃町", "address": "新宿区霞ケ丘町14-1 明治神宮外苑信濃町休憩所 1F", "url": "http://www.rkfs.co.jp/cafeshakeys.html", "accessible_toilet": false, "ostomate": false, "elevator": false, "slope": false, "braille_block": false, "wheelchair_parking": false, "diaper_change": false, "assist_dog_toilet": false}}, {"type": "Feature", "geometry": {"type": "Point", "coordinates": [139.6319631, 35.6260931]}, "properties": {"id": "af-dining-45", "category": "飲食", "name": "ブルズガーデン", "address": "世田谷区用賀4-5-15　1F", "url": "https://bulls-eye.jp/", "accessible_toilet": true, "ostomate": false, "elevator": false, "slope": false, "braille_block": false, "wheelchair_parking": false, "diaper_change": true, "assist_dog_toilet": false}}, {"type": "Feature", "geometry": {"type": "Point", "coordinates": [139.7712891, 35.6527021]}, "properties": {"id": "af-dining-46", "category": "飲食", "name": "マグロ卸のマグロ丼の店/トヨミフィッシャーズテラス", "address": "中央区豊海町3-13", "url": "http://suzuyoshi.info/", "accessible_toilet": false, "ostomate": false, "elevator": false, "slope": false, "braille_block": false, "wheelchair_parking": false, "diaper_change": false, "assist_dog_toilet": false}}, {"type": "Feature", "geometry": {"type": "Point", "coordinates": [139.6995728, 35.69132917]}, "properties": {"id": "af-transport-0", "category": "交通", "name": "JR 水道橋駅", "address": "千代田区三崎町2丁目", "url": "https://www.jreast.co.jp/estation/barrier-free/", "accessible_toilet": false, "ostomate": true, "elevator": true, "slope": false, "braille_block": false, "wheelchair_parking": false, "diaper_change": true, "assist_dog_toilet": false}}, {"type": "Feature", "geometry": {"type": "Point", "coordinates": [139.6991511, 35.69016583]}, "properties": {"id": "af-transport-1", "category": "交通", "name": "三田線 水道橋", "address": "文京区後楽一丁目3番42号先", "url": "https://www.kotsu.metro.tokyo.jp/subway/stations/suidobashi.html", "accessible_toilet": false, "ostomate": true, "elevator": true, "slope": false, "braille_block": true, "wheelchair_parking": false, "diaper_change": true, "assist_dog_toilet": false}}, {"type": "Feature", "geometry": {"type": "Point", "coordinates": [139.6995728, 35.69132917]}, "properties": {"id": "af-transport-2", "category": "交通", "name": "JR 飯田橋駅", "address": "千代田区飯田橋4丁目", "url": "https://www.jreast.co.jp/estation/barrier-free/", "accessible_toilet": false, "ostomate": true, "elevator": true, "slope": false, "braille_block": false, "wheelchair_parking": false, "diaper_change": true, "assist_dog_toilet": false}}, {"type": "Feature", "geometry": {"type": "Point", "coordinates": [139.7000186, 35.69538306]}, "properties": {"id": "af-transport-3", "category": "交通", "name": "大江戸線 飯田橋", "address": "文京区後楽一丁目9番5号", "url": "https://www.kotsu.metro.tokyo.jp/subway/stations/iidabashi.html", "accessible_toilet": false, "ostomate": true, "elevator": true, "slope": false, "braille_block": true, "wheelchair_parking": false, "diaper_change": true, "assist_dog_toilet": false}}, {"type": "Feature", "geometry": {"type": "Point", "coordinates": [139.6995728, 35.69132917]}, "properties": {"id": "af-transport-4", "category": "交通", "name": "JR 信濃町駅", "address": "新宿区信濃町", "url": "https://www.jreast.co.jp/estation/barrier-free/", "accessible_toilet": false, "ostomate": true, "elevator": true, "slope": false, "braille_block": false, "wheelchair_parking": false, "diaper_change": true, "assist_dog_toilet": false}}, {"type": "Feature", "geometry": {"type": "Point", "coordinates": [139.6995728, 35.69132917]}, "properties": {"id": "af-transport-5", "category": "交通", "name": "JR 千駄ヶ谷駅", "address": "渋谷区千駄ヶ谷1丁目", "url": "https://www.jreast.co.jp/estation/barrier-free/", "accessible_toilet": false, "ostomate": true, "elevator": true, "slope": false, "braille_block": false, "wheelchair_parking": false, "diaper_change": true, "assist_dog_toilet": false}}, {"type": "Feature", "geometry": {"type": "Point", "coordinates": [139.6995728, 35.683033]}, "properties": {"id": "af-transport-6", "category": "交通", "name": "JR 代々木駅", "address": "渋谷区代々木1丁目", "url": "https://www.jreast.co.jp/estation/barrier-free/", "accessible_toilet": false, "ostomate": true, "elevator": true, "slope": false, "braille_block": false, "wheelchair_parking": false, "diaper_change": true, "assist_dog_toilet": false}}, {"type": "Feature", "geometry": {"type": "Point", "coordinates": [139.7982692, 35.71191806]}, "properties": {"id": "af-transport-7", "category": "交通", "name": "大江戸線 代々木", "address": "渋谷区代々木一丁目35番5号", "url": "https://www.kotsu.metro.tokyo.jp/subway/stations/yoyogi.html", "accessible_toilet": false, "ostomate": true, "elevator": true, "slope": false, "braille_block": true, "wheelchair_parking": false, "diaper_change": true, "assist_dog_toilet": false}}, {"type": "Feature", "geometry": {"type": "Point", "coordinates": [139.6995728, 35.69132917]}, "properties": {"id": "af-transport-8", "category": "交通", "name": "JR 大久保駅", "address": "新宿区百人町1丁目", "url": "https://www.jreast.co.jp/estation/barrier-free/", "accessible_toilet": false, "ostomate": true, "elevator": true, "slope": false, "braille_block": false, "wheelchair_parking": false, "diaper_change": true, "assist_dog_toilet": false}}, {"type": "Feature", "geometry": {"type": "Point", "coordinates": [139.6995728, 35.69132917]}, "properties": {"id": "af-transport-9", "category": "交通", "name": "JR 東中野駅", "address": "中野区東中野4丁目", "url": "https://www.jreast.co.jp/estation/barrier-free/", "accessible_toilet": false, "ostomate": true, "elevator": true, "slope": false, "braille_block": false, "wheelchair_parking": false, "diaper_change": true, "assist_dog_toilet": false}}, {"type": "Feature", "geometry": {"type": "Point", "coordinates": [139.774198, 35.69869]}, "properties": {"id": "af-transport-10", "category": "交通", "name": "大江戸線 東中野", "address": "中野区東中野三丁目8番16号", "url": "https://www.kotsu.metro.tokyo.jp/subway/stations/higashi-nakano.html", "accessible_toilet": false, "ostomate": true, "elevator": true, "slope": false, "braille_block": true, "wheelchair_parking": false, "diaper_change": true, "assist_dog_toilet": false}}, {"type": "Feature", "geometry": {"type": "Point", "coordinates": [139.6995728, 35.69132917]}, "properties": {"id": "af-transport-11", "category": "交通", "name": "JR 中野駅", "address": "中野区中野5丁目", "url": "https://www.jreast.co.jp/estation/barrier-free/", "accessible_toilet": false, "ostomate": true, "elevator": false, "slope": false, "braille_block": false, "wheelchair_parking": false, "diaper_change": true, "assist_dog_toilet": false}}, {"type": "Feature", "geometry": {"type": "Point", "coordinates": [139.6995728, 35.69132917]}, "properties": {"id": "af-transport-12", "category": "交通", "name": "JR 高円寺駅", "address": "杉並区高円寺南4丁目", "url": "https://www.jreast.co.jp/estation/barrier-free/", "accessible_toilet": false, "ostomate": true, "elevator": true, "slope": false, "braille_block": false, "wheelchair_parking": false, "diaper_change": true, "assist_dog_toilet": false}}, {"type": "Feature", "geometry": {"type": "Point", "coordinates": [139.6995728, 35.69132917]}, "properties": {"id": "af-transport-13", "category": "交通", "name": "JR 阿佐ケ谷駅", "address": "杉並区阿佐谷南3丁目", "url": "https://www.jreast.co.jp/estation/barrier-free/", "accessible_toilet": false, "ostomate": true, "elevator": true, "slope": false, "braille_block": false, "wheelchair_parking": false, "diaper_change": true, "assist_dog_toilet": false}}, {"type": "Feature", "geometry": {"type": "Point", "coordinates": [139.6995728, 35.69132917]}, "properties": {"id": "af-transport-14", "category": "交通", "name": "JR 荻窪駅", "address": "杉並区上荻1丁目", "url": "https://www.jreast.co.jp/estation/barrier-free/", "accessible_toilet": false, "ostomate": true, "elevator": true, "slope": false, "braille_block": false, "wheelchair_parking": false, "diaper_change": true, "assist_dog_toilet": false}}, {"type": "Feature", "geometry": {"type": "Point", "coordinates": [139.6995728, 35.69132917]}, "properties": {"id": "af-transport-15", "category": "交通", "name": "JR 西荻窪駅", "address": "杉並区上荻1丁目", "url": "https://www.jreast.co.jp/estation/barrier-free/", "accessible_toilet": false, "ostomate": true, "elevator": true, "slope": false, "braille_block": false, "wheelchair_parking": false, "diaper_change": true, "assist_dog_toilet": false}}, {"type": "Feature", "geometry": {"type": "Point", "coordinates": [139.6995728, 35.69132917]}, "properties": {"id": "af-transport-16", "category": "交通", "name": "JR 御徒町駅", "address": "台東区上野5丁目", "url": "https://www.jreast.co.jp/estation/barrier-free/", "accessible_toilet": false, "ostomate": true, "elevator": true, "slope": false, "braille_block": false, "wheelchair_parking": false, "diaper_change": true, "assist_dog_toilet": false}}, {"type": "Feature", "geometry": {"type": "Point", "coordinates": [139.6995728, 35.69132917]}, "properties": {"id": "af-transport-17", "category": "交通", "name": "JR 鶯谷駅", "address": "台東区根岸1丁目", "url": "https://www.jreast.co.jp/estation/barrier-free/", "accessible_toilet": false, "ostomate": true, "elevator": true, "slope": false, "braille_block": false, "wheelchair_parking": false, "diaper_change": true, "assist_dog_toilet": false}}, {"type": "Feature", "geometry": {"type": "Point", "coordinates": [139.6995728, 35.69132917]}, "properties": {"id": "af-transport-18", "category": "交通", "name": "JR 日暮里駅", "address": "荒川区西日暮里2丁目", "url": "https://www.jreast.co.jp/estation/barrier-free/", "accessible_toilet": false, "ostomate": true, "elevator": true, "slope": false, "braille_block": false, "wheelchair_parking": false, "diaper_change": true, "assist_dog_toilet": false}}, {"type": "Feature", "geometry": {"type": "Point", "coordinates": [139.6995728, 35.69132917]}, "properties": {"id": "af-transport-19", "category": "交通", "name": "JR 西日暮里駅", "address": "荒川区西日暮里5丁目", "url": "https://www.jreast.co.jp/estation/barrier-free/", "accessible_toilet": false, "ostomate": true, "elevator": true, "slope": false, "braille_block": false, "wheelchair_parking": false, "diaper_change": true, "assist_dog_toilet": false}}, {"type": "Feature", "geometry": {"type": "Point", "coordinates": [139.6995728, 35.69132917]}, "properties": {"id": "af-transport-20", "category": "交通", "name": "JR 田端駅", "address": "北区東田端1丁目", "url": "https://www.jreast.co.jp/estation/barrier-free/", "accessible_toilet": false, "ostomate": true, "elevator": true, "slope": false, "braille_block": false, "wheelchair_parking": false, "diaper_change": true, "assist_dog_toilet": false}}, {"type": "Feature", "geometry": {"type": "Point", "coordinates": [139.6995728, 35.69132917]}, "properties": {"id": "af-transport-21", "category": "交通", "name": "JR 上中里駅", "address": "北区上中里1丁目", "url": "https://www.jreast.co.jp/estation/barrier-free/", "accessible_toilet": false, "ostomate": true, "elevator": true, "slope": false, "braille_block": false, "wheelchair_parking": false, "diaper_change": true, "assist_dog_toilet": false}}, {"type": "Feature", "geometry": {"type": "Point", "coordinates": [139.6995728, 35.69132917]}, "properties": {"id": "af-transport-22", "category": "交通", "name": "JR 王子駅", "address": "北区王子1丁目", "url": "https://www.jreast.co.jp/estation/barrier-free/", "accessible_toilet": false, "ostomate": true, "elevator": true, "slope": false, "braille_block": false, "wheelchair_parking": false, "diaper_change": true, "assist_dog_toilet": false}}, {"type": "Feature", "geometry": {"type": "Point", "coordinates": [139.6995728, 35.69132917]}, "properties": {"id": "af-transport-23", "category": "交通", "name": "JR 東十条駅", "address": "北区東十条3丁目", "url": "https://www.jreast.co.jp/estation/barrier-free/", "accessible_toilet": false, "ostomate": true, "elevator": true, "slope": false, "braille_block": false, "wheelchair_parking": false, "diaper_change": true, "assist_dog_toilet": false}}, {"type": "Feature", "geometry": {"type": "Point", "coordinates": [139.6995728, 35.69132917]}, "properties": {"id": "af-transport-24", "category": "交通", "name": "JR 赤羽駅", "address": "北区赤羽1丁目", "url": "https://www.jreast.co.jp/estation/barrier-free/", "accessible_toilet": false, "ostomate": true, "elevator": true, "slope": false, "braille_block": false, "wheelchair_parking": false, "diaper_change": true, "assist_dog_toilet": false}}, {"type": "Feature", "geometry": {"type": "Point", "coordinates": [139.6995728, 35.69132917]}, "properties": {"id": "af-transport-25", "category": "交通", "name": "JR 尾久駅", "address": "北区昭和町1丁目", "url": "https://www.jreast.co.jp/estation/barrier-free/", "accessible_toilet": false, "ostomate": true, "elevator": true, "slope": false, "braille_block": false, "wheelchair_parking": false, "diaper_change": true, "assist_dog_toilet": false}}, {"type": "Feature", "geometry": {"type": "Point", "coordinates": [139.6995728, 35.69132917]}, "properties": {"id": "af-transport-26", "category": "交通", "name": "JR 北赤羽駅", "address": "北区赤羽北2丁目", "url": "https://www.jreast.co.jp/estation/barrier-free/", "accessible_toilet": false, "ostomate": true, "elevator": true, "slope": false, "braille_block": false, "wheelchair_parking": false, "diaper_change": true, "assist_dog_toilet": false}}, {"type": "Feature", "geometry": {"type": "Point", "coordinates": [139.6995728, 35.69132917]}, "properties": {"id": "af-transport-27", "category": "交通", "name": "JR 浮間舟渡駅", "address": "北区浮間4丁目", "url": "https://www.jreast.co.jp/estation/barrier-free/", "accessible_toilet": false, "ostomate": true, "elevator": true, "slope": false, "braille_block": false, "wheelchair_parking": false, "diaper_change": true, "assist_dog_toilet": false}}, {"type": "Feature", "geometry": {"type": "Point", "coordinates": [139.6995728, 35.69132917]}, "properties": {"id": "af-transport-28", "category": "交通", "name": "JR 三河島駅", "address": "荒川区西日暮里1丁目", "url": "https://www.jreast.co.jp/estation/barrier-free/", "accessible_toilet": false, "ostomate": true, "elevator": true, "slope": false, "braille_block": false, "wheelchair_parking": false, "diaper_change": true, "assist_dog_toilet": false}}, {"type": "Feature", "geometry": {"type": "Point", "coordinates": [139.6995728, 35.69132917]}, "properties": {"id": "af-transport-29", "category": "交通", "name": "JR 南千住駅", "address": "荒川区南千住4丁目", "url": "https://www.jreast.co.jp/estation/barrier-free/", "accessible_toilet": false, "ostomate": true, "elevator": true, "slope": false, "braille_block": false, "wheelchair_parking": false, "diaper_change": true, "assist_dog_toilet": false}}, {"type": "Feature", "geometry": {"type": "Point", "coordinates": [139.6995728, 35.69132917]}, "properties": {"id": "af-transport-30", "category": "交通", "name": "JR 北千住駅", "address": "足立区千住旭町", "url": "https://www.jreast.co.jp/estation/barrier-free/", "accessible_toilet": false, "ostomate": true, "elevator": true, "slope": false, "braille_block": false, "wheelchair_parking": false, "diaper_change": true, "assist_dog_toilet": false}}, {"type": "Feature", "geometry": {"type": "Point", "coordinates": [139.6995728, 35.69132917]}, "properties": {"id": "af-transport-31", "category": "交通", "name": "JR 亀有駅", "address": "葛飾区亀有3丁目", "url": "https://www.jreast.co.jp/estation/barrier-free/", "accessible_toilet": false, "ostomate": true, "elevator": true, "slope": false, "braille_block": false, "wheelchair_parking": false, "diaper_change": true, "assist_dog_toilet": false}}, {"type": "Feature", "geometry": {"type": "Point", "coordinates": [139.6995728, 35.69132917]}, "properties": {"id": "af-transport-32", "category": "交通", "name": "JR 金町駅", "address": "葛飾区金町6丁目", "url": "https://www.jreast.co.jp/estation/barrier-free/", "accessible_toilet": false, "ostomate": true, "elevator": true, "slope": false, "braille_block": false, "wheelchair_parking": false, "diaper_change": true, "assist_dog_toilet": false}}, {"type": "Feature", "geometry": {"type": "Point", "coordinates": [139.6995728, 35.69132917]}, "properties": {"id": "af-transport-33", "category": "交通", "name": "JR 新日本橋駅", "address": "中央区日本橋室町4丁目", "url": "https://www.jreast.co.jp/estation/barrier-free/", "accessible_toilet": false, "ostomate": true, "elevator": true, "slope": false, "braille_block": false, "wheelchair_parking": false, "diaper_change": true, "assist_dog_toilet": false}}, {"type": "Feature", "geometry": {"type": "Point", "coordinates": [139.6995728, 35.69132917]}, "properties": {"id": "af-transport-34", "category": "交通", "name": "JR 馬喰町駅", "address": "中央区日本橋馬喰町1丁目", "url": "https://www.jreast.co.jp/estation/barrier-free/", "accessible_toilet": false, "ostomate": true, "elevator": true, "slope": false, "braille_block": false, "wheelchair_parking": false, "diaper_change": true, "assist_dog_toilet": false}}, {"type": "Feature", "geometry": {"type": "Point", "coordinates": [139.6995728, 35.69132917]}, "properties": {"id": "af-transport-35", "category": "交通", "name": "JR 八丁堀駅", "address": "中央区八丁堀3丁目", "url": "https://www.jreast.co.jp/estation/barrier-free/", "accessible_toilet": false, "ostomate": true, "elevator": true, "slope": false, "braille_block": false, "wheelchair_parking": false, "diaper_change": true, "assist_dog_toilet": false}}, {"type": "Feature", "geometry": {"type": "Point", "coordinates": [139.6995728, 35.69132917]}, "properties": {"id": "af-transport-36", "category": "交通", "name": "JR 越中島駅", "address": "江東区越中島2丁目", "url": "https://www.jreast.co.jp/estation/barrier-free/", "accessible_toilet": false, "ostomate": true, "elevator": true, "slope": false, "braille_block": false, "wheelchair_parking": false, "diaper_change": true, "assist_dog_toilet": false}}, {"type": "Feature", "geometry": {"type": "Point", "coordinates": [139.6995728, 35.69132917]}, "properties": {"id": "af-transport-37", "category": "交通", "name": "JR 駒込駅", "address": "豊島区駒込2丁目", "url": "https://www.jreast.co.jp/estation/barrier-free/", "accessible_toilet": false, "ostomate": true, "elevator": true, "slope": false, "braille_block": false, "wheelchair_parking": false, "diaper_change": true, "assist_dog_toilet": false}}, {"type": "Feature", "geometry": {"type": "Point", "coordinates": [139.6995728, 35.69132917]}, "properties": {"id": "af-transport-38", "category": "交通", "name": "JR 巣鴨駅", "address": "豊島区巣鴨1丁目", "url": "https://www.jreast.co.jp/estation/barrier-free/", "accessible_toilet": false, "ostomate": true, "elevator": true, "slope": false, "braille_block": false, "wheelchair_parking": false, "diaper_change": true, "assist_dog_toilet": false}}, {"type": "Feature", "geometry": {"type": "Point", "coordinates": [139.7567222, 35.65547833]}, "properties": {"id": "af-transport-39", "category": "交通", "name": "三田線 巣鴨", "address": "豊島区巣鴨三丁目27番7号", "url": "https://www.kotsu.metro.tokyo.jp/subway/stations/sugamo.html", "accessible_toilet": false, "ostomate": true, "elevator": true, "slope": false, "braille_block": true, "wheelchair_parking": false, "diaper_change": true, "assist_dog_toilet": false}}, {"type": "Feature", "geometry": {"type": "Point", "coordinates": [139.6995728, 35.69132917]}, "properties": {"id": "af-transport-40", "category": "交通", "name": "JR 大塚駅", "address": "豊島区南大塚3丁目", "url": "https://www.jreast.co.jp/estation/barrier-free/", "accessible_toilet": false, "ostomate": true, "elevator": true, "slope": false, "braille_block": false, "wheelchair_parking": false, "diaper_change": true, "assist_dog_toilet": false}}, {"type": "Feature", "geometry": {"type": "Point", "coordinates": [139.6995728, 35.69132917]}, "properties": {"id": "af-transport-41", "category": "交通", "name": "JR 目白駅", "address": "豊島区目白3丁目", "url": "https://www.jreast.co.jp/estation/barrier-free/", "accessible_toilet": false, "ostomate": true, "elevator": true, "slope": false, "braille_block": false, "wheelchair_parking": false, "diaper_change": true, "assist_dog_toilet": false}}, {"type": "Feature", "geometry": {"type": "Point", "coordinates": [139.6995728, 35.69132917]}, "properties": {"id": "af-transport-42", "category": "交通", "name": "JR 高田馬場駅", "address": "新宿区高田馬場1丁目", "url": "https://www.jreast.co.jp/estation/barrier-free/", "accessible_toilet": false, "ostomate": true, "elevator": true, "slope": false, "braille_block": false, "wheelchair_parking": false, "diaper_change": true, "assist_dog_toilet": false}}, {"type": "Feature", "geometry": {"type": "Point", "coordinates": [139.6995728, 35.69132917]}, "properties": {"id": "af-transport-43", "category": "交通", "name": "JR 原宿駅", "address": "渋谷区神宮前1丁目", "url": "https://www.jreast.co.jp/estation/barrier-free/", "accessible_toilet": false, "ostomate": true, "elevator": true, "slope": false, "braille_block": false, "wheelchair_parking": false, "diaper_change": true, "assist_dog_toilet": false}}, {"type": "Feature", "geometry": {"type": "Point", "coordinates": [139.6995728, 35.69132917]}, "properties": {"id": "af-transport-44", "category": "交通", "name": "JR 恵比寿駅", "address": "渋谷区恵比寿南1丁目", "url": "https://www.jreast.co.jp/estation/barrier-free/", "accessible_toilet": false, "ostomate": true, "elevator": true, "slope": false, "braille_block": false, "wheelchair_parking": false, "diaper_change": true, "assist_dog_toilet": false}}, {"type": "Feature", "geometry": {"type": "Point", "coordinates": [139.6995728, 35.69132917]}, "properties": {"id": "af-transport-45", "category": "交通", "name": "JR 目黒駅", "address": "品川区上大崎2丁目", "url": "https://www.jreast.co.jp/estation/barrier-free/", "accessible_toilet": false, "ostomate": true, "elevator": true, "slope": false, "braille_block": false, "wheelchair_parking": false, "diaper_change": true, "assist_dog_toilet": false}}, {"type": "Feature", "geometry": {"type": "Point", "coordinates": [139.7840283, 35.54884472]}, "properties": {"id": "af-transport-46", "category": "交通", "name": "三田線 目黒", "address": "", "url": "https://www.kotsu.metro.tokyo.jp/subway/stations/meguro.html", "accessible_toilet": false, "ostomate": false, "elevator": true, "slope": false, "braille_block": false, "wheelchair_parking": false, "diaper_change": true, "assist_dog_toilet": false}}, {"type": "Feature", "geometry": {"type": "Point", "coordinates": [139.6995728, 35.69132917]}, "properties": {"id": "af-transport-47", "category": "交通", "name": "JR 五反田駅", "address": "品川区東五反田1丁目", "url": "https://www.jreast.co.jp/estation/barrier-free/", "accessible_toilet": false, "ostomate": true, "elevator": true, "slope": false, "braille_block": false, "wheelchair_parking": false, "diaper_change": true, "assist_dog_toilet": false}}, {"type": "Feature", "geometry": {"type": "Point", "coordinates": [139.7691161, 35.54470667]}, "properties": {"id": "af-transport-48", "category": "交通", "name": "浅草線　五反田", "address": "品川区東五反田一丁目26番2号", "url": "https://www.kotsu.metro.tokyo.jp/subway/stations/gotanda.html", "accessible_toilet": false, "ostomate": true, "elevator": true, "slope": false, "braille_block": true, "wheelchair_parking": false, "diaper_change": true, "assist_dog_toilet": false}}, {"type": "Feature", "geometry": {"type": "Point", "coordinates": [139.6995728, 35.69132917]}, "properties": {"id": "af-transport-49", "category": "交通", "name": "JR 大崎駅", "address": "品川区大崎1丁目", "url": "https://www.jreast.co.jp/estation/barrier-free/", "accessible_toilet": false, "ostomate": true, "elevator": true, "slope": false, "braille_block": false, "wheelchair_parking": false, "diaper_change": true, "assist_dog_toilet": false}}, {"type": "Feature", "geometry": {"type": "Point", "coordinates": [139.6995728, 35.69132917]}, "properties": {"id": "af-transport-50", "category": "交通", "name": "JR 十条駅", "address": "北区上十条1丁目", "url": "https://www.jreast.co.jp/estation/barrier-free/", "accessible_toilet": false, "ostomate": true, "elevator": true, "slope": false, "braille_block": false, "wheelchair_parking": false, "diaper_change": true, "assist_dog_toilet": false}}, {"type": "Feature", "geometry": {"type": "Point", "coordinates": [139.6995728, 35.69132917]}, "properties": {"id": "af-transport-51", "category": "交通", "name": "JR 矢野口駅", "address": "稲城市矢野口", "url": "https://www.jreast.co.jp/estation/barrier-free/", "accessible_toilet": false, "ostomate": true, "elevator": true, "slope": false, "braille_block": false, "wheelchair_parking": false, "diaper_change": true, "assist_dog_toilet": false}}, {"type": "Feature", "geometry": {"type": "Point", "coordinates": [139.6995728, 35.69132917]}, "properties": {"id": "af-transport-52", "category": "交通", "name": "JR 稲城長沼駅", "address": "稲城市東長沼", "url": "https://www.jreast.co.jp/estation/barrier-free/", "accessible_toilet": false, "ostomate": true, "elevator": true, "slope": false, "braille_block": false, "wheelchair_parking": false, "diaper_change": true, "assist_dog_toilet": false}}, {"type": "Feature", "geometry": {"type": "Point", "coordinates": [139.6995728, 35.69132917]}, "properties": {"id": "af-transport-53", "category": "交通", "name": "JR 南多摩駅", "address": "稲城市大丸", "url": "https://www.jreast.co.jp/estation/barrier-free/", "accessible_toilet": false, "ostomate": true, "elevator": true, "slope": false, "braille_block": false, "wheelchair_parking": false, "diaper_change": true, "assist_dog_toilet": false}}, {"type": "Feature", "geometry": {"type": "Point", "coordinates": [139.6995728, 35.69132917]}, "properties": {"id": "af-transport-54", "category": "交通", "name": "JR 府中本町駅", "address": "府中市本町1丁目", "url": "https://www.jreast.co.jp/estation/barrier-free/", "accessible_toilet": false, "ostomate": true, "elevator": true, "slope": false, "braille_block": false, "wheelchair_parking": false, "diaper_change": true, "assist_dog_toilet": false}}, {"type": "Feature", "geometry": {"type": "Point", "coordinates": [139.6995728, 35.69132917]}, "properties": {"id": "af-transport-55", "category": "交通", "name": "JR 分倍河原駅", "address": "府中市片町2丁目", "url": "https://www.jreast.co.jp/estation/barrier-free/", "accessible_toilet": false, "ostomate": true, "elevator": true, "slope": false, "braille_block": false, "wheelchair_parking": false, "diaper_change": true, "assist_dog_toilet": false}}, {"type": "Feature", "geometry": {"type": "Point", "coordinates": [139.6995728, 35.69132917]}, "properties": {"id": "af-transport-56", "category": "交通", "name": "JR 西府駅", "address": "府中市本宿町1丁目", "url": "https://www.jreast.co.jp/estation/barrier-free/", "accessible_toilet": false, "ostomate": true, "elevator": true, "slope": false, "braille_block": false, "wheelchair_parking": false, "diaper_change": true, "assist_dog_toilet": false}}, {"type": "Feature", "geometry": {"type": "Point", "coordinates": [139.6995728, 35.69132917]}, "properties": {"id": "af-transport-57", "category": "交通", "name": "JR 谷保駅", "address": "国立市谷保", "url": "https://www.jreast.co.jp/estation/barrier-free/", "accessible_toilet": false, "ostomate": true, "elevator": true, "slope": false, "braille_block": false, "wheelchair_parking": false, "diaper_change": true, "assist_dog_toilet": false}}, {"type": "Feature", "geometry": {"type": "Point", "coordinates": [139.6995728, 35.69132917]}, "properties": {"id": "af-transport-58", "category": "交通", "name": "JR 矢川駅", "address": "国立市石田", "url": "https://www.jreast.co.jp/estation/barrier-free/", "accessible_toilet": false, "ostomate": true, "elevator": true, "slope": false, "braille_block": false, "wheelchair_parking": false, "diaper_change": true, "assist_dog_toilet": false}}, {"type": "Feature", "geometry": {"type": "Point", "coordinates": [139.6995728, 35.69132917]}, "properties": {"id": "af-transport-59", "category": "交通", "name": "JR 西国立駅", "address": "立川市羽衣町1丁目", "url": "https://www.jreast.co.jp/estation/barrier-free/", "accessible_toilet": false, "ostomate": true, "elevator": true, "slope": false, "braille_block": false, "wheelchair_parking": false, "diaper_change": true, "assist_dog_toilet": false}}, {"type": "Feature", "geometry": {"type": "Point", "coordinates": [139.6995728, 35.69132917]}, "properties": {"id": "af-transport-60", "category": "交通", "name": "JR 北府中駅", "address": "府中市晴見町2丁目", "url": "https://www.jreast.co.jp/estation/barrier-free/", "accessible_toilet": false, "ostomate": true, "elevator": true, "slope": false, "braille_block": false, "wheelchair_parking": false, "diaper_change": true, "assist_dog_toilet": false}}, {"type": "Feature", "geometry": {"type": "Point", "coordinates": [139.6995728, 35.69132917]}, "properties": {"id": "af-transport-61", "category": "交通", "name": "JR 新小平駅", "address": "小平市小川町2丁目", "url": "https://www.jreast.co.jp/estation/barrier-free/", "accessible_toilet": false, "ostomate": true, "elevator": true, "slope": false, "braille_block": false, "wheelchair_parking": false, "diaper_change": true, "assist_dog_toilet": false}}, {"type": "Feature", "geometry": {"type": "Point", "coordinates": [139.6995728, 35.69132917]}, "properties": {"id": "af-transport-62", "category": "交通", "name": "JR 新秋津駅", "address": "東村山市秋津町5丁目", "url": "https://www.jreast.co.jp/estation/barrier-free/", "accessible_toilet": false, "ostomate": true, "elevator": true, "slope": false, "braille_block": false, "wheelchair_parking": false, "diaper_change": true, "assist_dog_toilet": false}}, {"type": "Feature", "geometry": {"type": "Point", "coordinates": [139.6995728, 35.69132917]}, "properties": {"id": "af-transport-63", "category": "交通", "name": "JR 相原駅", "address": "町田市相原町", "url": "https://www.jreast.co.jp/estation/barrier-free/", "accessible_toilet": false, "ostomate": true, "elevator": true, "slope": false, "braille_block": false, "wheelchair_parking": false, "diaper_change": true, "assist_dog_toilet": false}}, {"type": "Feature", "geometry": {"type": "Point", "coordinates": [139.6995728, 35.69132917]}, "properties": {"id": "af-transport-64", "category": "交通", "name": "JR 八王子みなみ野駅", "address": "八王子市みなみ野1丁目", "url": "https://www.jreast.co.jp/estation/barrier-free/", "accessible_toilet": false, "ostomate": true, "elevator": true, "slope": false, "braille_block": false, "wheelchair_parking": false, "diaper_change": true, "assist_dog_toilet": false}}, {"type": "Feature", "geometry": {"type": "Point", "coordinates": [139.6995728, 35.69132917]}, "properties": {"id": "af-transport-65", "category": "交通", "name": "JR 片倉駅", "address": "八王子市片倉町", "url": "https://www.jreast.co.jp/estation/barrier-free/", "accessible_toilet": false, "ostomate": true, "elevator": true, "slope": false, "braille_block": false, "wheelchair_parking": false, "diaper_change": true, "assist_dog_toilet": false}}, {"type": "Feature", "geometry": {"type": "Point", "coordinates": [139.6995728, 35.69132917]}, "properties": {"id": "af-transport-66", "category": "交通", "name": "JR 成瀬駅", "address": "町田市南成瀬1丁目1番5号", "url": "https://www.jreast.co.jp/estation/barrier-free/", "accessible_toilet": false, "ostomate": true, "elevator": true, "slope": false, "braille_block": false, "wheelchair_parking": false, "diaper_change": true, "assist_dog_toilet": false}}, {"type": "Feature", "geometry": {"type": "Point", "coordinates": [139.6995728, 35.69132917]}, "properties": {"id": "af-transport-67", "category": "交通", "name": "JR 町田駅", "address": "町田市原町田1丁目", "url": "https://www.jreast.co.jp/estation/barrier-free/", "accessible_toilet": false, "ostomate": true, "elevator": true, "slope": false, "braille_block": false, "wheelchair_parking": false, "diaper_change": true, "assist_dog_toilet": false}}, {"type": "Feature", "geometry": {"type": "Point", "coordinates": [139.6995728, 35.69132917]}, "properties": {"id": "af-transport-68", "category": "交通", "name": "JR 三鷹駅", "address": "三鷹市下連雀3丁目", "url": "https://www.jreast.co.jp/estation/barrier-free/", "accessible_toilet": false, "ostomate": true, "elevator": true, "slope": false, "braille_block": false, "wheelchair_parking": false, "diaper_change": true, "assist_dog_toilet": false}}, {"type": "Feature", "geometry": {"type": "Point", "coordinates": [139.6995728, 35.69132917]}, "properties": {"id": "af-transport-69", "category": "交通", "name": "JR 武蔵境駅", "address": "武蔵野市境1丁目", "url": "https://www.jreast.co.jp/estation/barrier-free/", "accessible_toilet": false, "ostomate": true, "elevator": true, "slope": false, "braille_block": false, "wheelchair_parking": false, "diaper_change": true, "assist_dog_toilet": false}}, {"type": "Feature", "geometry": {"type": "Point", "coordinates": [139.6995728, 35.69132917]}, "properties": {"id": "af-transport-70", "category": "交通", "name": "JR 東小金井駅", "address": "小金井市梶野町5丁目", "url": "https://www.jreast.co.jp/estation/barrier-free/", "accessible_toilet": false, "ostomate": true, "elevator": true, "slope": false, "braille_block": false, "wheelchair_parking": false, "diaper_change": true, "assist_dog_toilet": false}}, {"type": "Feature", "geometry": {"type": "Point", "coordinates": [139.6995728, 35.69132917]}, "properties": {"id": "af-transport-71", "category": "交通", "name": "JR 武蔵小金井駅", "address": "小金井市本町6丁目", "url": "https://www.jreast.co.jp/estation/barrier-free/", "accessible_toilet": false, "ostomate": true, "elevator": true, "slope": false, "braille_block": false, "wheelchair_parking": false, "diaper_change": true, "assist_dog_toilet": false}}, {"type": "Feature", "geometry": {"type": "Point", "coordinates": [139.6995728, 35.69132917]}, "properties": {"id": "af-transport-72", "category": "交通", "name": "JR 国分寺駅", "address": "国分寺市本町2丁目", "url": "https://www.jreast.co.jp/estation/barrier-free/", "accessible_toilet": false, "ostomate": true, "elevator": true, "slope": false, "braille_block": false, "wheelchair_parking": false, "diaper_change": true, "assist_dog_toilet": false}}, {"type": "Feature", "geometry": {"type": "Point", "coordinates": [139.6995728, 35.69132917]}, "properties": {"id": "af-transport-73", "category": "交通", "name": "JR 西国分寺駅", "address": "国分寺市西恋ヶ窪2丁目", "url": "https://www.jreast.co.jp/estation/barrier-free/", "accessible_toilet": false, "ostomate": true, "elevator": true, "slope": false, "braille_block": false, "wheelchair_parking": false, "diaper_change": true, "assist_dog_toilet": false}}, {"type": "Feature", "geometry": {"type": "Point", "coordinates": [139.6995728, 35.69132917]}, "properties": {"id": "af-transport-74", "category": "交通", "name": "JR 国立駅", "address": "国立市北1丁目", "url": "https://www.jreast.co.jp/estation/barrier-free/", "accessible_toilet": false, "ostomate": true, "elevator": true, "slope": false, "braille_block": false, "wheelchair_parking": false, "diaper_change": true, "assist_dog_toilet": false}}, {"type": "Feature", "geometry": {"type": "Point", "coordinates": [139.6995728, 35.69132917]}, "properties": {"id": "af-transport-75", "category": "交通", "name": "JR 立川駅", "address": "立川市曙町2丁目", "url": "https://www.jreast.co.jp/estation/barrier-free/", "accessible_toilet": false, "ostomate": true, "elevator": true, "slope": false, "braille_block": false, "wheelchair_parking": false, "diaper_change": true, "assist_dog_toilet": false}}, {"type": "Feature", "geometry": {"type": "Point", "coordinates": [139.6995728, 35.69132917]}, "properties": {"id": "af-transport-76", "category": "交通", "name": "JR 日野駅", "address": "日野市大坂上1丁目", "url": "https://www.jreast.co.jp/estation/barrier-free/", "accessible_toilet": false, "ostomate": true, "elevator": true, "slope": false, "braille_block": false, "wheelchair_parking": false, "diaper_change": true, "assist_dog_toilet": false}}, {"type": "Feature", "geometry": {"type": "Point", "coordinates": [139.6995728, 35.69132917]}, "properties": {"id": "af-transport-77", "category": "交通", "name": "JR 豊田駅", "address": "日野市豊田4丁目", "url": "https://www.jreast.co.jp/estation/barrier-free/", "accessible_toilet": false, "ostomate": true, "elevator": true, "slope": false, "braille_block": false, "wheelchair_parking": false, "diaper_change": true, "assist_dog_toilet": false}}, {"type": "Feature", "geometry": {"type": "Point", "coordinates": [139.6995728, 35.69132917]}, "properties": {"id": "af-transport-78", "category": "交通", "name": "JR 八王子駅", "address": "八王子市旭町1丁目", "url": "https://www.jreast.co.jp/estation/barrier-free/", "accessible_toilet": false, "ostomate": true, "elevator": true, "slope": false, "braille_block": false, "wheelchair_parking": false, "diaper_change": true, "assist_dog_toilet": false}}, {"type": "Feature", "geometry": {"type": "Point", "coordinates": [139.6995728, 35.69132917]}, "properties": {"id": "af-transport-79", "category": "交通", "name": "JR 西八王子駅", "address": "八王子市千人町2丁目", "url": "https://www.jreast.co.jp/estation/barrier-free/", "accessible_toilet": false, "ostomate": true, "elevator": true, "slope": false, "braille_block": false, "wheelchair_parking": false, "diaper_change": true, "assist_dog_toilet": false}}, {"type": "Feature", "geometry": {"type": "Point", "coordinates": [139.6995728, 35.69132917]}, "properties": {"id": "af-transport-80", "category": "交通", "name": "JR 西立川駅", "address": "立川市富士見町1丁目", "url": "https://www.jreast.co.jp/estation/barrier-free/", "accessible_toilet": false, "ostomate": true, "elevator": true, "slope": false, "braille_block": false, "wheelchair_parking": false, "diaper_change": true, "assist_dog_toilet": false}}, {"type": "Feature", "geometry": {"type": "Point", "coordinates": [139.6995728, 35.69132917]}, "properties": {"id": "af-transport-81", "category": "交通", "name": "JR 東中神駅", "address": "昭島市玉川町1丁目", "url": "https://www.jreast.co.jp/estation/barrier-free/", "accessible_toilet": false, "ostomate": true, "elevator": true, "slope": false, "braille_block": false, "wheelchair_parking": false, "diaper_change": true, "assist_dog_toilet": false}}, {"type": "Feature", "geometry": {"type": "Point", "coordinates": [139.6995728, 35.69132917]}, "properties": {"id": "af-transport-82", "category": "交通", "name": "JR 中神駅", "address": "昭島市朝日町1丁目", "url": "https://www.jreast.co.jp/estation/barrier-free/", "accessible_toilet": false, "ostomate": true, "elevator": true, "slope": false, "braille_block": false, "wheelchair_parking": false, "diaper_change": true, "assist_dog_toilet": false}}, {"type": "Feature", "geometry": {"type": "Point", "coordinates": [139.6995728, 35.69132917]}, "properties": {"id": "af-transport-83", "category": "交通", "name": "JR 昭島駅", "address": "昭島市昭和町2丁目", "url": "https://www.jreast.co.jp/estation/barrier-free/", "accessible_toilet": false, "ostomate": true, "elevator": true, "slope": false, "braille_block": false, "wheelchair_parking": false, "diaper_change": true, "assist_dog_toilet": false}}, {"type": "Feature", "geometry": {"type": "Point", "coordinates": [139.6995728, 35.69132917]}, "properties": {"id": "af-transport-84", "category": "交通", "name": "JR 拝島駅", "address": "昭島市松原町4丁目", "url": "https://www.jreast.co.jp/estation/barrier-free/", "accessible_toilet": false, "ostomate": true, "elevator": true, "slope": false, "braille_block": false, "wheelchair_parking": false, "diaper_change": true, "assist_dog_toilet": false}}, {"type": "Feature", "geometry": {"type": "Point", "coordinates": [139.6995728, 35.69132917]}, "properties": {"id": "af-transport-85", "category": "交通", "name": "JR 福生駅", "address": "福生市本町", "url": "https://www.jreast.co.jp/estation/barrier-free/", "accessible_toilet": false, "ostomate": true, "elevator": true, "slope": false, "braille_block": false, "wheelchair_parking": false, "diaper_change": true, "assist_dog_toilet": false}}, {"type": "Feature", "geometry": {"type": "Point", "coordinates": [139.6995728, 35.69132917]}, "properties": {"id": "af-transport-86", "category": "交通", "name": "JR 羽村駅", "address": "羽村市羽東1丁目", "url": "https://www.jreast.co.jp/estation/barrier-free/", "accessible_toilet": false, "ostomate": true, "elevator": true, "slope": false, "braille_block": false, "wheelchair_parking": false, "diaper_change": true, "assist_dog_toilet": false}}, {"type": "Feature", "geometry": {"type": "Point", "coordinates": [139.6995728, 35.69132917]}, "properties": {"id": "af-transport-87", "category": "交通", "name": "JR 小作駅", "address": "羽村市小作台5丁目", "url": "https://www.jreast.co.jp/estation/barrier-free/", "accessible_toilet": false, "ostomate": true, "elevator": true, "slope": false, "braille_block": false, "wheelchair_parking": false, "diaper_change": true, "assist_dog_toilet": false}}, {"type": "Feature", "geometry": {"type": "Point", "coordinates": [139.6995728, 35.69132917]}, "properties": {"id": "af-transport-88", "category": "交通", "name": "JR 河辺駅", "address": "青梅市河辺町5丁目", "url": "https://www.jreast.co.jp/estation/barrier-free/", "accessible_toilet": false, "ostomate": true, "elevator": true, "slope": false, "braille_block": false, "wheelchair_parking": false, "diaper_change": true, "assist_dog_toilet": false}}, {"type": "Feature", "geometry": {"type": "Point", "coordinates": [139.6995728, 35.69132917]}, "properties": {"id": "af-transport-89", "category": "交通", "name": "JR 青梅駅", "address": "青梅市本町", "url": "https://www.jreast.co.jp/estation/barrier-free/", "accessible_toilet": false, "ostomate": true, "elevator": true, "slope": false, "braille_block": false, "wheelchair_parking": false, "diaper_change": true, "assist_dog_toilet": false}}, {"type": "Feature", "geometry": {"type": "Point", "coordinates": [139.6995728, 35.69132917]}, "properties": {"id": "af-transport-90", "category": "交通", "name": "JR 武蔵五日市駅", "address": "あきる野市館谷", "url": "https://www.jreast.co.jp/estation/barrier-free/", "accessible_toilet": false, "ostomate": true, "elevator": true, "slope": false, "braille_block": false, "wheelchair_parking": false, "diaper_change": true, "assist_dog_toilet": false}}, {"type": "Feature", "geometry": {"type": "Point", "coordinates": [139.6995728, 35.69132917]}, "properties": {"id": "af-transport-91", "category": "交通", "name": "JR 北八王子駅", "address": "八王子市石川町", "url": "https://www.jreast.co.jp/estation/barrier-free/", "accessible_toilet": false, "ostomate": true, "elevator": true, "slope": false, "braille_block": false, "wheelchair_parking": false, "diaper_change": true, "assist_dog_toilet": false}}, {"type": "Feature", "geometry": {"type": "Point", "coordinates": [139.6995728, 35.69132917]}, "properties": {"id": "af-transport-92", "category": "交通", "name": "JR 小宮駅", "address": "八王子市小宮町", "url": "https://www.jreast.co.jp/estation/barrier-free/", "accessible_toilet": false, "ostomate": true, "elevator": true, "slope": false, "braille_block": false, "wheelchair_parking": false, "diaper_change": true, "assist_dog_toilet": false}}, {"type": "Feature", "geometry": {"type": "Point", "coordinates": [139.6995728, 35.69132917]}, "properties": {"id": "af-transport-93", "category": "交通", "name": "JR 箱根ヶ崎駅", "address": "西多摩郡瑞穂町大字箱根ヶ崎", "url": "https://www.jreast.co.jp/estation/barrier-free/", "accessible_toilet": false, "ostomate": true, "elevator": true, "slope": false, "braille_block": false, "wheelchair_parking": false, "diaper_change": true, "assist_dog_toilet": false}}, {"type": "Feature", "geometry": {"type": "Point", "coordinates": [139.6995728, 35.69132917]}, "properties": {"id": "af-transport-94", "category": "交通", "name": "JR 浅草橋駅", "address": "台東区浅草橋1丁目", "url": "https://www.jreast.co.jp/estation/barrier-free/", "accessible_toilet": false, "ostomate": true, "elevator": true, "slope": false, "braille_block": false, "wheelchair_parking": false, "diaper_change": true, "assist_dog_toilet": false}}, {"type": "Feature", "geometry": {"type": "Point", "coordinates": [139.672867, 35.787074]}, "properties": {"id": "af-transport-95", "category": "交通", "name": "浅草線　浅草橋", "address": "台東区浅草橋一丁目18番11号", "url": "https://www.kotsu.metro.tokyo.jp/subway/stations/asakusabashi.html", "accessible_toilet": false, "ostomate": true, "elevator": true, "slope": false, "braille_block": true, "wheelchair_parking": false, "diaper_change": true, "assist_dog_toilet": false}}, {"type": "Feature", "geometry": {"type": "Point", "coordinates": [139.6995728, 35.69132917]}, "properties": {"id": "af-transport-96", "category": "交通", "name": "JR 両国駅", "address": "墨田区横網1丁目", "url": "https://www.jreast.co.jp/estation/barrier-free/", "accessible_toilet": false, "ostomate": true, "elevator": true, "slope": false, "braille_block": false, "wheelchair_parking": false, "diaper_change": true, "assist_dog_toilet": false}}, {"type": "Feature", "geometry": {"type": "Point", "coordinates": [139.65405, 35.790289]}, "properties": {"id": "af-transport-97", "category": "交通", "name": "大江戸線 両国", "address": "墨田区横網一丁目4番29号", "url": "https://www.kotsu.metro.tokyo.jp/subway/stations/ryogoku.html", "accessible_toilet": false, "ostomate": true, "elevator": true, "slope": false, "braille_block": true, "wheelchair_parking": false, "diaper_change": true, "assist_dog_toilet": false}}, {"type": "Feature", "geometry": {"type": "Point", "coordinates": [139.6995728, 35.69132917]}, "properties": {"id": "af-transport-98", "category": "交通", "name": "JR 錦糸町駅", "address": "墨田区江東橋3丁目", "url": "https://www.jreast.co.jp/estation/barrier-free/", "accessible_toilet": false, "ostomate": true, "elevator": true, "slope": false, "braille_block": false, "wheelchair_parking": false, "diaper_change": true, "assist_dog_toilet": false}}, {"type": "Feature", "geometry": {"type": "Point", "coordinates": [139.6995728, 35.69132917]}, "properties": {"id": "af-transport-99", "category": "交通", "name": "JR 亀戸駅", "address": "江東区亀戸5丁目", "url": "https://www.jreast.co.jp/estation/barrier-free/", "accessible_toilet": false, "ostomate": true, "elevator": true, "slope": false, "braille_block": false, "wheelchair_parking": false, "diaper_change": true, "assist_dog_toilet": false}}, {"type": "Feature", "geometry": {"type": "Point", "coordinates": [139.6995728, 35.69132917]}, "properties": {"id": "af-transport-100", "category": "交通", "name": "JR 平井駅", "address": "江戸川区平井3丁目30番1号", "url": "https://www.jreast.co.jp/estation/barrier-free/", "accessible_toilet": false, "ostomate": true, "elevator": true, "slope": false, "braille_block": false, "wheelchair_parking": false, "diaper_change": true, "assist_dog_toilet": false}}, {"type": "Feature", "geometry": {"type": "Point", "coordinates": [139.737588, 35.69153]}, "properties": {"id": "af-transport-101", "category": "交通", "name": "JR 新小岩駅", "address": "葛飾区新小岩1丁目", "url": "https://www.jreast.co.jp/estation/barrier-free/f", "accessible_toilet": false, "ostomate": true, "elevator": true, "slope": false, "braille_block": false, "wheelchair_parking": false, "diaper_change": true, "assist_dog_toilet": false}}, {"type": "Feature", "geometry": {"type": "Point", "coordinates": [139.6995728, 35.69132917]}, "properties": {"id": "af-transport-102", "category": "交通", "name": "JR 小岩駅", "address": "江戸川区南小岩7丁目24番16号", "url": "https://www.jreast.co.jp/estation/barrier-free/", "accessible_toilet": false, "ostomate": true, "elevator": true, "slope": false, "braille_block": false, "wheelchair_parking": false, "diaper_change": true, "assist_dog_toilet": false}}, {"type": "Feature", "geometry": {"type": "Point", "coordinates": [139.6995728, 35.69132917]}, "properties": {"id": "af-transport-103", "category": "交通", "name": "JR 潮見駅", "address": "江東区潮見2丁目", "url": "https://www.jreast.co.jp/estation/barrier-free/", "accessible_toilet": false, "ostomate": true, "elevator": true, "slope": false, "braille_block": false, "wheelchair_parking": false, "diaper_change": true, "assist_dog_toilet": false}}, {"type": "Feature", "geometry": {"type": "Point", "coordinates": [139.6995728, 35.69132917]}, "properties": {"id": "af-transport-104", "category": "交通", "name": "JR 新宿駅", "address": "新宿区新宿3丁目", "url": "https://www.jreast.co.jp/estation/barrier-free/", "accessible_toilet": false, "ostomate": true, "elevator": true, "slope": false, "braille_block": false, "wheelchair_parking": false, "diaper_change": true, "assist_dog_toilet": false}}, {"type": "Feature", "geometry": {"type": "Point", "coordinates": [139.775115, 35.695607]}, "properties": {"id": "af-transport-105", "category": "交通", "name": "東京メトロ 新宿駅", "address": "新宿区西新宿1-西口地下街1", "url": "https://www.tokyometro.jp/station/shinjuku/", "accessible_toilet": false, "ostomate": true, "elevator": true, "slope": false, "braille_block": false, "wheelchair_parking": false, "diaper_change": true, "assist_dog_toilet": false}}, {"type": "Feature", "geometry": {"type": "Point", "coordinates": [139.783006, 35.69193]}, "properties": {"id": "af-transport-106", "category": "交通", "name": "大江戸線 新宿", "address": "渋谷区代々木二丁目1番1号", "url": "https://www.kotsu.metro.tokyo.jp/subway/stations/shinjuku.html", "accessible_toilet": false, "ostomate": true, "elevator": true, "slope": false, "braille_block": true, "wheelchair_parking": false, "diaper_change": true, "assist_dog_toilet": false}}, {"type": "Feature", "geometry": {"type": "Point", "coordinates": [139.787725, 35.688601]}, "properties": {"id": "af-transport-107", "category": "交通", "name": "京王 新宿駅", "address": "新宿区西新宿1-1-4", "url": "https://www.keio.co.jp/train/station/index.html", "accessible_toilet": false, "ostomate": true, "elevator": true, "slope": false, "braille_block": true, "wheelchair_parking": false, "diaper_change": true, "assist_dog_toilet": false}}, {"type": "Feature", "geometry": {"type": "Point", "coordinates": [139.796623, 35.687982]}, "properties": {"id": "af-transport-108", "category": "交通", "name": "小田急 新宿駅", "address": "新宿区西新宿1-1-3", "url": "https://www.odakyu.jp/", "accessible_toilet": false, "ostomate": true, "elevator": true, "slope": false, "braille_block": true, "wheelchair_parking": false, "diaper_change": false, "assist_dog_toilet": false}}, {"type": "Feature", "geometry": {"type": "Point", "coordinates": [139.806057, 35.688399]}, "properties": {"id": "af-transport-109", "category": "交通", "name": "西武鉄道　西武新宿駅", "address": "新宿区歌舞伎町1-30-1", "url": "", "accessible_toilet": false, "ostomate": true, "elevator": true, "slope": false, "braille_block": true, "wheelchair_parking": false, "diaper_change": true, "assist_dog_toilet": false}}, {"type": "Feature", "geometry": {"type": "Point", "coordinates": [139.815723, 35.68904]}, "properties": {"id": "af-transport-110", "category": "交通", "name": "東京メトロ 銀座駅", "address": "中央区銀座4-1-2", "url": "https://www.tokyometro.jp/station/ginza/", "accessible_toilet": false, "ostomate": true, "elevator": true, "slope": false, "braille_block": false, "wheelchair_parking": false, "diaper_change": true, "assist_dog_toilet": false}}, {"type": "Feature", "geometry": {"type": "Point", "coordinates": [139.6995728, 35.69132917]}, "properties": {"id": "af-transport-111", "category": "交通", "name": "JR 有楽町駅", "address": "千代田区有楽町2丁目", "url": "https://www.jreast.co.jp/estation/barrier-free/", "accessible_toilet": false, "ostomate": true, "elevator": true, "slope": false, "braille_block": false, "wheelchair_parking": false, "diaper_change": true, "assist_dog_toilet": false}}, {"type": "Feature", "geometry": {"type": "Point", "coordinates": [139.834705, 35.689752]}, "properties": {"id": "af-transport-112", "category": "交通", "name": "東京メトロ 有楽町駅", "address": "千代田区有楽町1-11-1", "url": "https://www.tokyometro.jp/station/yurakucho/", "accessible_toilet": false, "ostomate": true, "elevator": true, "slope": false, "braille_block": false, "wheelchair_parking": false, "diaper_change": true, "assist_dog_toilet": false}}, {"type": "Feature", "geometry": {"type": "Point", "coordinates": [139.847255, 35.689959]}, "properties": {"id": "af-transport-113", "category": "交通", "name": "東京メトロ 浅草駅", "address": "台東区浅草1-1-3", "url": "https://www.tokyometro.jp/station/asakusa/", "accessible_toilet": false, "ostomate": true, "elevator": true, "slope": false, "braille_block": false, "wheelchair_parking": false, "diaper_change": true, "assist_dog_toilet": false}}, {"type": "Feature", "geometry": {"type": "Point", "coordinates": [139.863955, 35.68376]}, "properties": {"id": "af-transport-114", "category": "交通", "name": "浅草線　浅草", "address": "台東区駒形一丁目12番14号", "url": "https://www.kotsu.metro.tokyo.jp/subway/stations/asakusa.html", "accessible_toilet": false, "ostomate": true, "elevator": true, "slope": false, "braille_block": true, "wheelchair_parking": false, "diaper_change": true, "assist_dog_toilet": false}}, {"type": "Feature", "geometry": {"type": "Point", "coordinates": [139.882586, 35.685987]}, "properties": {"id": "af-transport-115", "category": "交通", "name": "東武 浅草駅", "address": "台東区花川戸1-4-1", "url": "https://railway.tobu.co.jp/guide/station/info/1102.html", "accessible_toilet": false, "ostomate": true, "elevator": true, "slope": false, "braille_block": true, "wheelchair_parking": false, "diaper_change": true, "assist_dog_toilet": false}}, {"type": "Feature", "geometry": {"type": "Point", "coordinates": [139.6995728, 35.69132917]}, "properties": {"id": "af-transport-116", "category": "交通", "name": "JR 渋谷駅", "address": "渋谷区道玄坂1丁目", "url": "https://www.jreast.co.jp/estation/barrier-free/", "accessible_toilet": false, "ostomate": true, "elevator": true, "slope": false, "braille_block": false, "wheelchair_parking": false, "diaper_change": true, "assist_dog_toilet": false}}, {"type": "Feature", "geometry": {"type": "Point", "coordinates": [139.903796, 35.706022]}, "properties": {"id": "af-transport-117", "category": "交通", "name": "東京メトロ 渋谷駅（銀座線）", "address": "渋谷区渋谷2-21-1", "url": "https://www.tokyometro.jp/station/shibuya/", "accessible_toilet": false, "ostomate": true, "elevator": true, "slope": false, "braille_block": false, "wheelchair_parking": false, "diaper_change": true, "assist_dog_toilet": false}}, {"type": "Feature", "geometry": {"type": "Point", "coordinates": [139.787725, 35.688601]}, "properties": {"id": "af-transport-118", "category": "交通", "name": "京王 渋谷駅", "address": "渋谷区道玄坂1-4-1", "url": "https://www.keio.co.jp/train/station/index.html", "accessible_toilet": false, "ostomate": true, "elevator": false, "slope": false, "braille_block": true, "wheelchair_parking": false, "diaper_change": true, "assist_dog_toilet": false}}, {"type": "Feature", "geometry": {"type": "Point", "coordinates": [139.6995728, 35.69132917]}, "properties": {"id": "af-transport-119", "category": "交通", "name": "JR 秋葉原駅", "address": "千代田区外神田1丁目", "url": "https://www.jreast.co.jp/estation/barrier-free/", "accessible_toilet": false, "ostomate": true, "elevator": true, "slope": false, "braille_block": false, "wheelchair_parking": false, "diaper_change": true, "assist_dog_toilet": false}}, {"type": "Feature", "geometry": {"type": "Point", "coordinates": [139.707434, 35.697957]}, "properties": {"id": "af-transport-120", "category": "交通", "name": "東京メトロ 秋葉原駅", "address": "千代田区神田佐久間町1-21", "url": "https://www.tokyometro.jp/station/akihabara/", "accessible_toilet": false, "ostomate": true, "elevator": true, "slope": false, "braille_block": false, "wheelchair_parking": false, "diaper_change": true, "assist_dog_toilet": false}}, {"type": "Feature", "geometry": {"type": "Point", "coordinates": [139.718043, 35.699188]}, "properties": {"id": "af-transport-121", "category": "交通", "name": "つくばエクスプレス 秋葉原駅", "address": "千代田区神田佐久間町1-6-10", "url": "http://www.mir.co.jp", "accessible_toilet": false, "ostomate": true, "elevator": true, "slope": false, "braille_block": true, "wheelchair_parking": false, "diaper_change": true, "assist_dog_toilet": false}}, {"type": "Feature", "geometry": {"type": "Point", "coordinates": [139.72504, 35.699501]}, "properties": {"id": "af-transport-122", "category": "交通", "name": "東京メトロ 大手町駅", "address": "千代田区丸ノ内線・千代田線・半蔵門線：大手町1-6-1/東西線：大手町2-1-1", "url": "https://www.tokyometro.jp/station/otemachi/", "accessible_toilet": false, "ostomate": true, "elevator": true, "slope": false, "braille_block": false, "wheelchair_parking": false, "diaper_change": true, "assist_dog_toilet": false}}, {"type": "Feature", "geometry": {"type": "Point", "coordinates": [139.735894, 35.700911]}, "properties": {"id": "af-transport-123", "category": "交通", "name": "三田線 大手町", "address": "千代田区丸の内一丁目3番1号先", "url": "https://www.kotsu.metro.tokyo.jp/subway/stations/otemachi.html", "accessible_toilet": false, "ostomate": true, "elevator": true, "slope": false, "braille_block": true, "wheelchair_parking": false, "diaper_change": true, "assist_dog_toilet": false}}, {"type": "Feature", "geometry": {"type": "Point", "coordinates": [139.6995728, 35.69132917]}, "properties": {"id": "af-transport-124", "category": "交通", "name": "JR 上野駅", "address": "台東区上野7丁目", "url": "https://www.jreast.co.jp/estation/barrier-free/", "accessible_toilet": false, "ostomate": true, "elevator": true, "slope": false, "braille_block": false, "wheelchair_parking": false, "diaper_change": true, "assist_dog_toilet": false}}, {"type": "Feature", "geometry": {"type": "Point", "coordinates": [139.752487, 35.708493]}, "properties": {"id": "af-transport-125", "category": "交通", "name": "東京メトロ 上野駅", "address": "台東区東上野3-19-6", "url": "https://www.tokyometro.jp/station/ueno/", "accessible_toilet": false, "ostomate": true, "elevator": true, "slope": false, "braille_block": false, "wheelchair_parking": false, "diaper_change": true, "assist_dog_toilet": false}}, {"type": "Feature", "geometry": {"type": "Point", "coordinates": [139.760524, 35.70751]}, "properties": {"id": "af-transport-126", "category": "交通", "name": "東京メトロ 明治神宮前＜原宿＞", "address": "渋谷区千代田線：神宮前1-18-22/副都心線：神宮前6-30-4", "url": "https://www.tokyometro.jp/station/meiji-jingumae/", "accessible_toilet": false, "ostomate": true, "elevator": true, "slope": false, "braille_block": false, "wheelchair_parking": false, "diaper_change": true, "assist_dog_toilet": false}}, {"type": "Feature", "geometry": {"type": "Point", "coordinates": [139.773351, 35.707949]}, "properties": {"id": "af-transport-127", "category": "交通", "name": "東京メトロ 表参道駅", "address": "港区北青山3-6-12", "url": "https://www.tokyometro.jp/station/omote-sando/", "accessible_toilet": false, "ostomate": true, "elevator": true, "slope": false, "braille_block": false, "wheelchair_parking": false, "diaper_change": true, "assist_dog_toilet": false}}, {"type": "Feature", "geometry": {"type": "Point", "coordinates": [139.782166, 35.707009]}, "properties": {"id": "af-transport-128", "category": "交通", "name": "東京メトロ 青山一丁目駅", "address": "港区南青山1-1-19", "url": "https://www.tokyometro.jp/station/aoyama-itchome/", "accessible_toilet": false, "ostomate": true, "elevator": true, "slope": false, "braille_block": false, "wheelchair_parking": false, "diaper_change": true, "assist_dog_toilet": false}}, {"type": "Feature", "geometry": {"type": "Point", "coordinates": [139.792244, 35.705587]}, "properties": {"id": "af-transport-129", "category": "交通", "name": "大江戸線 青山一丁目", "address": "港区北青山1-2-4", "url": "https://www.kotsu.metro.tokyo.jp/subway/stations/aoyama-itchome.html", "accessible_toilet": false, "ostomate": true, "elevator": true, "slope": false, "braille_block": true, "wheelchair_parking": false, "diaper_change": true, "assist_dog_toilet": false}}, {"type": "Feature", "geometry": {"type": "Point", "coordinates": [139.797469, 35.696807]}, "properties": {"id": "af-transport-130", "category": "交通", "name": "東京メトロ 外苑前駅", "address": "港区北青山 2-7-16", "url": "https://www.tokyometro.jp/station/gaiemmae/", "accessible_toilet": false, "ostomate": true, "elevator": true, "slope": false, "braille_block": false, "wheelchair_parking": false, "diaper_change": true, "assist_dog_toilet": false}}, {"type": "Feature", "geometry": {"type": "Point", "coordinates": [139.798251, 35.687926]}, "properties": {"id": "af-transport-131", "category": "交通", "name": "東京臨海高速鉄道 東京テレポート駅", "address": "江東区青海1-2-1", "url": "https://www.twr.co.jp/route/tabid/112/Default.aspx", "accessible_toilet": false, "ostomate": true, "elevator": true, "slope": false, "braille_block": true, "wheelchair_parking": false, "diaper_change": true, "assist_dog_toilet": false}}, {"type": "Feature", "geometry": {"type": "Point", "coordinates": [139.798758, 35.682355]}, "properties": {"id": "af-transport-132", "category": "交通", "name": "東京臨海高速鉄道 国際展示場駅", "address": "江東区有明3-7-3", "url": "https://www.twr.co.jp/route/tabid/110/Default.aspx", "accessible_toilet": false, "ostomate": true, "elevator": true, "slope": false, "braille_block": true, "wheelchair_parking": false, "diaper_change": true, "assist_dog_toilet": false}}, {"type": "Feature", "geometry": {"type": "Point", "coordinates": [139.6995728, 35.69132917]}, "properties": {"id": "af-transport-133", "category": "交通", "name": "JR 新木場駅", "address": "江東区新木場1丁目", "url": "https://www.jreast.co.jp/estation/barrier-free/", "accessible_toilet": false, "ostomate": true, "elevator": true, "slope": false, "braille_block": false, "wheelchair_parking": false, "diaper_change": true, "assist_dog_toilet": false}}, {"type": "Feature", "geometry": {"type": "Point", "coordinates": [139.783912, 35.663757]}, "properties": {"id": "af-transport-134", "category": "交通", "name": "東京メトロ 新木場駅", "address": "江東区新木場1-6先", "url": "https://www.tokyometro.jp/station/shin-kiba/", "accessible_toilet": false, "ostomate": true, "elevator": true, "slope": false, "braille_block": false, "wheelchair_parking": false, "diaper_change": true, "assist_dog_toilet": false}}, {"type": "Feature", "geometry": {"type": "Point", "coordinates": [139.777138, 35.658934]}, "properties": {"id": "af-transport-135", "category": "交通", "name": "東京臨海高速鉄道 新木場駅", "address": "江東区新木場1-6", "url": "https://www.twr.co.jp/route/tabid/106/Default.aspx", "accessible_toilet": false, "ostomate": true, "elevator": true, "slope": false, "braille_block": true, "wheelchair_parking": false, "diaper_change": true, "assist_dog_toilet": false}}, {"type": "Feature", "geometry": {"type": "Point", "coordinates": [139.766929, 35.664919]}, "properties": {"id": "af-transport-136", "category": "交通", "name": "東京メトロ 辰巳駅", "address": "江東区辰巳1-1-44", "url": "https://www.tokyometro.jp/station/tatsumi/", "accessible_toilet": false, "ostomate": true, "elevator": true, "slope": false, "braille_block": false, "wheelchair_parking": false, "diaper_change": true, "assist_dog_toilet": false}}, {"type": "Feature", "geometry": {"type": "Point", "coordinates": [139.760225, 35.663193]}, "properties": {"id": "af-transport-137", "category": "交通", "name": "東京メトロ 赤坂駅", "address": "港区赤坂5-4-5", "url": "https://www.tokyometro.jp/station/akasaka/", "accessible_toilet": false, "ostomate": true, "elevator": true, "slope": false, "braille_block": false, "wheelchair_parking": false, "diaper_change": true, "assist_dog_toilet": false}}, {"type": "Feature", "geometry": {"type": "Point", "coordinates": [139.755696, 35.656671]}, "properties": {"id": "af-transport-138", "category": "交通", "name": "東京メトロ 六本木駅", "address": "港区六本木6-1-25", "url": "https://www.tokyometro.jp/station/roppongi/", "accessible_toilet": false, "ostomate": true, "elevator": true, "slope": false, "braille_block": false, "wheelchair_parking": false, "diaper_change": true, "assist_dog_toilet": false}}, {"type": "Feature", "geometry": {"type": "Point", "coordinates": [139.743989, 35.654985]}, "properties": {"id": "af-transport-139", "category": "交通", "name": "大江戸線 六本木", "address": "港区赤坂九丁目7番39号", "url": "https://www.kotsu.metro.tokyo.jp/subway/stations/roppongi.html", "accessible_toilet": false, "ostomate": true, "elevator": true, "slope": false, "braille_block": true, "wheelchair_parking": false, "diaper_change": true, "assist_dog_toilet": false}}, {"type": "Feature", "geometry": {"type": "Point", "coordinates": [139.73633, 35.656448]}, "properties": {"id": "af-transport-140", "category": "交通", "name": "東京メトロ 赤坂見附駅", "address": "港区赤坂3-1-6", "url": "https://www.tokyometro.jp/station/akasaka-mitsuke/", "accessible_toilet": false, "ostomate": true, "elevator": true, "slope": false, "braille_block": false, "wheelchair_parking": false, "diaper_change": true, "assist_dog_toilet": false}}, {"type": "Feature", "geometry": {"type": "Point", "coordinates": [139.731354, 35.664106]}, "properties": {"id": "af-transport-141", "category": "交通", "name": "東京メトロ 六本木一丁目駅", "address": "港区六本木1-4-1", "url": "https://www.tokyometro.jp/station/roppongi-itchome/", "accessible_toilet": false, "ostomate": true, "elevator": true, "slope": false, "braille_block": false, "wheelchair_parking": false, "diaper_change": true, "assist_dog_toilet": false}}, {"type": "Feature", "geometry": {"type": "Point", "coordinates": [139.6995728, 35.69132917]}, "properties": {"id": "af-transport-142", "category": "交通", "name": "JR 池袋駅", "address": "豊島区南池袋1丁目", "url": "https://www.jreast.co.jp/estation/barrier-free/", "accessible_toilet": false, "ostomate": true, "elevator": true, "slope": false, "braille_block": false, "wheelchair_parking": false, "diaper_change": true, "assist_dog_toilet": false}}, {"type": "Feature", "geometry": {"type": "Point", "coordinates": [139.714667, 35.679896]}, "properties": {"id": "af-transport-143", "category": "交通", "name": "東京メトロ 池袋駅", "address": "豊島区副都心線：西池袋3-28-14/丸ノ内線：南池袋1-28-1/有楽町線：西池袋1-12-1", "url": "https://www.tokyometro.jp/station/ikebukuro/", "accessible_toilet": false, "ostomate": true, "elevator": true, "slope": false, "braille_block": false, "wheelchair_parking": false, "diaper_change": true, "assist_dog_toilet": false}}, {"type": "Feature", "geometry": {"type": "Point", "coordinates": [139.701603, 35.683505]}, "properties": {"id": "af-transport-144", "category": "交通", "name": "西武鉄道　池袋駅", "address": "豊島区南池袋1-28-1", "url": "https://www.seiburailway.jp/", "accessible_toilet": false, "ostomate": true, "elevator": true, "slope": false, "braille_block": true, "wheelchair_parking": false, "diaper_change": true, "assist_dog_toilet": false}}, {"type": "Feature", "geometry": {"type": "Point", "coordinates": [139.699019, 35.688462]}, "properties": {"id": "af-transport-145", "category": "交通", "name": "東武 池袋駅", "address": "豊島区西池袋1-1-21", "url": "https://railway.tobu.co.jp/guide/station/info/7105.html", "accessible_toilet": false, "ostomate": true, "elevator": true, "slope": false, "braille_block": true, "wheelchair_parking": false, "diaper_change": false, "assist_dog_toilet": false}}, {"type": "Feature", "geometry": {"type": "Point", "coordinates": [139.692677, 35.690607]}, "properties": {"id": "af-transport-146", "category": "交通", "name": "東京メトロ 築地駅", "address": "中央区築地3-15-1", "url": "https://www.tokyometro.jp/station/tsukiji/", "accessible_toilet": false, "ostomate": true, "elevator": true, "slope": false, "braille_block": false, "wheelchair_parking": false, "diaper_change": true, "assist_dog_toilet": false}}, {"type": "Feature", "geometry": {"type": "Point", "coordinates": [139.6995728, 35.69132917]}, "properties": {"id": "af-transport-147", "category": "交通", "name": "JR 品川駅", "address": "港区高輪3丁目", "url": "https://www.jreast.co.jp/estation/barrier-free/", "accessible_toilet": false, "ostomate": true, "elevator": true, "slope": false, "braille_block": false, "wheelchair_parking": false, "diaper_change": true, "assist_dog_toilet": false}}, {"type": "Feature", "geometry": {"type": "Point", "coordinates": [139.682899, 35.697887]}, "properties": {"id": "af-transport-148", "category": "交通", "name": "京急 品川駅", "address": "港区高輪3-26-26", "url": "https://www.keikyu.co.jp/company/csr/barrierfree.html", "accessible_toilet": false, "ostomate": true, "elevator": true, "slope": false, "braille_block": true, "wheelchair_parking": false, "diaper_change": true, "assist_dog_toilet": false}}, {"type": "Feature", "geometry": {"type": "Point", "coordinates": [139.6995728, 35.69132917]}, "properties": {"id": "af-transport-149", "category": "交通", "name": "JR 吉祥寺駅", "address": "武蔵野市吉祥寺南町1丁目", "url": "https://www.jreast.co.jp/estation/barrier-free/", "accessible_toilet": false, "ostomate": true, "elevator": true, "slope": false, "braille_block": false, "wheelchair_parking": false, "diaper_change": true, "assist_dog_toilet": false}}, {"type": "Feature", "geometry": {"type": "Point", "coordinates": [139.787725, 35.688601]}, "properties": {"id": "af-transport-150", "category": "交通", "name": "京王 吉祥寺駅", "address": "武蔵野市吉祥寺南町2-1-31", "url": "https://www.keio.co.jp/train/station/index.html", "accessible_toilet": false, "ostomate": true, "elevator": true, "slope": false, "braille_block": true, "wheelchair_parking": false, "diaper_change": true, "assist_dog_toilet": false}}, {"type": "Feature", "geometry": {"type": "Point", "coordinates": [139.683389, 35.723435]}, "properties": {"id": "af-transport-151", "category": "交通", "name": "東京メトロ 押上〈スカイツリー前〉", "address": "墨田区押上1-1-65", "url": "https://www.tokyometro.jp/station/oshiage/", "accessible_toilet": false, "ostomate": true, "elevator": true, "slope": false, "braille_block": false, "wheelchair_parking": false, "diaper_change": true, "assist_dog_toilet": false}}, {"type": "Feature", "geometry": {"type": "Point", "coordinates": [139.670498, 35.732579]}, "properties": {"id": "af-transport-152", "category": "交通", "name": "浅草線　押上", "address": "墨田区押上一丁目8番21号", "url": "https://www.kotsu.metro.tokyo.jp/subway/stations/oshiage.html", "accessible_toilet": false, "ostomate": false, "elevator": true, "slope": false, "braille_block": false, "wheelchair_parking": false, "diaper_change": true, "assist_dog_toilet": false}}, {"type": "Feature", "geometry": {"type": "Point", "coordinates": [139.787725, 35.688601]}, "properties": {"id": "af-transport-153", "category": "交通", "name": "京王 高尾山口駅", "address": "八王子市高尾町2241", "url": "https://www.keio.co.jp/train/station/index.html", "accessible_toilet": false, "ostomate": true, "elevator": true, "slope": false, "braille_block": true, "wheelchair_parking": false, "diaper_change": true, "assist_dog_toilet": false}}, {"type": "Feature", "geometry": {"type": "Point", "coordinates": [139.6995728, 35.69132917]}, "properties": {"id": "af-transport-154", "category": "交通", "name": "JR 蒲田駅", "address": "大田区蒲田5丁目", "url": "https://www.jreast.co.jp/estation/barrier-free/", "accessible_toilet": false, "ostomate": true, "elevator": true, "slope": false, "braille_block": false, "wheelchair_parking": false, "diaper_change": true, "assist_dog_toilet": false}}, {"type": "Feature", "geometry": {"type": "Point", "coordinates": [139.682899, 35.697887]}, "properties": {"id": "af-transport-155", "category": "交通", "name": "京急 蒲田駅", "address": "大田区蒲田4-50-10", "url": "https://www.keikyu.co.jp/company/csr/barrierfree.html", "accessible_toilet": false, "ostomate": true, "elevator": true, "slope": false, "braille_block": true, "wheelchair_parking": false, "diaper_change": true, "assist_dog_toilet": false}}, {"type": "Feature", "geometry": {"type": "Point", "coordinates": [139.628901, 35.758527]}, "properties": {"id": "af-transport-156", "category": "交通", "name": "御岳登山鉄道 滝本駅", "address": "青梅市御岳2-483", "url": "https://www.mitaketozan.co.jp/", "accessible_toilet": false, "ostomate": true, "elevator": false, "slope": false, "braille_block": true, "wheelchair_parking": true, "diaper_change": true, "assist_dog_toilet": false}}, {"type": "Feature", "geometry": {"type": "Point", "coordinates": [139.628901, 35.758527]}, "properties": {"id": "af-transport-157", "category": "交通", "name": "御岳登山鉄道 御岳山駅", "address": "青梅市御岳山17", "url": "https://www.mitaketozan.co.jp/", "accessible_toilet": false, "ostomate": false, "elevator": false, "slope": false, "braille_block": true, "wheelchair_parking": false, "diaper_change": false, "assist_dog_toilet": false}}, {"type": "Feature", "geometry": {"type": "Point", "coordinates": [139.7606312, 35.6749187]}, "properties": {"id": "af-transport-158", "category": "交通", "name": "東京メトロ 九段下駅", "address": "千代田区九段南1-6-1", "url": "https://www.tokyometro.jp/station/kudanshita/", "accessible_toilet": false, "ostomate": true, "elevator": true, "slope": false, "braille_block": false, "wheelchair_parking": false, "diaper_change": true, "assist_dog_toilet": false}}, {"type": "Feature", "geometry": {"type": "Point", "coordinates": [139.796623, 35.687982]}, "properties": {"id": "af-transport-160", "category": "交通", "name": "小田急 成城学園前駅", "address": "世田谷区成城6-5-34", "url": "https://www.odakyu.jp/", "accessible_toilet": false, "ostomate": true, "elevator": true, "slope": false, "braille_block": true, "wheelchair_parking": false, "diaper_change": false, "assist_dog_toilet": false}}, {"type": "Feature", "geometry": {"type": "Point", "coordinates": [139.787725, 35.688601]}, "properties": {"id": "af-transport-161", "category": "交通", "name": "京王 飛田給駅", "address": "調布市飛田給1-42-11", "url": "https://www.keio.co.jp/train/station/index.html", "accessible_toilet": false, "ostomate": true, "elevator": true, "slope": false, "braille_block": true, "wheelchair_parking": false, "diaper_change": true, "assist_dog_toilet": false}}, {"type": "Feature", "geometry": {"type": "Point", "coordinates": [139.6995728, 35.69132917]}, "properties": {"id": "af-transport-162", "category": "交通", "name": "JR 東京駅", "address": "千代田区丸の内1丁目9番1号", "url": "https://www.jreast.co.jp/estation/barrier-free/", "accessible_toilet": false, "ostomate": true, "elevator": true, "slope": false, "braille_block": false, "wheelchair_parking": false, "diaper_change": true, "assist_dog_toilet": false}}, {"type": "Feature", "geometry": {"type": "Point", "coordinates": [139.7324705, 35.6076153]}, "properties": {"id": "af-transport-163", "category": "交通", "name": "東京メトロ　東京駅", "address": "千代田区丸の内1-6-5", "url": "https://www.tokyometro.jp/station/tokyo/", "accessible_toilet": false, "ostomate": true, "elevator": true, "slope": false, "braille_block": false, "wheelchair_parking": false, "diaper_change": true, "assist_dog_toilet": false}}, {"type": "Feature", "geometry": {"type": "Point", "coordinates": [139.701603, 35.683505]}, "properties": {"id": "af-transport-164", "category": "交通", "name": "西武鉄道　多磨駅", "address": "府中市紅葉丘3-42-2", "url": "https://www.seiburailway.jp/", "accessible_toilet": false, "ostomate": true, "elevator": true, "slope": false, "braille_block": true, "wheelchair_parking": false, "diaper_change": true, "assist_dog_toilet": false}}, {"type": "Feature", "geometry": {"type": "Point", "coordinates": [139.7138844, 35.5624794]}, "properties": {"id": "af-transport-165", "category": "交通", "name": "ゆりかもめ お台場海浜公園駅", "address": "港区台場2-3", "url": "https://www.yurikamome.co.jp/station-timetable/u-06.html", "accessible_toilet": false, "ostomate": true, "elevator": true, "slope": false, "braille_block": true, "wheelchair_parking": false, "diaper_change": true, "assist_dog_toilet": false}}, {"type": "Feature", "geometry": {"type": "Point", "coordinates": [139.7687431, 35.6918216]}, "properties": {"id": "af-transport-166", "category": "交通", "name": "ゆりかもめ 台場駅", "address": "港区台場2-6", "url": "https://www.yurikamome.co.jp/station-timetable/u-07.html", "accessible_toilet": false, "ostomate": true, "elevator": true, "slope": false, "braille_block": true, "wheelchair_parking": false, "diaper_change": true, "assist_dog_toilet": false}}, {"type": "Feature", "geometry": {"type": "Point", "coordinates": [139.7513129, 35.7020484]}, "properties": {"id": "af-transport-167", "category": "交通", "name": "ゆりかもめ 東京ビッグサイト駅", "address": "江東区有明3-6-15", "url": "https://www.yurikamome.co.jp/station-timetable/u-11.html", "accessible_toilet": false, "ostomate": true, "elevator": true, "slope": false, "braille_block": true, "wheelchair_parking": false, "diaper_change": true, "assist_dog_toilet": false}}, {"type": "Feature", "geometry": {"type": "Point", "coordinates": [139.7428345, 35.7020837]}, "properties": {"id": "af-transport-168", "category": "交通", "name": "ゆりかもめ 新豊洲駅", "address": "江東区豊洲6-2-20", "url": "https://www.yurikamome.co.jp/station-timetable/u-15.html", "accessible_toilet": false, "ostomate": true, "elevator": true, "slope": false, "braille_block": true, "wheelchair_parking": false, "diaper_change": true, "assist_dog_toilet": false}}, {"type": "Feature", "geometry": {"type": "Point", "coordinates": [139.7181312, 35.6800602]}, "properties": {"id": "af-transport-169", "category": "交通", "name": "ゆりかもめ 有明テニスの森駅", "address": "江東区有明1-8-14", "url": "https://www.yurikamome.co.jp/station-timetable/u-13.html", "accessible_toilet": false, "ostomate": true, "elevator": true, "slope": false, "braille_block": true, "wheelchair_parking": false, "diaper_change": true, "assist_dog_toilet": false}}, {"type": "Feature", "geometry": {"type": "Point", "coordinates": [139.6995728, 35.69132917]}, "properties": {"id": "af-transport-170", "category": "交通", "name": "JR 新橋駅", "address": "港区新橋2丁目", "url": "https://www.jreast.co.jp/estation/barrier-free/", "accessible_toilet": false, "ostomate": true, "elevator": true, "slope": false, "braille_block": false, "wheelchair_parking": false, "diaper_change": true, "assist_dog_toilet": false}}, {"type": "Feature", "geometry": {"type": "Point", "coordinates": [139.6998668, 35.683033]}, "properties": {"id": "af-transport-171", "category": "交通", "name": "浅草線　新橋", "address": "港区新橋二丁目21番1号先", "url": "https://www.kotsu.metro.tokyo.jp/subway/stations/shimbashi.html", "accessible_toilet": false, "ostomate": true, "elevator": true, "slope": false, "braille_block": true, "wheelchair_parking": false, "diaper_change": true, "assist_dog_toilet": false}}, {"type": "Feature", "geometry": {"type": "Point", "coordinates": [139.6971348, 35.7011585]}, "properties": {"id": "af-transport-172", "category": "交通", "name": "ゆりかもめ 新橋駅", "address": "港区東新橋1-1-11", "url": "https://www.yurikamome.co.jp/station-timetable/u-01.html", "accessible_toilet": false, "ostomate": true, "elevator": true, "slope": false, "braille_block": true, "wheelchair_parking": false, "diaper_change": true, "assist_dog_toilet": false}}, {"type": "Feature", "geometry": {"type": "Point", "coordinates": [139.6995728, 35.69132917]}, "properties": {"id": "af-transport-173", "category": "交通", "name": "JR 浜松町駅", "address": "港区海岸1丁目", "url": "https://www.jreast.co.jp/estation/barrier-free/", "accessible_toilet": false, "ostomate": true, "elevator": true, "slope": false, "braille_block": false, "wheelchair_parking": false, "diaper_change": true, "assist_dog_toilet": false}}, {"type": "Feature", "geometry": {"type": "Point", "coordinates": [139.6636129, 35.7056019]}, "properties": {"id": "af-transport-174", "category": "交通", "name": "東京モノレール 浜松町駅", "address": "港区浜松町2-4-12", "url": "http://www.tokyo-monorail.co.jp/", "accessible_toilet": false, "ostomate": true, "elevator": true, "slope": false, "braille_block": true, "wheelchair_parking": false, "diaper_change": true, "assist_dog_toilet": false}}, {"type": "Feature", "geometry": {"type": "Point", "coordinates": [139.6636129, 35.7056019]}, "properties": {"id": "af-transport-175", "category": "交通", "name": "東京モノレール 大井競馬場前駅", "address": "品川区勝島2-2-35", "url": "http://www.tokyo-monorail.co.jp/", "accessible_toilet": false, "ostomate": true, "elevator": true, "slope": false, "braille_block": true, "wheelchair_parking": false, "diaper_change": true, "assist_dog_toilet": false}}, {"type": "Feature", "geometry": {"type": "Point", "coordinates": [139.6333224, 35.7048709]}, "properties": {"id": "af-transport-176", "category": "交通", "name": "羽田空港第１ターミナル", "address": "大田区羽田空港3-3-2", "url": "https://tokyo-haneda.com/", "accessible_toilet": false, "ostomate": true, "elevator": true, "slope": false, "braille_block": true, "wheelchair_parking": false, "diaper_change": true, "assist_dog_toilet": true}}, {"type": "Feature", "geometry": {"type": "Point", "coordinates": [139.6333224, 35.7048709]}, "properties": {"id": "af-transport-177", "category": "交通", "name": "羽田空港第２ターミナル", "address": "大田区羽田空港3-3-2", "url": "https://tokyo-haneda.com/", "accessible_toilet": false, "ostomate": true, "elevator": true, "slope": false, "braille_block": true, "wheelchair_parking": false, "diaper_change": true, "assist_dog_toilet": false}}, {"type": "Feature", "geometry": {"type": "Point", "coordinates": [139.6333224, 35.7048709]}, "properties": {"id": "af-transport-178", "category": "交通", "name": "羽田空港第３ターミナル", "address": "大田区羽田空港2-6-5", "url": "https://tokyo-haneda.com/", "accessible_toilet": false, "ostomate": true, "elevator": true, "slope": false, "braille_block": true, "wheelchair_parking": true, "diaper_change": true, "assist_dog_toilet": true}}, {"type": "Feature", "geometry": {"type": "Point", "coordinates": [139.6995728, 35.69132917]}, "properties": {"id": "af-transport-179", "category": "交通", "name": "JR 田町駅", "address": "港区芝5丁目", "url": "https://www.jreast.co.jp/estation/barrier-free/", "accessible_toilet": false, "ostomate": true, "elevator": true, "slope": false, "braille_block": false, "wheelchair_parking": false, "diaper_change": true, "assist_dog_toilet": false}}, {"type": "Feature", "geometry": {"type": "Point", "coordinates": [139.6995728, 35.69132917]}, "properties": {"id": "af-transport-180", "category": "交通", "name": "JR 大井町駅", "address": "品川区大井1丁目", "url": "https://www.jreast.co.jp/estation/barrier-free/", "accessible_toilet": false, "ostomate": true, "elevator": true, "slope": false, "braille_block": false, "wheelchair_parking": false, "diaper_change": true, "assist_dog_toilet": false}}, {"type": "Feature", "geometry": {"type": "Point", "coordinates": [139.7752204, 35.7141672]}, "properties": {"id": "af-transport-181", "category": "交通", "name": "JR 大森駅", "address": "大田区大森北1丁目", "url": "https://www.jreast.co.jp/setsubi/pdf/barrier-free11-12.pdf", "accessible_toilet": false, "ostomate": true, "elevator": true, "slope": false, "braille_block": false, "wheelchair_parking": false, "diaper_change": true, "assist_dog_toilet": false}}, {"type": "Feature", "geometry": {"type": "Point", "coordinates": [139.6995728, 35.69132917]}, "properties": {"id": "af-transport-182", "category": "交通", "name": "JR 神田駅", "address": "千代田区鍛冶町2丁目", "url": "https://www.jreast.co.jp/estation/barrier-free/", "accessible_toilet": false, "ostomate": true, "elevator": true, "slope": false, "braille_block": false, "wheelchair_parking": false, "diaper_change": true, "assist_dog_toilet": false}}, {"type": "Feature", "geometry": {"type": "Point", "coordinates": [139.7684527, 35.7281578]}, "properties": {"id": "af-transport-183", "category": "交通", "name": "浅草線　西馬込", "address": "大田区西馬込二丁目1番6号", "url": "https://www.kotsu.metro.tokyo.jp/subway/stations/nishi-magome.html", "accessible_toilet": false, "ostomate": true, "elevator": true, "slope": false, "braille_block": true, "wheelchair_parking": false, "diaper_change": true, "assist_dog_toilet": false}}, {"type": "Feature", "geometry": {"type": "Point", "coordinates": [139.7520606, 35.7381577]}, "properties": {"id": "af-transport-184", "category": "交通", "name": "浅草線　馬込", "address": "大田区北馬込二丁目31番9号", "url": "https://www.kotsu.metro.tokyo.jp/subway/stations/magome.html", "accessible_toilet": false, "ostomate": true, "elevator": true, "slope": false, "braille_block": true, "wheelchair_parking": false, "diaper_change": true, "assist_dog_toilet": false}}, {"type": "Feature", "geometry": {"type": "Point", "coordinates": [139.7586267, 35.7381581]}, "properties": {"id": "af-transport-185", "category": "交通", "name": "大江戸線 新宿西口", "address": "新宿区西新宿一丁目3番17号", "url": "https://www.kotsu.metro.tokyo.jp/subway/stations/shinjuku-nishiguchi.html", "accessible_toilet": false, "ostomate": true, "elevator": true, "slope": false, "braille_block": true, "wheelchair_parking": false, "diaper_change": true, "assist_dog_toilet": false}}, {"type": "Feature", "geometry": {"type": "Point", "coordinates": [139.7447686, 35.7465785]}, "properties": {"id": "af-transport-186", "category": "交通", "name": "浅草線　中延", "address": "品川区東中延二丁目9番12号", "url": "https://www.kotsu.metro.tokyo.jp/subway/stations/nakanobu.html", "accessible_toilet": false, "ostomate": true, "elevator": true, "slope": false, "braille_block": true, "wheelchair_parking": false, "diaper_change": true, "assist_dog_toilet": false}}, {"type": "Feature", "geometry": {"type": "Point", "coordinates": [139.7362504, 35.7531875]}, "properties": {"id": "af-transport-187", "category": "交通", "name": "浅草線　戸越", "address": "品川区戸越三丁目4番17号", "url": "https://www.kotsu.metro.tokyo.jp/subway/stations/togoshi.html", "accessible_toilet": false, "ostomate": true, "elevator": true, "slope": false, "braille_block": true, "wheelchair_parking": false, "diaper_change": true, "assist_dog_toilet": false}}, {"type": "Feature", "geometry": {"type": "Point", "coordinates": [139.7246835, 35.763949]}, "properties": {"id": "af-transport-188", "category": "交通", "name": "大江戸線 若松河田", "address": "新宿区河田町10番地10号", "url": "https://www.kotsu.metro.tokyo.jp/subway/stations/wakamatsu-kawada.html", "accessible_toilet": false, "ostomate": true, "elevator": true, "slope": false, "braille_block": true, "wheelchair_parking": false, "diaper_change": true, "assist_dog_toilet": false}}, {"type": "Feature", "geometry": {"type": "Point", "coordinates": [139.7092358, 35.7821846]}, "properties": {"id": "af-transport-189", "category": "交通", "name": "浅草線　高輪台", "address": "港区白金台二丁目26番7号先", "url": "https://www.kotsu.metro.tokyo.jp/subway/stations/takanawadai.html", "accessible_toilet": false, "ostomate": true, "elevator": true, "slope": false, "braille_block": true, "wheelchair_parking": false, "diaper_change": true, "assist_dog_toilet": false}}, {"type": "Feature", "geometry": {"type": "Point", "coordinates": [139.7516868, 35.7468149]}, "properties": {"id": "af-transport-190", "category": "交通", "name": "大江戸線 牛込柳町", "address": "新宿区原町2番地32号", "url": "https://www.kotsu.metro.tokyo.jp/subway/stations/ushigome-yanagicho.html", "accessible_toilet": false, "ostomate": true, "elevator": true, "slope": false, "braille_block": true, "wheelchair_parking": false, "diaper_change": true, "assist_dog_toilet": false}}, {"type": "Feature", "geometry": {"type": "Point", "coordinates": [139.7039723, 35.7866243]}, "properties": {"id": "af-transport-191", "category": "交通", "name": "大江戸線 牛込神楽坂", "address": "新宿区箪笥町15番地", "url": "https://www.kotsu.metro.tokyo.jp/subway/stations/ushigome-kagurazaka.html", "accessible_toilet": false, "ostomate": true, "elevator": true, "slope": false, "braille_block": true, "wheelchair_parking": false, "diaper_change": true, "assist_dog_toilet": false}}, {"type": "Feature", "geometry": {"type": "Point", "coordinates": [139.6892139, 35.7912024]}, "properties": {"id": "af-transport-192", "category": "交通", "name": "浅草線　泉岳寺", "address": "港区高輪二丁目16番34号", "url": "https://www.kotsu.metro.tokyo.jp/subway/stations/sengakuji.html", "accessible_toilet": false, "ostomate": true, "elevator": true, "slope": false, "braille_block": true, "wheelchair_parking": false, "diaper_change": true, "assist_dog_toilet": false}}, {"type": "Feature", "geometry": {"type": "Point", "coordinates": [139.7762959, 35.7331755]}, "properties": {"id": "af-transport-193", "category": "交通", "name": "浅草線　三田", "address": "港区芝五丁目34番10号", "url": "https://www.kotsu.metro.tokyo.jp/subway/stations/mita.html", "accessible_toilet": false, "ostomate": true, "elevator": true, "slope": false, "braille_block": true, "wheelchair_parking": false, "diaper_change": true, "assist_dog_toilet": false}}, {"type": "Feature", "geometry": {"type": "Point", "coordinates": [139.7968674, 35.7333194]}, "properties": {"id": "af-transport-194", "category": "交通", "name": "大江戸線 春日", "address": "文京区春日一丁目16番17号", "url": "https://www.kotsu.metro.tokyo.jp/subway/stations/kasuga.html", "accessible_toilet": false, "ostomate": true, "elevator": true, "slope": false, "braille_block": true, "wheelchair_parking": false, "diaper_change": true, "assist_dog_toilet": false}}, {"type": "Feature", "geometry": {"type": "Point", "coordinates": [139.8031546, 35.7496762]}, "properties": {"id": "af-transport-195", "category": "交通", "name": "浅草線　大門", "address": "港区浜松町一丁目27番12号", "url": "https://www.kotsu.metro.tokyo.jp/subway/stations/daimon.html", "accessible_toilet": false, "ostomate": true, "elevator": true, "slope": false, "braille_block": true, "wheelchair_parking": false, "diaper_change": true, "assist_dog_toilet": false}}, {"type": "Feature", "geometry": {"type": "Point", "coordinates": [139.8453447, 35.7665375]}, "properties": {"id": "af-transport-196", "category": "交通", "name": "大江戸線 本郷三丁目", "address": "文京区本郷二丁目40番8号", "url": "https://www.kotsu.metro.tokyo.jp/subway/stations/hongo-sanchome.html", "accessible_toilet": false, "ostomate": true, "elevator": true, "slope": false, "braille_block": true, "wheelchair_parking": false, "diaper_change": true, "assist_dog_toilet": false}}, {"type": "Feature", "geometry": {"type": "Point", "coordinates": [139.8682873, 35.769538]}, "properties": {"id": "af-transport-197", "category": "交通", "name": "大江戸線 上野御徒町", "address": "台東区上野五丁目26番6号", "url": "https://www.kotsu.metro.tokyo.jp/subway/stations/ueno-okachimachi.html", "accessible_toilet": false, "ostomate": true, "elevator": true, "slope": false, "braille_block": true, "wheelchair_parking": false, "diaper_change": true, "assist_dog_toilet": false}}, {"type": "Feature", "geometry": {"type": "Point", "coordinates": [139.7720763, 35.6890164]}, "properties": {"id": "af-transport-198", "category": "交通", "name": "大江戸線 新御徒町", "address": "台東区元浅草一丁目5番2号", "url": "https://www.kotsu.metro.tokyo.jp/subway/stations/shin-okachimachi.html", "accessible_toilet": false, "ostomate": true, "elevator": true, "slope": false, "braille_block": true, "wheelchair_parking": false, "diaper_change": true, "assist_dog_toilet": false}}, {"type": "Feature", "geometry": {"type": "Point", "coordinates": [139.7809211, 35.6938839]}, "properties": {"id": "af-transport-199", "category": "交通", "name": "浅草線　東銀座", "address": "中央区銀座四丁目10番10号先", "url": "https://www.kotsu.metro.tokyo.jp/subway/stations/higashi-ginza.html", "accessible_toilet": false, "ostomate": true, "elevator": true, "slope": false, "braille_block": true, "wheelchair_parking": false, "diaper_change": true, "assist_dog_toilet": false}}, {"type": "Feature", "geometry": {"type": "Point", "coordinates": [139.7746959, 35.6746248]}, "properties": {"id": "af-transport-200", "category": "交通", "name": "大江戸線 蔵前", "address": "台東区寿三丁目3番1号", "url": "https://www.kotsu.metro.tokyo.jp/subway/stations/kuramae.html", "accessible_toilet": false, "ostomate": true, "elevator": true, "slope": false, "braille_block": true, "wheelchair_parking": false, "diaper_change": true, "assist_dog_toilet": false}}, {"type": "Feature", "geometry": {"type": "Point", "coordinates": [139.79046, 35.6679621]}, "properties": {"id": "af-transport-201", "category": "交通", "name": "浅草線　宝町", "address": "中央区京橋二丁目13番11号先", "url": "https://www.kotsu.metro.tokyo.jp/subway/stations/takaracho.html", "accessible_toilet": false, "ostomate": true, "elevator": true, "slope": false, "braille_block": true, "wheelchair_parking": false, "diaper_change": true, "assist_dog_toilet": false}}, {"type": "Feature", "geometry": {"type": "Point", "coordinates": [139.7448211, 35.7365665]}, "properties": {"id": "af-transport-202", "category": "交通", "name": "大江戸線 森下", "address": "江東区森下二丁目17番17号", "url": "https://www.kotsu.metro.tokyo.jp/subway/stations/morishita.html", "accessible_toilet": false, "ostomate": true, "elevator": true, "slope": false, "braille_block": true, "wheelchair_parking": false, "diaper_change": true, "assist_dog_toilet": false}}, {"type": "Feature", "geometry": {"type": "Point", "coordinates": [139.7370961, 35.7334192]}, "properties": {"id": "af-transport-203", "category": "交通", "name": "浅草線　日本橋", "address": "中央区日本橋一丁目13番1号先", "url": "https://www.kotsu.metro.tokyo.jp/subway/stations/nihombashi.html", "accessible_toilet": false, "ostomate": true, "elevator": true, "slope": false, "braille_block": true, "wheelchair_parking": false, "diaper_change": true, "assist_dog_toilet": false}}, {"type": "Feature", "geometry": {"type": "Point", "coordinates": [139.7259225, 35.7318309]}, "properties": {"id": "af-transport-204", "category": "交通", "name": "大江戸線 清澄白河", "address": "江東区白河一丁目7番14号", "url": "https://www.kotsu.metro.tokyo.jp/subway/stations/kiyosumi-shirakawa.html", "accessible_toilet": false, "ostomate": true, "elevator": true, "slope": false, "braille_block": true, "wheelchair_parking": false, "diaper_change": true, "assist_dog_toilet": false}}, {"type": "Feature", "geometry": {"type": "Point", "coordinates": [139.7087114, 35.7295028]}, "properties": {"id": "af-transport-205", "category": "交通", "name": "浅草線　人形町", "address": "中央区日本橋人形町三丁目7番13号", "url": "https://www.kotsu.metro.tokyo.jp/subway/stations/ningyocho.html", "accessible_toilet": false, "ostomate": true, "elevator": true, "slope": false, "braille_block": true, "wheelchair_parking": false, "diaper_change": true, "assist_dog_toilet": false}}, {"type": "Feature", "geometry": {"type": "Point", "coordinates": [139.7044228, 35.7212199]}, "properties": {"id": "af-transport-206", "category": "交通", "name": "大江戸線 門前仲町", "address": "江東区門前仲町二丁目5番2号先", "url": "https://www.kotsu.metro.tokyo.jp/subway/stations/monzen-nakacho.html", "accessible_toilet": false, "ostomate": true, "elevator": true, "slope": false, "braille_block": true, "wheelchair_parking": false, "diaper_change": true, "assist_dog_toilet": false}}, {"type": "Feature", "geometry": {"type": "Point", "coordinates": [139.7016728, 35.7125654]}, "properties": {"id": "af-transport-207", "category": "交通", "name": "浅草線　東日本橋", "address": "中央区東日本橋三丁目11番8号先", "url": "https://www.kotsu.metro.tokyo.jp/subway/stations/higashi-nihombashi.html", "accessible_toilet": false, "ostomate": true, "elevator": true, "slope": false, "braille_block": true, "wheelchair_parking": false, "diaper_change": true, "assist_dog_toilet": false}}, {"type": "Feature", "geometry": {"type": "Point", "coordinates": [139.6983826, 35.6896067]}, "properties": {"id": "af-transport-208", "category": "交通", "name": "大江戸線 月島", "address": "中央区月島一丁目5番4号先", "url": "https://www.kotsu.metro.tokyo.jp/subway/stations/tsukishima.html", "accessible_toilet": false, "ostomate": true, "elevator": true, "slope": false, "braille_block": true, "wheelchair_parking": false, "diaper_change": true, "assist_dog_toilet": false}}, {"type": "Feature", "geometry": {"type": "Point", "coordinates": [139.7005089, 35.6702285]}, "properties": {"id": "af-transport-209", "category": "交通", "name": "大江戸線 勝どき", "address": "中央区勝どき二丁目10番15号先", "url": "https://www.kotsu.metro.tokyo.jp/subway/stations/kachidoki.html", "accessible_toilet": false, "ostomate": true, "elevator": true, "slope": false, "braille_block": true, "wheelchair_parking": false, "diaper_change": true, "assist_dog_toilet": false}}, {"type": "Feature", "geometry": {"type": "Point", "coordinates": [139.6994471, 35.6580339]}, "properties": {"id": "af-transport-210", "category": "交通", "name": "大江戸線 築地市場", "address": "中央区築地五丁目1番2号", "url": "https://www.kotsu.metro.tokyo.jp/subway/stations/tsukijishijo.html", "accessible_toilet": false, "ostomate": true, "elevator": true, "slope": false, "braille_block": true, "wheelchair_parking": false, "diaper_change": true, "assist_dog_toilet": false}}, {"type": "Feature", "geometry": {"type": "Point", "coordinates": [139.707889, 35.6467139]}, "properties": {"id": "af-transport-211", "category": "交通", "name": "大江戸線 汐留", "address": "港区東新橋一丁目9番1号先", "url": "https://www.kotsu.metro.tokyo.jp/subway/stations/shiodome.html", "accessible_toilet": false, "ostomate": true, "elevator": true, "slope": false, "braille_block": true, "wheelchair_parking": false, "diaper_change": true, "assist_dog_toilet": false}}, {"type": "Feature", "geometry": {"type": "Point", "coordinates": [139.697559, 35.6404854]}, "properties": {"id": "af-transport-212", "category": "交通", "name": "大江戸線 赤羽橋", "address": "港区東麻布一丁目28番13号", "url": "https://www.kotsu.metro.tokyo.jp/subway/stations/akabanebashi.html", "accessible_toilet": false, "ostomate": true, "elevator": true, "slope": false, "braille_block": true, "wheelchair_parking": false, "diaper_change": true, "assist_dog_toilet": false}}, {"type": "Feature", "geometry": {"type": "Point", "coordinates": [139.7214135, 35.6261591]}, "properties": {"id": "af-transport-213", "category": "交通", "name": "大江戸線 麻布十番", "address": "港区麻布十番一丁目4番6号", "url": "https://www.kotsu.metro.tokyo.jp/subway/stations/azabu-juban.html", "accessible_toilet": false, "ostomate": true, "elevator": true, "slope": false, "braille_block": true, "wheelchair_parking": false, "diaper_change": true, "assist_dog_toilet": false}}, {"type": "Feature", "geometry": {"type": "Point", "coordinates": [139.7260005, 35.6198513]}, "properties": {"id": "af-transport-214", "category": "交通", "name": "大江戸線 国立競技場", "address": "新宿区霞ヶ丘町10番地3号", "url": "https://www.kotsu.metro.tokyo.jp/subway/stations/kokuritsu-kyogijo.html", "accessible_toilet": false, "ostomate": true, "elevator": true, "slope": false, "braille_block": true, "wheelchair_parking": false, "diaper_change": true, "assist_dog_toilet": false}}, {"type": "Feature", "geometry": {"type": "Point", "coordinates": [139.72005, 35.760257]}, "properties": {"id": "af-transport-215", "category": "交通", "name": "大江戸線 都庁前", "address": "新宿区西新宿二丁目8番1号", "url": "https://www.kotsu.metro.tokyo.jp/subway/stations/tochomae.html", "accessible_toilet": false, "ostomate": true, "elevator": true, "slope": false, "braille_block": true, "wheelchair_parking": false, "diaper_change": true, "assist_dog_toilet": false}}, {"type": "Feature", "geometry": {"type": "Point", "coordinates": [139.5182664, 35.6417094]}, "properties": {"id": "af-transport-216", "category": "交通", "name": "大江戸線 西新宿五丁目", "address": "新宿区西新宿五丁目25番9号", "url": "https://www.kotsu.metro.tokyo.jp/subway/stations/nishi-shinjuku-gochome.html", "accessible_toilet": false, "ostomate": true, "elevator": true, "slope": false, "braille_block": true, "wheelchair_parking": false, "diaper_change": true, "assist_dog_toilet": false}}, {"type": "Feature", "geometry": {"type": "Point", "coordinates": [139.5003793, 35.644292]}, "properties": {"id": "af-transport-217", "category": "交通", "name": "大江戸線 中野坂上", "address": "中野区中央二丁目2番28号", "url": "https://www.kotsu.metro.tokyo.jp/subway/stations/nakano-sakaue.html", "accessible_toilet": false, "ostomate": true, "elevator": true, "slope": false, "braille_block": true, "wheelchair_parking": false, "diaper_change": true, "assist_dog_toilet": false}}, {"type": "Feature", "geometry": {"type": "Point", "coordinates": [139.4872687, 35.6492077]}, "properties": {"id": "af-transport-218", "category": "交通", "name": "大江戸線 中井", "address": "新宿区上落合二丁目20番8号", "url": "https://www.kotsu.metro.tokyo.jp/subway/stations/nakai.html", "accessible_toilet": false, "ostomate": true, "elevator": true, "slope": false, "braille_block": true, "wheelchair_parking": false, "diaper_change": true, "assist_dog_toilet": false}}, {"type": "Feature", "geometry": {"type": "Point", "coordinates": [139.4749951, 35.6662248]}, "properties": {"id": "af-transport-219", "category": "交通", "name": "大江戸線 落合南長崎", "address": "新宿区西落合三丁目1番18号", "url": "https://www.kotsu.metro.tokyo.jp/subway/stations/ochiai-minami-nagasaki.html", "accessible_toilet": false, "ostomate": true, "elevator": true, "slope": false, "braille_block": true, "wheelchair_parking": false, "diaper_change": true, "assist_dog_toilet": false}}, {"type": "Feature", "geometry": {"type": "Point", "coordinates": [139.4665513, 35.6685677]}, "properties": {"id": "af-transport-220", "category": "交通", "name": "大江戸線 新江古田", "address": "中野区江原町二丁目29番13号", "url": "https://www.kotsu.metro.tokyo.jp/subway/stations/shin-egota.html", "accessible_toilet": false, "ostomate": true, "elevator": true, "slope": false, "braille_block": true, "wheelchair_parking": false, "diaper_change": true, "assist_dog_toilet": false}}, {"type": "Feature", "geometry": {"type": "Point", "coordinates": [139.455184, 35.6709726]}, "properties": {"id": "af-transport-221", "category": "交通", "name": "大江戸線 練馬", "address": "練馬区豊玉北五丁目17番12号", "url": "https://www.kotsu.metro.tokyo.jp/subway/stations/nerima.html", "accessible_toilet": false, "ostomate": true, "elevator": true, "slope": false, "braille_block": true, "wheelchair_parking": false, "diaper_change": true, "assist_dog_toilet": false}}, {"type": "Feature", "geometry": {"type": "Point", "coordinates": [139.4445493, 35.68137]}, "properties": {"id": "af-transport-222", "category": "交通", "name": "大江戸線 豊島園", "address": "練馬区練馬四丁目14番17号", "url": "https://www.kotsu.metro.tokyo.jp/subway/stations/toshimaen.html", "accessible_toilet": false, "ostomate": true, "elevator": true, "slope": false, "braille_block": true, "wheelchair_parking": false, "diaper_change": true, "assist_dog_toilet": false}}, {"type": "Feature", "geometry": {"type": "Point", "coordinates": [139.4293833, 35.685063]}, "properties": {"id": "af-transport-223", "category": "交通", "name": "大江戸線 練馬春日町", "address": "練馬区春日町三丁目29番25号", "url": "https://www.kotsu.metro.tokyo.jp/subway/stations/nerima-kasugacho.html", "accessible_toilet": false, "ostomate": true, "elevator": true, "slope": false, "braille_block": true, "wheelchair_parking": false, "diaper_change": true, "assist_dog_toilet": false}}, {"type": "Feature", "geometry": {"type": "Point", "coordinates": [139.4217169, 35.6938121]}, "properties": {"id": "af-transport-224", "category": "交通", "name": "大江戸線 光が丘", "address": "練馬区光が丘二丁目9番5号", "url": "https://www.kotsu.metro.tokyo.jp/subway/stations/hikarigaoka.html", "accessible_toilet": false, "ostomate": true, "elevator": true, "slope": false, "braille_block": true, "wheelchair_parking": false, "diaper_change": true, "assist_dog_toilet": false}}, {"type": "Feature", "geometry": {"type": "Point", "coordinates": [139.4696531, 35.6808029]}, "properties": {"id": "af-transport-225", "category": "交通", "name": "浅草線　本所吾妻橋", "address": "墨田区吾妻橋三丁目7番16号先", "url": "https://www.kotsu.metro.tokyo.jp/subway/stations/honjo-azumabashi.html", "accessible_toilet": false, "ostomate": true, "elevator": true, "slope": false, "braille_block": true, "wheelchair_parking": false, "diaper_change": true, "assist_dog_toilet": false}}, {"type": "Feature", "geometry": {"type": "Point", "coordinates": [139.4682948, 35.7308925]}, "properties": {"id": "af-transport-226", "category": "交通", "name": "新宿線 新宿三丁目", "address": "新宿区新宿三丁目3番2号", "url": "https://www.kotsu.metro.tokyo.jp/subway/stations/shinjuku-sanchome.html", "accessible_toilet": false, "ostomate": true, "elevator": true, "slope": false, "braille_block": true, "wheelchair_parking": false, "diaper_change": true, "assist_dog_toilet": false}}, {"type": "Feature", "geometry": {"type": "Point", "coordinates": [139.4913743, 35.77811]}, "properties": {"id": "af-transport-227", "category": "交通", "name": "新宿線 曙橋", "address": "新宿区住吉町7番地1号", "url": "https://www.kotsu.metro.tokyo.jp/subway/stations/akebonobashi.html", "accessible_toilet": false, "ostomate": true, "elevator": true, "slope": false, "braille_block": true, "wheelchair_parking": false, "diaper_change": true, "assist_dog_toilet": false}}, {"type": "Feature", "geometry": {"type": "Point", "coordinates": [139.3294782, 35.6069027]}, "properties": {"id": "af-transport-228", "category": "交通", "name": "新宿線 市ヶ谷", "address": "千代田区九段南四丁目8番22号", "url": "https://www.kotsu.metro.tokyo.jp/subway/stations/ichigaya.html", "accessible_toilet": false, "ostomate": true, "elevator": true, "slope": false, "braille_block": true, "wheelchair_parking": false, "diaper_change": true, "assist_dog_toilet": false}}, {"type": "Feature", "geometry": {"type": "Point", "coordinates": [139.3287833, 35.631317]}, "properties": {"id": "af-transport-229", "category": "交通", "name": "三田線 白金台", "address": "", "url": "https://www.kotsu.metro.tokyo.jp/subway/stations/shirokanedai.html", "accessible_toilet": false, "ostomate": false, "elevator": true, "slope": false, "braille_block": false, "wheelchair_parking": false, "diaper_change": true, "assist_dog_toilet": false}}, {"type": "Feature", "geometry": {"type": "Point", "coordinates": [139.3391008, 35.639667]}, "properties": {"id": "af-transport-230", "category": "交通", "name": "新宿線 神保町", "address": "千代田区神田神保町二丁目7番地", "url": "https://www.kotsu.metro.tokyo.jp/subway/stations/jimbocho.html", "accessible_toilet": false, "ostomate": true, "elevator": true, "slope": false, "braille_block": true, "wheelchair_parking": false, "diaper_change": true, "assist_dog_toilet": false}}, {"type": "Feature", "geometry": {"type": "Point", "coordinates": [139.470725, 35.5355157]}, "properties": {"id": "af-transport-231", "category": "交通", "name": "三田線 白金高輪", "address": "", "url": "https://www.kotsu.metro.tokyo.jp/subway/stations/shirokane-takanawa.html", "accessible_toilet": false, "ostomate": false, "elevator": true, "slope": false, "braille_block": false, "wheelchair_parking": false, "diaper_change": true, "assist_dog_toilet": false}}, {"type": "Feature", "geometry": {"type": "Point", "coordinates": [139.4554041, 35.5355144]}, "properties": {"id": "af-transport-232", "category": "交通", "name": "新宿線 小川町", "address": "千代田区神田小川町一丁目6番地", "url": "https://www.kotsu.metro.tokyo.jp/subway/stations/ogawamachi.html", "accessible_toilet": false, "ostomate": true, "elevator": true, "slope": false, "braille_block": true, "wheelchair_parking": false, "diaper_change": true, "assist_dog_toilet": false}}, {"type": "Feature", "geometry": {"type": "Point", "coordinates": [139.5774733, 35.7030889]}, "properties": {"id": "af-transport-233", "category": "交通", "name": "新宿線 岩本町", "address": "千代田区神田岩本町1番地", "url": "https://www.kotsu.metro.tokyo.jp/subway/stations/iwamotocho.html", "accessible_toilet": false, "ostomate": true, "elevator": true, "slope": false, "braille_block": true, "wheelchair_parking": false, "diaper_change": true, "assist_dog_toilet": false}}, {"type": "Feature", "geometry": {"type": "Point", "coordinates": [139.5588404, 35.7027156]}, "properties": {"id": "af-transport-234", "category": "交通", "name": "三田線 芝公園", "address": "港区芝公園四丁目8番14号", "url": "https://www.kotsu.metro.tokyo.jp/subway/stations/shibakoen.html", "accessible_toilet": false, "ostomate": true, "elevator": true, "slope": false, "braille_block": true, "wheelchair_parking": false, "diaper_change": true, "assist_dog_toilet": false}}, {"type": "Feature", "geometry": {"type": "Point", "coordinates": [139.5414691, 35.7021388]}, "properties": {"id": "af-transport-235", "category": "交通", "name": "新宿線 馬喰横山", "address": "中央区日本橋横山町4番地13号", "url": "https://www.kotsu.metro.tokyo.jp/subway/stations/bakuro-yokoyama.html", "accessible_toilet": false, "ostomate": true, "elevator": true, "slope": false, "braille_block": true, "wheelchair_parking": false, "diaper_change": true, "assist_dog_toilet": false}}, {"type": "Feature", "geometry": {"type": "Point", "coordinates": [139.5218511, 35.7015399]}, "properties": {"id": "af-transport-236", "category": "交通", "name": "三田線 御成門", "address": "港区西新橋三丁目24番6号", "url": "https://www.kotsu.metro.tokyo.jp/subway/stations/onarimon.html", "accessible_toilet": false, "ostomate": true, "elevator": true, "slope": false, "braille_block": true, "wheelchair_parking": false, "diaper_change": true, "assist_dog_toilet": false}}, {"type": "Feature", "geometry": {"type": "Point", "coordinates": [139.5047233, 35.7011232]}, "properties": {"id": "af-transport-237", "category": "交通", "name": "新宿線 浜町", "address": "中央区日本橋浜町二丁目59番3号", "url": "https://www.kotsu.metro.tokyo.jp/subway/stations/hamacho.html", "accessible_toilet": false, "ostomate": true, "elevator": true, "slope": false, "braille_block": true, "wheelchair_parking": false, "diaper_change": true, "assist_dog_toilet": false}}, {"type": "Feature", "geometry": {"type": "Point", "coordinates": [139.478015, 35.7001246]}, "properties": {"id": "af-transport-238", "category": "交通", "name": "三田線 内幸町", "address": "千代田区内幸町二丁目2番3号先", "url": "https://www.kotsu.metro.tokyo.jp/subway/stations/uchisaiwaicho.html", "accessible_toilet": false, "ostomate": true, "elevator": true, "slope": false, "braille_block": true, "wheelchair_parking": false, "diaper_change": true, "assist_dog_toilet": false}}, {"type": "Feature", "geometry": {"type": "Point", "coordinates": [139.4635885, 35.6998082]}, "properties": {"id": "af-transport-239", "category": "交通", "name": "三田線 日比谷", "address": "千代田区有楽町一丁目13番1号先", "url": "https://www.kotsu.metro.tokyo.jp/subway/stations/hibiya.html", "accessible_toilet": false, "ostomate": true, "elevator": true, "slope": false, "braille_block": true, "wheelchair_parking": false, "diaper_change": true, "assist_dog_toilet": false}}, {"type": "Feature", "geometry": {"type": "Point", "coordinates": [139.4441873, 35.699173]}, "properties": {"id": "af-transport-240", "category": "交通", "name": "新宿線 菊川", "address": "墨田区菊川三丁目16番2号", "url": "https://www.kotsu.metro.tokyo.jp/subway/stations/kikukawa.html", "accessible_toilet": false, "ostomate": true, "elevator": true, "slope": false, "braille_block": true, "wheelchair_parking": false, "diaper_change": true, "assist_dog_toilet": false}}, {"type": "Feature", "geometry": {"type": "Point", "coordinates": [139.4115521, 35.6979144]}, "properties": {"id": "af-transport-241", "category": "交通", "name": "三田線 白山", "address": "文京区白山五丁目36番10号", "url": "https://www.kotsu.metro.tokyo.jp/subway/stations/hakusan.html", "accessible_toilet": false, "ostomate": true, "elevator": true, "slope": false, "braille_block": true, "wheelchair_parking": false, "diaper_change": true, "assist_dog_toilet": false}}, {"type": "Feature", "geometry": {"type": "Point", "coordinates": [139.3918092, 35.6792504]}, "properties": {"id": "af-transport-242", "category": "交通", "name": "新宿線 住吉", "address": "江東区住吉二丁目23番12号", "url": "https://www.kotsu.metro.tokyo.jp/subway/stations/sumiyoshi.html", "accessible_toilet": false, "ostomate": true, "elevator": true, "slope": false, "braille_block": true, "wheelchair_parking": false, "diaper_change": true, "assist_dog_toilet": false}}, {"type": "Feature", "geometry": {"type": "Point", "coordinates": [139.3793053, 35.6595066]}, "properties": {"id": "af-transport-243", "category": "交通", "name": "新宿線 西大島", "address": "江東区大島二丁目41番19号", "url": "https://www.kotsu.metro.tokyo.jp/subway/stations/nishi-ojima.html", "accessible_toilet": false, "ostomate": true, "elevator": true, "slope": false, "braille_block": true, "wheelchair_parking": false, "diaper_change": true, "assist_dog_toilet": false}}, {"type": "Feature", "geometry": {"type": "Point", "coordinates": [139.3366642, 35.6556157]}, "properties": {"id": "af-transport-244", "category": "交通", "name": "新宿線 大島", "address": "江東区大島五丁目10番8号", "url": "https://www.kotsu.metro.tokyo.jp/subway/stations/ojima.html", "accessible_toilet": false, "ostomate": true, "elevator": true, "slope": false, "braille_block": true, "wheelchair_parking": false, "diaper_change": true, "assist_dog_toilet": false}}, {"type": "Feature", "geometry": {"type": "Point", "coordinates": [139.3102787, 35.6565274]}, "properties": {"id": "af-transport-245", "category": "交通", "name": "三田線 千石", "address": "文京区千石一丁目29番13号", "url": "https://www.kotsu.metro.tokyo.jp/subway/stations/sengoku.html", "accessible_toilet": false, "ostomate": true, "elevator": true, "slope": false, "braille_block": true, "wheelchair_parking": false, "diaper_change": true, "assist_dog_toilet": false}}, {"type": "Feature", "geometry": {"type": "Point", "coordinates": [139.3915246, 35.7036031]}, "properties": {"id": "af-transport-246", "category": "交通", "name": "新宿線 東大島", "address": "江東区大島九丁目3番14号", "url": "https://www.kotsu.metro.tokyo.jp/subway/stations/higashi-ojima.html", "accessible_toilet": false, "ostomate": true, "elevator": true, "slope": false, "braille_block": true, "wheelchair_parking": false, "diaper_change": true, "assist_dog_toilet": false}}, {"type": "Feature", "geometry": {"type": "Point", "coordinates": [139.3826083, 35.706254]}, "properties": {"id": "af-transport-247", "category": "交通", "name": "新宿線 船堀", "address": "江戸川区船堀三丁目6番1号", "url": "https://www.kotsu.metro.tokyo.jp/subway/stations/funabori.html", "accessible_toilet": false, "ostomate": true, "elevator": true, "slope": false, "braille_block": true, "wheelchair_parking": false, "diaper_change": true, "assist_dog_toilet": false}}, {"type": "Feature", "geometry": {"type": "Point", "coordinates": [139.3737299, 35.7090373]}, "properties": {"id": "af-transport-248", "category": "交通", "name": "新宿線 一之江", "address": "江戸川区一之江八丁目14番1号", "url": "https://www.kotsu.metro.tokyo.jp/subway/stations/ichinoe.html", "accessible_toilet": false, "ostomate": true, "elevator": true, "slope": false, "braille_block": true, "wheelchair_parking": false, "diaper_change": true, "assist_dog_toilet": false}}, {"type": "Feature", "geometry": {"type": "Point", "coordinates": [139.3587533, 35.7135373]}, "properties": {"id": "af-transport-249", "category": "交通", "name": "三田線 西巣鴨", "address": "豊島区西巣鴨三丁目25番13号", "url": "https://www.kotsu.metro.tokyo.jp/subway/stations/nishi-sugamo.html", "accessible_toilet": false, "ostomate": true, "elevator": true, "slope": false, "braille_block": true, "wheelchair_parking": false, "diaper_change": true, "assist_dog_toilet": false}}, {"type": "Feature", "geometry": {"type": "Point", "coordinates": [139.3414627, 35.72113]}, "properties": {"id": "af-transport-250", "category": "交通", "name": "新宿線 瑞江", "address": "江戸川区瑞江二丁目2番1号", "url": "https://www.kotsu.metro.tokyo.jp/subway/stations/mizue.html", "accessible_toilet": false, "ostomate": true, "elevator": true, "slope": false, "braille_block": true, "wheelchair_parking": false, "diaper_change": true, "assist_dog_toilet": false}}, {"type": "Feature", "geometry": {"type": "Point", "coordinates": [139.3256762, 35.7423642]}, "properties": {"id": "af-transport-251", "category": "交通", "name": "三田線 新板橋", "address": "板橋区板橋一丁目53番17号", "url": "https://www.kotsu.metro.tokyo.jp/subway/stations/shin-itabashi.html", "accessible_toilet": false, "ostomate": true, "elevator": true, "slope": false, "braille_block": true, "wheelchair_parking": false, "diaper_change": true, "assist_dog_toilet": false}}, {"type": "Feature", "geometry": {"type": "Point", "coordinates": [139.3137558, 35.7584547]}, "properties": {"id": "af-transport-252", "category": "交通", "name": "新宿線 篠崎", "address": "江戸川区篠崎町七丁目27番1号", "url": "https://www.kotsu.metro.tokyo.jp/subway/stations/shinozaki.html", "accessible_toilet": false, "ostomate": true, "elevator": true, "slope": false, "braille_block": true, "wheelchair_parking": false, "diaper_change": true, "assist_dog_toilet": false}}, {"type": "Feature", "geometry": {"type": "Point", "coordinates": [139.3000851, 35.7760496]}, "properties": {"id": "af-transport-253", "category": "交通", "name": "三田線 板橋区役所前", "address": "板橋区板橋二丁目66番17号", "url": "https://www.kotsu.metro.tokyo.jp/subway/stations/itabashi-kuyakushomae.html", "accessible_toilet": false, "ostomate": true, "elevator": true, "slope": false, "braille_block": true, "wheelchair_parking": false, "diaper_change": true, "assist_dog_toilet": false}}, {"type": "Feature", "geometry": {"type": "Point", "coordinates": [139.2825289, 35.7844627]}, "properties": {"id": "af-transport-254", "category": "交通", "name": "三田線 板橋本町", "address": "板橋区大和町17番1号", "url": "https://www.kotsu.metro.tokyo.jp/subway/stations/itabashihoncho.html", "accessible_toilet": false, "ostomate": true, "elevator": true, "slope": false, "braille_block": true, "wheelchair_parking": false, "diaper_change": true, "assist_dog_toilet": false}}, {"type": "Feature", "geometry": {"type": "Point", "coordinates": [139.2611744, 35.7901468]}, "properties": {"id": "af-transport-255", "category": "交通", "name": "三田線 本蓮沼", "address": "板橋区蓮沼町19番8号", "url": "https://www.kotsu.metro.tokyo.jp/subway/stations/motohasunuma.html", "accessible_toilet": false, "ostomate": true, "elevator": true, "slope": false, "braille_block": true, "wheelchair_parking": false, "diaper_change": true, "assist_dog_toilet": false}}, {"type": "Feature", "geometry": {"type": "Point", "coordinates": [139.2261483, 35.732303]}, "properties": {"id": "af-transport-256", "category": "交通", "name": "三田線 志村坂上", "address": "板橋区志村一丁目14番13号", "url": "https://www.kotsu.metro.tokyo.jp/subway/stations/shimura-sakaue.html", "accessible_toilet": false, "ostomate": true, "elevator": true, "slope": false, "braille_block": true, "wheelchair_parking": false, "diaper_change": true, "assist_dog_toilet": false}}, {"type": "Feature", "geometry": {"type": "Point", "coordinates": [139.3611766, 35.6693788]}, "properties": {"id": "af-transport-257", "category": "交通", "name": "高尾登山電鉄 清滝駅", "address": "八王子市高尾町2205", "url": "https://www.takaotozan.co.jp/", "accessible_toilet": false, "ostomate": false, "elevator": false, "slope": false, "braille_block": true, "wheelchair_parking": false, "diaper_change": true, "assist_dog_toilet": false}}, {"type": "Feature", "geometry": {"type": "Point", "coordinates": [139.3666807, 35.685518]}, "properties": {"id": "af-transport-258", "category": "交通", "name": "三田線 志村三丁目", "address": "板橋区志村三丁目23番1号", "url": "https://www.kotsu.metro.tokyo.jp/subway/stations/shimura-sanchome.html", "accessible_toilet": false, "ostomate": true, "elevator": true, "slope": false, "braille_block": true, "wheelchair_parking": false, "diaper_change": true, "assist_dog_toilet": false}}, {"type": "Feature", "geometry": {"type": "Point", "coordinates": [139.3445394, 35.7714869]}, "properties": {"id": "af-transport-259", "category": "交通", "name": "三田線 蓮根", "address": "板橋区蓮根二丁目31番30号", "url": "https://www.kotsu.metro.tokyo.jp/subway/stations/hasune.html", "accessible_toilet": false, "ostomate": true, "elevator": true, "slope": false, "braille_block": true, "wheelchair_parking": false, "diaper_change": true, "assist_dog_toilet": false}}, {"type": "Feature", "geometry": {"type": "Point", "coordinates": [139.7837947, 35.6974952]}, "properties": {"id": "af-transport-260", "category": "交通", "name": "三田線 西台", "address": "板橋区高島平九丁目1番1号", "url": "https://www.kotsu.metro.tokyo.jp/subway/stations/nishidai.html", "accessible_toilet": false, "ostomate": true, "elevator": true, "slope": false, "braille_block": true, "wheelchair_parking": false, "diaper_change": true, "assist_dog_toilet": false}}, {"type": "Feature", "geometry": {"type": "Point", "coordinates": [139.7772286, 35.6974948]}, "properties": {"id": "af-transport-261", "category": "交通", "name": "三田線 高島平", "address": "板橋区高島平八丁目2番1号", "url": "https://www.kotsu.metro.tokyo.jp/subway/stations/takashimadaira.html", "accessible_toilet": false, "ostomate": true, "elevator": true, "slope": false, "braille_block": true, "wheelchair_parking": false, "diaper_change": true, "assist_dog_toilet": false}}, {"type": "Feature", "geometry": {"type": "Point", "coordinates": [139.8122948, 35.6967393]}, "properties": {"id": "af-transport-262", "category": "交通", "name": "三田線 新高島平", "address": "板橋区高島平七丁目1番", "url": "https://www.kotsu.metro.tokyo.jp/subway/stations/shin-takashimadaira.html", "accessible_toilet": false, "ostomate": true, "elevator": true, "slope": false, "braille_block": true, "wheelchair_parking": false, "diaper_change": true, "assist_dog_toilet": false}}, {"type": "Feature", "geometry": {"type": "Point", "coordinates": [139.3611766, 35.6693788]}, "properties": {"id": "af-transport-263", "category": "交通", "name": "高尾登山電鉄 高尾山駅", "address": "八王子市高尾町2205", "url": "https://www.takaotozan.co.jp/", "accessible_toilet": false, "ostomate": false, "elevator": true, "slope": false, "braille_block": false, "wheelchair_parking": false, "diaper_change": true, "assist_dog_toilet": false}}, {"type": "Feature", "geometry": {"type": "Point", "coordinates": [139.8402012, 35.7063649]}, "properties": {"id": "af-transport-264", "category": "交通", "name": "三田線 西高島平", "address": "板橋区高島平六丁目1番", "url": "https://www.kotsu.metro.tokyo.jp/subway/stations/nishi-takashimadaira.html", "accessible_toilet": false, "ostomate": true, "elevator": true, "slope": false, "braille_block": true, "wheelchair_parking": false, "diaper_change": true, "assist_dog_toilet": false}}, {"type": "Feature", "geometry": {"type": "Point", "coordinates": [139.8564425, 35.7174462]}, "properties": {"id": "af-transport-265", "category": "交通", "name": "新宿線 本八幡", "address": "市川市八幡二丁目16番13号", "url": "https://www.kotsu.metro.tokyo.jp/subway/stations/motoyawata.html", "accessible_toilet": false, "ostomate": true, "elevator": true, "slope": false, "braille_block": true, "wheelchair_parking": false, "diaper_change": true, "assist_dog_toilet": false}}, {"type": "Feature", "geometry": {"type": "Point", "coordinates": [139.8797813, 35.7333105]}, "properties": {"id": "af-transport-266", "category": "交通", "name": "大江戸線 東新宿", "address": "新宿区新宿七丁目27番3号", "url": "https://www.kotsu.metro.tokyo.jp/subway/stations/higashi-shinjuku.html", "accessible_toilet": false, "ostomate": true, "elevator": true, "slope": false, "braille_block": true, "wheelchair_parking": false, "diaper_change": true, "assist_dog_toilet": false}}, {"type": "Feature", "geometry": {"type": "Point", "coordinates": [139.6995728, 35.69132917]}, "properties": {"id": "af-transport-267", "category": "交通", "name": "JR 高輪ゲートウェイ", "address": "港区江南2丁目1番220号", "url": "https://www.jreast.co.jp/estation/barrier-free/", "accessible_toilet": false, "ostomate": true, "elevator": true, "slope": false, "braille_block": false, "wheelchair_parking": false, "diaper_change": true, "assist_dog_toilet": false}}, {"type": "Feature", "geometry": {"type": "Point", "coordinates": [139.7096017, 35.68517611]}, "properties": {"id": "af-parks-0", "category": "公園", "name": "国民公園　新宿御苑", "address": "新宿区内藤町11", "url": "http://www.env.go.jp/garden/shinjukugyoen/", "accessible_toilet": true, "ostomate": true, "elevator": false, "slope": false, "braille_block": false, "wheelchair_parking": true, "diaper_change": true, "assist_dog_toilet": false}}, {"type": "Feature", "geometry": {"type": "Point", "coordinates": [139.6898986, 35.68933778]}, "properties": {"id": "af-parks-1", "category": "公園", "name": "新宿区立新宿中央公園", "address": "新宿区西新宿2-11-1", "url": "https://parks.prfj.or.jp/shinjuku/", "accessible_toilet": true, "ostomate": true, "elevator": false, "slope": false, "braille_block": true, "wheelchair_parking": false, "diaper_change": true, "assist_dog_toilet": false}}, {"type": "Feature", "geometry": {"type": "Point", "coordinates": [139.7679278, 35.70207167]}, "properties": {"id": "af-parks-2", "category": "公園", "name": "神田神社", "address": "千代田区外神田2-16-2", "url": "https://www.kandamyoujin.or.jp/", "accessible_toilet": true, "ostomate": true, "elevator": true, "slope": true, "braille_block": true, "wheelchair_parking": false, "diaper_change": true, "assist_dog_toilet": false}}, {"type": "Feature", "geometry": {"type": "Point", "coordinates": [139.699404, 35.676261]}, "properties": {"id": "af-parks-3", "category": "公園", "name": "明治神宮", "address": "渋谷区代々木神園町1-1", "url": "https://www.meijijingu.or.jp/", "accessible_toilet": true, "ostomate": true, "elevator": true, "slope": true, "braille_block": false, "wheelchair_parking": true, "diaper_change": true, "assist_dog_toilet": false}}, {"type": "Feature", "geometry": {"type": "Point", "coordinates": [139.7395547, 35.67475361]}, "properties": {"id": "af-parks-4", "category": "公園", "name": "日枝神社", "address": "千代田区永田町2-10-5", "url": "https://www.hiejinja.net/", "accessible_toilet": true, "ostomate": false, "elevator": false, "slope": false, "braille_block": false, "wheelchair_parking": true, "diaper_change": true, "assist_dog_toilet": false}}, {"type": "Feature", "geometry": {"type": "Point", "coordinates": [139.772258, 35.666496]}, "properties": {"id": "af-parks-5", "category": "公園", "name": "築地本願寺", "address": "中央区築地三丁目15-1", "url": "https://tsukijihongwanji.jp/", "accessible_toilet": true, "ostomate": true, "elevator": true, "slope": false, "braille_block": false, "wheelchair_parking": true, "diaper_change": true, "assist_dog_toilet": false}}, {"type": "Feature", "geometry": {"type": "Point", "coordinates": [139.7052736, 35.57903083]}, "properties": {"id": "af-parks-6", "category": "公園", "name": "池上本門寺", "address": "大田区池上1-1-1", "url": "http://honmonji.jp/", "accessible_toilet": true, "ostomate": false, "elevator": true, "slope": false, "braille_block": false, "wheelchair_parking": true, "diaper_change": false, "assist_dog_toilet": false}}, {"type": "Feature", "geometry": {"type": "Point", "coordinates": [139.1498356, 35.78281556]}, "properties": {"id": "af-parks-7", "category": "公園", "name": "武蔵御嶽神社", "address": "青梅市御岳山176", "url": "http://musashimitakejinja.jp/", "accessible_toilet": false, "ostomate": false, "elevator": false, "slope": false, "braille_block": false, "wheelchair_parking": false, "diaper_change": true, "assist_dog_toilet": false}}, {"type": "Feature", "geometry": {"type": "Point", "coordinates": [139.272869, 34.378291]}, "properties": {"id": "af-parks-8", "category": "公園", "name": "東京都立羽伏浦公園", "address": "新島村字檜山", "url": "", "accessible_toilet": true, "ostomate": false, "elevator": false, "slope": false, "braille_block": false, "wheelchair_parking": false, "diaper_change": false, "assist_dog_toilet": false}}, {"type": "Feature", "geometry": {"type": "Point", "coordinates": [139.432831, 34.763724]}, "properties": {"id": "af-parks-9", "category": "公園", "name": "大島公園椿園", "address": "大島町泉津字福重２", "url": "https://www.soumu.metro.tokyo.lg.jp/11osima/park/www/htdocs/parkindex.html", "accessible_toilet": true, "ostomate": true, "elevator": false, "slope": true, "braille_block": false, "wheelchair_parking": true, "diaper_change": true, "assist_dog_toilet": false}}, {"type": "Feature", "geometry": {"type": "Point", "coordinates": [139.097623, 35.808418]}, "properties": {"id": "af-parks-10", "category": "公園", "name": "東京都奥多摩ビジターセンター", "address": "西多摩郡奥多摩町氷川171-1", "url": "https://www.tokyo-park.or.jp/nature/okutama/index.html", "accessible_toilet": false, "ostomate": false, "elevator": false, "slope": true, "braille_block": false, "wheelchair_parking": false, "diaper_change": false, "assist_dog_toilet": false}}, {"type": "Feature", "geometry": {"type": "Point", "coordinates": [139.443731, 34.745915]}, "properties": {"id": "af-parks-11", "category": "公園", "name": "東京都立大島公園海のふるさと村", "address": "大島町泉津字原野２－１", "url": "https://www.soumu.metro.tokyo.lg.jp/11osima/umifuru/index.html", "accessible_toilet": true, "ostomate": false, "elevator": false, "slope": false, "braille_block": false, "wheelchair_parking": false, "diaper_change": false, "assist_dog_toilet": false}}, {"type": "Feature", "geometry": {"type": "Point", "coordinates": [139.1832239, 35.801388]}, "properties": {"id": "af-parks-12", "category": "公園", "name": "御岳インフォメーションセンター", "address": "青梅市御岳本町332", "url": "", "accessible_toilet": false, "ostomate": false, "elevator": false, "slope": false, "braille_block": false, "wheelchair_parking": false, "diaper_change": false, "assist_dog_toilet": false}}, {"type": "Feature", "geometry": {"type": "Point", "coordinates": [139.1506457, 35.78672]}, "properties": {"id": "af-parks-13", "category": "公園", "name": "東京都御岳ビジターセンター", "address": "青梅市御岳山38-5", "url": "https://www.ces-net.jp/mitakevc/", "accessible_toilet": true, "ostomate": false, "elevator": false, "slope": true, "braille_block": false, "wheelchair_parking": false, "diaper_change": true, "assist_dog_toilet": false}}, {"type": "Feature", "geometry": {"type": "Point", "coordinates": [139.243222, 35.625009]}, "properties": {"id": "af-parks-14", "category": "公園", "name": "東京都高尾ビジターセンター", "address": "八王子市高尾町2176", "url": "https://www.ces-net.jp/takaovc/", "accessible_toilet": true, "ostomate": true, "elevator": false, "slope": false, "braille_block": false, "wheelchair_parking": false, "diaper_change": false, "assist_dog_toilet": false}}, {"type": "Feature", "geometry": {"type": "Point", "coordinates": [139.0237547, 35.763607]}, "properties": {"id": "af-parks-15", "category": "公園", "name": "東京都立奥多摩湖畔公園山のふるさと村", "address": "西多摩郡奥多摩町川野１７４０番地", "url": "http://www.yamafuru.com/", "accessible_toilet": true, "ostomate": true, "elevator": false, "slope": true, "braille_block": false, "wheelchair_parking": true, "diaper_change": true, "assist_dog_toilet": false}}, {"type": "Feature", "geometry": {"type": "Point", "coordinates": [142.1920047, 27.093268]}, "properties": {"id": "af-parks-16", "category": "公園", "name": "東京都小笠原ビジターセンター", "address": "小笠原村父島字西町", "url": "http://www.tokyo-park.or.jp/nature/ogasawara/", "accessible_toilet": true, "ostomate": false, "elevator": false, "slope": true, "braille_block": false, "wheelchair_parking": false, "diaper_change": true, "assist_dog_toilet": false}}, {"type": "Feature", "geometry": {"type": "Point", "coordinates": [139.2267853, 35.718396]}, "properties": {"id": "af-parks-17", "category": "公園", "name": "東京都立小峰公園", "address": "あきる野市留原284-1", "url": "https://www.tokyo-park.or.jp/nature/komine/", "accessible_toilet": true, "ostomate": true, "elevator": false, "slope": true, "braille_block": false, "wheelchair_parking": true, "diaper_change": true, "assist_dog_toilet": false}}, {"type": "Feature", "geometry": {"type": "Point", "coordinates": [139.1524448, 34.203641]}, "properties": {"id": "af-parks-18", "category": "公園", "name": "東京都立多幸湾公園ファミリーキャンプ場", "address": "神津島村字榎木が沢2", "url": "http://takoucamp.com/", "accessible_toilet": false, "ostomate": false, "elevator": false, "slope": true, "braille_block": false, "wheelchair_parking": false, "diaper_change": false, "assist_dog_toilet": false}}, {"type": "Feature", "geometry": {"type": "Point", "coordinates": [139.4362743, 34.760192]}, "properties": {"id": "af-parks-19", "category": "公園", "name": "大島動物園", "address": "大島町泉津字福重２", "url": "https://www.soumu.metro.tokyo.lg.jp/11osima/park/www/htdocs/parkindex.html", "accessible_toilet": true, "ostomate": true, "elevator": false, "slope": true, "braille_block": false, "wheelchair_parking": false, "diaper_change": true, "assist_dog_toilet": false}}, {"type": "Feature", "geometry": {"type": "Point", "coordinates": [139.785, 33.112031]}, "properties": {"id": "af-parks-20", "category": "公園", "name": "八丈ビジターセンター", "address": "八丈島八丈町大賀郷２８４３番地", "url": "http://www.hachijo-vc.com/vc/vc.php", "accessible_toilet": true, "ostomate": false, "elevator": false, "slope": false, "braille_block": false, "wheelchair_parking": true, "diaper_change": false, "assist_dog_toilet": false}}, {"type": "Feature", "geometry": {"type": "Point", "coordinates": [139.720671, 35.668524]}, "properties": {"id": "af-parks-21", "category": "公園", "name": "青山公園", "address": "港区南青山２丁目", "url": "https://www.tokyo-park.or.jp/park/aoyama/", "accessible_toilet": false, "ostomate": false, "elevator": false, "slope": false, "braille_block": false, "wheelchair_parking": false, "diaper_change": false, "assist_dog_toilet": false}}, {"type": "Feature", "geometry": {"type": "Point", "coordinates": [139.656438, 35.785076]}, "properties": {"id": "af-parks-22", "category": "公園", "name": "赤塚公園", "address": "板橋区高島平三丁目", "url": "https://www.tokyo-park.or.jp/park/akatsuka/", "accessible_toilet": true, "ostomate": false, "elevator": false, "slope": false, "braille_block": false, "wheelchair_parking": true, "diaper_change": true, "assist_dog_toilet": false}}, {"type": "Feature", "geometry": {"type": "Point", "coordinates": [139.300293, 35.729273]}, "properties": {"id": "af-parks-23", "category": "公園", "name": "秋留台公園", "address": "あきる野市二宮", "url": "https://www.tokyo-park.or.jp/park/akirudai/", "accessible_toilet": true, "ostomate": false, "elevator": false, "slope": false, "braille_block": false, "wheelchair_parking": true, "diaper_change": true, "assist_dog_toilet": false}}, {"type": "Feature", "geometry": {"type": "Point", "coordinates": [139.574491, 35.7007]}, "properties": {"id": "af-parks-24", "category": "公園", "name": "井の頭恩賜公園", "address": "武蔵野市御殿山一丁目", "url": "https://www.kensetsu.metro.tokyo.lg.jp/jimusho/seibuk/inokashira/index.html", "accessible_toilet": true, "ostomate": false, "elevator": false, "slope": false, "braille_block": false, "wheelchair_parking": true, "diaper_change": true, "assist_dog_toilet": false}}, {"type": "Feature", "geometry": {"type": "Point", "coordinates": [139.773982, 35.715336]}, "properties": {"id": "af-parks-25", "category": "公園", "name": "上野恩賜公園", "address": "台東区上野公園", "url": "https://www.kensetsu.metro.tokyo.lg.jp/jimusho/toubuk/ueno/index_top.html", "accessible_toilet": true, "ostomate": false, "elevator": false, "slope": false, "braille_block": false, "wheelchair_parking": true, "diaper_change": true, "assist_dog_toilet": false}}, {"type": "Feature", "geometry": {"type": "Point", "coordinates": [139.860592, 35.674423]}, "properties": {"id": "af-parks-26", "category": "公園", "name": "宇喜田公園", "address": "江戸川区北葛西三丁目", "url": "https://tokyo-eastpark.com/parksearch/ukita", "accessible_toilet": true, "ostomate": false, "elevator": false, "slope": false, "braille_block": false, "wheelchair_parking": true, "diaper_change": true, "assist_dog_toilet": false}}, {"type": "Feature", "geometry": {"type": "Point", "coordinates": [139.692878, 35.794827]}, "properties": {"id": "af-parks-27", "category": "公園", "name": "浮間公園", "address": "板橋区舟渡二丁目", "url": "https://www.tokyo-park.or.jp/park/format/index009.html", "accessible_toilet": true, "ostomate": true, "elevator": false, "slope": false, "braille_block": false, "wheelchair_parking": true, "diaper_change": true, "assist_dog_toilet": false}}, {"type": "Feature", "geometry": {"type": "Point", "coordinates": [139.597728, 35.77462]}, "properties": {"id": "af-parks-28", "category": "公園", "name": "大泉中央公園", "address": "練馬区大泉学園町九丁目", "url": "https://www.tokyo-park.or.jp/park/oizumi-chuo/", "accessible_toilet": true, "ostomate": false, "elevator": false, "slope": false, "braille_block": false, "wheelchair_parking": true, "diaper_change": false, "assist_dog_toilet": false}}, {"type": "Feature", "geometry": {"type": "Point", "coordinates": [142.191557, 27.093979]}, "properties": {"id": "af-parks-29", "category": "公園", "name": "大神山公園", "address": "小笠原村父島", "url": "https://www.tokyo-park.or.jp/nature/ogasawara/", "accessible_toilet": true, "ostomate": true, "elevator": false, "slope": false, "braille_block": false, "wheelchair_parking": false, "diaper_change": true, "assist_dog_toilet": false}}, {"type": "Feature", "geometry": {"type": "Point", "coordinates": [139.846806, 35.692509]}, "properties": {"id": "af-parks-30", "category": "公園", "name": "大島小松川公園", "address": "江東区大島九丁目", "url": "https://tokyo-eastpark.com/parksearch/ohjima", "accessible_toilet": true, "ostomate": false, "elevator": false, "slope": false, "braille_block": false, "wheelchair_parking": true, "diaper_change": true, "assist_dog_toilet": false}}, {"type": "Feature", "geometry": {"type": "Point", "coordinates": [139.289337, 35.617521]}, "properties": {"id": "af-parks-31", "category": "公園", "name": "大戸緑地", "address": "町田市相原町", "url": "https://tamaparks.com/kouen/oto/", "accessible_toilet": true, "ostomate": true, "elevator": false, "slope": false, "braille_block": false, "wheelchair_parking": true, "diaper_change": false, "assist_dog_toilet": false}}, {"type": "Feature", "geometry": {"type": "Point", "coordinates": [139.77705, 35.751726]}, "properties": {"id": "af-parks-32", "category": "公園", "name": "尾久の原公園", "address": "荒川区東尾久七丁目", "url": "https://tokyo-eastpark.com/parksearch/ogunohara", "accessible_toilet": true, "ostomate": true, "elevator": false, "slope": false, "braille_block": false, "wheelchair_parking": false, "diaper_change": true, "assist_dog_toilet": false}}, {"type": "Feature", "geometry": {"type": "Point", "coordinates": [139.368198, 35.606146]}, "properties": {"id": "af-parks-33", "category": "公園", "name": "小山内裏公園", "address": "町田市小山ヶ丘四丁目", "url": "https://www.tokyo-park.or.jp/park/oyamadairi/", "accessible_toilet": true, "ostomate": false, "elevator": false, "slope": false, "braille_block": false, "wheelchair_parking": true, "diaper_change": true, "assist_dog_toilet": false}}, {"type": "Feature", "geometry": {"type": "Point", "coordinates": [139.416319, 35.596194]}, "properties": {"id": "af-parks-34", "category": "公園", "name": "小山田緑地", "address": "町田市下小山田町", "url": "https://www.tokyo-park.or.jp/park/oyamadaryokuchi/", "accessible_toilet": true, "ostomate": false, "elevator": false, "slope": false, "braille_block": false, "wheelchair_parking": true, "diaper_change": true, "assist_dog_toilet": false}}, {"type": "Feature", "geometry": {"type": "Point", "coordinates": [139.860296, 35.642245]}, "properties": {"id": "af-parks-35", "category": "公園", "name": "葛西臨海公園", "address": "江戸川区臨海町六丁目", "url": "https://www.tokyo-park.or.jp/park/kasairinkai/", "accessible_toilet": true, "ostomate": false, "elevator": true, "slope": false, "braille_block": false, "wheelchair_parking": true, "diaper_change": true, "assist_dog_toilet": false}}, {"type": "Feature", "geometry": {"type": "Point", "coordinates": [139.838447, 35.699909]}, "properties": {"id": "af-parks-36", "category": "公園", "name": "亀戸中央公園", "address": "江東区亀戸九丁目", "url": "https://tokyo-eastpark.com/parksearch/kameido", "accessible_toilet": true, "ostomate": false, "elevator": false, "slope": false, "braille_block": false, "wheelchair_parking": false, "diaper_change": false, "assist_dog_toilet": false}}, {"type": "Feature", "geometry": {"type": "Point", "coordinates": [139.620212, 35.630429]}, "properties": {"id": "af-parks-37", "category": "公園", "name": "砧公園", "address": "世田谷区砧公園", "url": "https://www.tokyo-park.or.jp/park/kinuta/", "accessible_toilet": true, "ostomate": false, "elevator": false, "slope": false, "braille_block": false, "wheelchair_parking": true, "diaper_change": true, "assist_dog_toilet": false}}, {"type": "Feature", "geometry": {"type": "Point", "coordinates": [139.807561, 35.676767]}, "properties": {"id": "af-parks-38", "category": "公園", "name": "木場公園", "address": "江東区平野四丁目", "url": "https://www.tokyo-park.or.jp/park/kiba/", "accessible_toilet": true, "ostomate": false, "elevator": false, "slope": false, "braille_block": false, "wheelchair_parking": true, "diaper_change": true, "assist_dog_toilet": false}}, {"type": "Feature", "geometry": {"type": "Point", "coordinates": [139.517882, 35.71706]}, "properties": {"id": "af-parks-39", "category": "公園", "name": "小金井公園", "address": "小金井市関野町一丁目", "url": "https://www.tokyo-park.or.jp/park/koganei/", "accessible_toilet": true, "ostomate": true, "elevator": false, "slope": false, "braille_block": false, "wheelchair_parking": true, "diaper_change": true, "assist_dog_toilet": false}}, {"type": "Feature", "geometry": {"type": "Point", "coordinates": [139.661894, 35.627198]}, "properties": {"id": "af-parks-40", "category": "公園", "name": "駒沢オリンピック公園", "address": "世田谷区駒沢公園", "url": "https://www.tokyo-park.or.jp/park/komazawa-olympic/", "accessible_toilet": true, "ostomate": false, "elevator": false, "slope": false, "braille_block": false, "wheelchair_parking": true, "diaper_change": true, "assist_dog_toilet": false}}, {"type": "Feature", "geometry": {"type": "Point", "coordinates": [139.340673, 35.673446]}, "properties": {"id": "af-parks-41", "category": "公園", "name": "小宮公園", "address": "八王子市暁町二丁目", "url": "https://tamaparks.com/kouen/komiya/", "accessible_toilet": true, "ostomate": false, "elevator": false, "slope": false, "braille_block": false, "wheelchair_parking": true, "diaper_change": true, "assist_dog_toilet": false}}, {"type": "Feature", "geometry": {"type": "Point", "coordinates": [139.44158, 35.763187]}, "properties": {"id": "af-parks-43", "category": "公園", "name": "狭山公園", "address": "東村山市多摩湖町三丁目", "url": "https://sayamaparks.com/kouen/sayama/", "accessible_toilet": true, "ostomate": false, "elevator": false, "slope": false, "braille_block": false, "wheelchair_parking": true, "diaper_change": true, "assist_dog_toilet": false}}, {"type": "Feature", "geometry": {"type": "Point", "coordinates": [139.412183, 35.852839]}, "properties": {"id": "af-parks-44", "category": "公園", "name": "狭山・境緑道", "address": "東大和市清水二丁目", "url": "https://sayamaparks.com/kouen/sayama_sakai/", "accessible_toilet": false, "ostomate": false, "elevator": false, "slope": false, "braille_block": false, "wheelchair_parking": false, "diaper_change": false, "assist_dog_toilet": false}}, {"type": "Feature", "geometry": {"type": "Point", "coordinates": [139.819226, 35.69051]}, "properties": {"id": "af-parks-45", "category": "公園", "name": "猿江恩賜公園", "address": "江東区毛利二丁目", "url": "https://tokyo-eastpark.com/parksearch/sarueonshi", "accessible_toilet": true, "ostomate": false, "elevator": false, "slope": false, "braille_block": false, "wheelchair_parking": false, "diaper_change": true, "assist_dog_toilet": false}}, {"type": "Feature", "geometry": {"type": "Point", "coordinates": [139.809271, 35.736607]}, "properties": {"id": "af-parks-46", "category": "公園", "name": "汐入公園", "address": "荒川区南千住八丁目", "url": "https://www.tokyo-park.or.jp/park/shioiri/", "accessible_toilet": true, "ostomate": true, "elevator": false, "slope": false, "braille_block": false, "wheelchair_parking": true, "diaper_change": true, "assist_dog_toilet": false}}, {"type": "Feature", "geometry": {"type": "Point", "coordinates": [139.768796, 35.62398]}, "properties": {"id": "af-parks-47", "category": "公園", "name": "潮風公園", "address": "品川区東八潮", "url": "https://www.tptc.co.jp/park/01_03", "accessible_toilet": true, "ostomate": false, "elevator": false, "slope": false, "braille_block": false, "wheelchair_parking": true, "diaper_change": true, "assist_dog_toilet": false}}, {"type": "Feature", "geometry": {"type": "Point", "coordinates": [139.899176, 35.715629]}, "properties": {"id": "af-parks-48", "category": "公園", "name": "篠崎公園", "address": "江戸川区上篠崎一丁目", "url": "https://www.tokyo-park.or.jp/park/shinozaki/", "accessible_toilet": true, "ostomate": false, "elevator": false, "slope": false, "braille_block": false, "wheelchair_parking": true, "diaper_change": true, "assist_dog_toilet": false}}, {"type": "Feature", "geometry": {"type": "Point", "coordinates": [139.747984, 35.654938]}, "properties": {"id": "af-parks-49", "category": "公園", "name": "芝公園", "address": "港区芝公園四丁目", "url": "https://www.tokyo-park.or.jp/park/siba/", "accessible_toilet": true, "ostomate": false, "elevator": false, "slope": false, "braille_block": false, "wheelchair_parking": false, "diaper_change": true, "assist_dog_toilet": false}}, {"type": "Feature", "geometry": {"type": "Point", "coordinates": [139.595976, 35.738171]}, "properties": {"id": "af-parks-50", "category": "公園", "name": "石神井公園", "address": "練馬区石神井台一丁目", "url": "https://www.tokyo-park.or.jp/park/shakujii/", "accessible_toilet": true, "ostomate": false, "elevator": false, "slope": false, "braille_block": false, "wheelchair_parking": true, "diaper_change": true, "assist_dog_toilet": false}}, {"type": "Feature", "geometry": {"type": "Point", "coordinates": [139.677579, 35.757429]}, "properties": {"id": "af-parks-51", "category": "公園", "name": "城北中央公園", "address": "練馬区氷川台一丁目", "url": "https://www.tokyo-park.or.jp/park/johoku-chuo/", "accessible_toilet": true, "ostomate": false, "elevator": false, "slope": false, "braille_block": false, "wheelchair_parking": true, "diaper_change": true, "assist_dog_toilet": false}}, {"type": "Feature", "geometry": {"type": "Point", "coordinates": [139.500427, 35.680157]}, "properties": {"id": "af-parks-52", "category": "公園", "name": "浅間山公園", "address": "府中市浅間町四丁目", "url": "https://musashinoparks.com/kouen/sengenyama/", "accessible_toilet": true, "ostomate": true, "elevator": false, "slope": false, "braille_block": false, "wheelchair_parking": true, "diaper_change": true, "assist_dog_toilet": false}}, {"type": "Feature", "geometry": {"type": "Point", "coordinates": [139.632405, 35.690675]}, "properties": {"id": "af-parks-53", "category": "公園", "name": "善福寺川緑地", "address": "杉並区成田西一丁目", "url": "https://www.tokyo-park.or.jp/park/zempukujigawa-ryokuchi/", "accessible_toilet": true, "ostomate": false, "elevator": false, "slope": false, "braille_block": false, "wheelchair_parking": false, "diaper_change": true, "assist_dog_toilet": false}}, {"type": "Feature", "geometry": {"type": "Point", "coordinates": [139.591542, 35.713434]}, "properties": {"id": "af-parks-54", "category": "公園", "name": "善福寺公園", "address": "杉並区善福寺三丁目", "url": "https://www.tokyo-park.or.jp/park/zenpukuji/", "accessible_toilet": true, "ostomate": false, "elevator": false, "slope": false, "braille_block": false, "wheelchair_parking": false, "diaper_change": true, "assist_dog_toilet": false}}, {"type": "Feature", "geometry": {"type": "Point", "coordinates": [139.599357, 35.656911]}, "properties": {"id": "af-parks-55", "category": "公園", "name": "祖師谷公園", "address": "世田谷区上祖師谷三丁目", "url": "https://www.tokyo-park.or.jp/park/soshigaya/", "accessible_toilet": true, "ostomate": false, "elevator": false, "slope": false, "braille_block": false, "wheelchair_parking": true, "diaper_change": true, "assist_dog_toilet": false}}, {"type": "Feature", "geometry": {"type": "Point", "coordinates": [139.772033, 35.633594]}, "properties": {"id": "af-parks-56", "category": "公園", "name": "台場公園", "address": "港区台場一丁目", "url": "https://www.tptc.co.jp/park/01_02", "accessible_toilet": false, "ostomate": false, "elevator": false, "slope": false, "braille_block": false, "wheelchair_parking": false, "diaper_change": false, "assist_dog_toilet": false}}, {"type": "Feature", "geometry": {"type": "Point", "coordinates": [139.330101, 35.701454]}, "properties": {"id": "af-parks-57", "category": "公園", "name": "滝山公園", "address": "八王子市高月町", "url": "https://tamaparks.com/kouen/takiyama/", "accessible_toilet": true, "ostomate": false, "elevator": false, "slope": false, "braille_block": false, "wheelchair_parking": false, "diaper_change": false, "assist_dog_toilet": false}}, {"type": "Feature", "geometry": {"type": "Point", "coordinates": [139.664898, 35.671987]}, "properties": {"id": "af-parks-58", "category": "公園", "name": "玉川上水緑道", "address": "三鷹市大沢六丁目", "url": "http://musashinoparks.com/kouen/tamagawa/", "accessible_toilet": true, "ostomate": false, "elevator": false, "slope": false, "braille_block": false, "wheelchair_parking": false, "diaper_change": true, "assist_dog_toilet": false}}, {"type": "Feature", "geometry": {"type": "Point", "coordinates": [139.769017, 35.6804]}, "properties": {"id": "af-parks-59", "category": "公園", "name": "東京臨海広域防災公園", "address": "江東区有明三丁目", "url": "https://www.tokyorinkai-koen.jp/", "accessible_toilet": true, "ostomate": true, "elevator": false, "slope": false, "braille_block": false, "wheelchair_parking": true, "diaper_change": true, "assist_dog_toilet": false}}, {"type": "Feature", "geometry": {"type": "Point", "coordinates": [139.772165, 35.797451]}, "properties": {"id": "af-parks-60", "category": "公園", "name": "舎人公園", "address": "足立区舎人公園", "url": "https://www.tokyo-park.or.jp/park/toneri/", "accessible_toilet": true, "ostomate": true, "elevator": false, "slope": false, "braille_block": false, "wheelchair_parking": true, "diaper_change": true, "assist_dog_toilet": false}}, {"type": "Feature", "geometry": {"type": "Point", "coordinates": [139.705066, 35.707707]}, "properties": {"id": "af-parks-61", "category": "公園", "name": "戸山公園", "address": "新宿区大久保三丁目", "url": "https://www.tokyo-park.or.jp/park/toyama/", "accessible_toilet": true, "ostomate": true, "elevator": false, "slope": false, "braille_block": false, "wheelchair_parking": true, "diaper_change": true, "assist_dog_toilet": false}}, {"type": "Feature", "geometry": {"type": "Point", "coordinates": [139.845443, 35.774755]}, "properties": {"id": "af-parks-62", "category": "公園", "name": "中川公園", "address": "足立区中川五丁目", "url": "https://tokyo-eastpark.com/parksearch/nakagawa", "accessible_toilet": true, "ostomate": false, "elevator": false, "slope": false, "braille_block": false, "wheelchair_parking": true, "diaper_change": false, "assist_dog_toilet": false}}, {"type": "Feature", "geometry": {"type": "Point", "coordinates": [139.368525, 35.638301]}, "properties": {"id": "af-parks-63", "category": "公園", "name": "長沼公園", "address": "八王子市長沼町", "url": "https://www.tokyo-park.or.jp/park/naganuma/", "accessible_toilet": true, "ostomate": false, "elevator": false, "slope": false, "braille_block": false, "wheelchair_parking": true, "diaper_change": true, "assist_dog_toilet": false}}, {"type": "Feature", "geometry": {"type": "Point", "coordinates": [139.525446, 35.68334]}, "properties": {"id": "af-parks-64", "category": "公園", "name": "野川公園", "address": "三鷹市大沢六丁目", "url": "https://musashinoparks.com/kouen/nogawa/", "accessible_toilet": true, "ostomate": false, "elevator": false, "slope": false, "braille_block": false, "wheelchair_parking": true, "diaper_change": true, "assist_dog_toilet": false}}, {"type": "Feature", "geometry": {"type": "Point", "coordinates": [139.379757, 35.765884]}, "properties": {"id": "af-parks-65", "category": "公園", "name": "野山北・六道山公園", "address": "武蔵村山市三ツ木四丁目", "url": "https://sayamaparks.com/kouen/noyama/", "accessible_toilet": true, "ostomate": false, "elevator": false, "slope": false, "braille_block": false, "wheelchair_parking": true, "diaper_change": true, "assist_dog_toilet": false}}, {"type": "Feature", "geometry": {"type": "Point", "coordinates": [139.454934, 35.766772]}, "properties": {"id": "af-parks-66", "category": "公園", "name": "八国山緑地", "address": "東村山市諏訪町三丁目", "url": "https://sayamaparks.com/kouen/hachikokuyama/", "accessible_toilet": true, "ostomate": false, "elevator": false, "slope": false, "braille_block": false, "wheelchair_parking": false, "diaper_change": true, "assist_dog_toilet": false}}, {"type": "Feature", "geometry": {"type": "Point", "coordinates": [139.832565, 35.770235]}, "properties": {"id": "af-parks-67", "category": "公園", "name": "東綾瀬公園", "address": "足立区東綾瀬三丁目", "url": "https://tokyo-eastpark.com/parksearch/higashiayase", "accessible_toilet": true, "ostomate": false, "elevator": false, "slope": false, "braille_block": false, "wheelchair_parking": true, "diaper_change": true, "assist_dog_toilet": false}}, {"type": "Feature", "geometry": {"type": "Point", "coordinates": [139.814077, 35.733687]}, "properties": {"id": "af-parks-68", "category": "公園", "name": "東白鬚公園", "address": "墨田区堤通二丁目", "url": "https://www.tokyo-park.or.jp/park/higashi-shirahige/", "accessible_toilet": true, "ostomate": true, "elevator": false, "slope": false, "braille_block": false, "wheelchair_parking": false, "diaper_change": true, "assist_dog_toilet": false}}, {"type": "Feature", "geometry": {"type": "Point", "coordinates": [139.557041, 35.728728]}, "properties": {"id": "af-parks-69", "category": "公園", "name": "東伏見公園", "address": "西東京市東伏見一丁目", "url": "https://musashinoparks.com/kouen/higashifushimi/", "accessible_toilet": true, "ostomate": false, "elevator": false, "slope": false, "braille_block": false, "wheelchair_parking": false, "diaper_change": true, "assist_dog_toilet": false}}, {"type": "Feature", "geometry": {"type": "Point", "coordinates": [139.459004, 35.747927]}, "properties": {"id": "af-parks-70", "category": "公園", "name": "東村山中央公園", "address": "東村山市富士見町五丁目", "url": "https://www.tokyo-park.or.jp/park/higashimurayama-chuo/", "accessible_toilet": true, "ostomate": false, "elevator": false, "slope": false, "braille_block": false, "wheelchair_parking": true, "diaper_change": true, "assist_dog_toilet": false}}, {"type": "Feature", "geometry": {"type": "Point", "coordinates": [139.430354, 35.756214]}, "properties": {"id": "af-parks-71", "category": "公園", "name": "東大和公園", "address": "東大和市湖畔三丁目", "url": "https://sayamaparks.com/kouen/higashiyamato/", "accessible_toilet": false, "ostomate": false, "elevator": false, "slope": false, "braille_block": false, "wheelchair_parking": false, "diaper_change": false, "assist_dog_toilet": false}}, {"type": "Feature", "geometry": {"type": "Point", "coordinates": [139.42202, 35.734226]}, "properties": {"id": "af-parks-72", "category": "公園", "name": "東大和南公園", "address": "東大和市桜が丘二丁目", "url": "https://www.tokyo-park.or.jp/park/higashiyamato/", "accessible_toilet": true, "ostomate": false, "elevator": false, "slope": false, "braille_block": false, "wheelchair_parking": true, "diaper_change": true, "assist_dog_toilet": false}}, {"type": "Feature", "geometry": {"type": "Point", "coordinates": [139.629503, 35.765204]}, "properties": {"id": "af-parks-73", "category": "公園", "name": "光が丘公園", "address": "練馬区光が丘四丁目", "url": "https://www.tokyo-park.or.jp/park/hikarigaoka/", "accessible_toilet": true, "ostomate": false, "elevator": false, "slope": false, "braille_block": false, "wheelchair_parking": true, "diaper_change": true, "assist_dog_toilet": false}}, {"type": "Feature", "geometry": {"type": "Point", "coordinates": [139.755388, 35.674439]}, "properties": {"id": "af-parks-74", "category": "公園", "name": "日比谷公園", "address": "千代田区日比谷公園", "url": "https://www.tokyo-park.or.jp/park/hibiya/", "accessible_toilet": true, "ostomate": false, "elevator": false, "slope": false, "braille_block": false, "wheelchair_parking": false, "diaper_change": true, "assist_dog_toilet": false}}, {"type": "Feature", "geometry": {"type": "Point", "coordinates": [139.381, 35.64796]}, "properties": {"id": "af-parks-75", "category": "公園", "name": "平山城址公園", "address": "八王子市堀之内", "url": "https://www.tokyo-park.or.jp/park/hirayama-joshi/", "accessible_toilet": false, "ostomate": false, "elevator": false, "slope": false, "braille_block": false, "wheelchair_parking": true, "diaper_change": false, "assist_dog_toilet": false}}, {"type": "Feature", "geometry": {"type": "Point", "coordinates": [139.491872, 35.676369]}, "properties": {"id": "af-parks-76", "category": "公園", "name": "府中の森公園", "address": "府中市浅間町一丁目", "url": "https://www.tokyo-park.or.jp/park/fuchunomori/", "accessible_toilet": true, "ostomate": false, "elevator": false, "slope": false, "braille_block": false, "wheelchair_parking": true, "diaper_change": true, "assist_dog_toilet": false}}, {"type": "Feature", "geometry": {"type": "Point", "coordinates": [139.869841, 35.787198]}, "properties": {"id": "af-parks-77", "category": "公園", "name": "水元公園", "address": "葛飾区水元公園", "url": "https://www.tokyo-park.or.jp/park/mizumoto/", "accessible_toilet": true, "ostomate": false, "elevator": false, "slope": false, "braille_block": false, "wheelchair_parking": true, "diaper_change": true, "assist_dog_toilet": false}}, {"type": "Feature", "geometry": {"type": "Point", "coordinates": [139.472757, 35.69685]}, "properties": {"id": "af-parks-78", "category": "公園", "name": "武蔵国分寺公園", "address": "国分寺市泉町二丁目", "url": "https://musashinoparks.com/kouen/musasikoku/", "accessible_toilet": true, "ostomate": false, "elevator": false, "slope": false, "braille_block": false, "wheelchair_parking": true, "diaper_change": true, "assist_dog_toilet": false}}, {"type": "Feature", "geometry": {"type": "Point", "coordinates": [139.520496, 35.687906]}, "properties": {"id": "af-parks-79", "category": "公園", "name": "武蔵野公園", "address": "府中市多磨町二丁目", "url": "https://musashinoparks.com/kouen/musasino/", "accessible_toilet": true, "ostomate": true, "elevator": false, "slope": false, "braille_block": false, "wheelchair_parking": true, "diaper_change": true, "assist_dog_toilet": false}}, {"type": "Feature", "geometry": {"type": "Point", "coordinates": [139.55854, 35.718669]}, "properties": {"id": "af-parks-80", "category": "公園", "name": "武蔵野中央公園", "address": "武蔵野市八幡町二丁目", "url": "https://www.tokyo-park.or.jp/park/musashino-chuo/", "accessible_toilet": true, "ostomate": false, "elevator": false, "slope": false, "braille_block": false, "wheelchair_parking": true, "diaper_change": true, "assist_dog_toilet": false}}, {"type": "Feature", "geometry": {"type": "Point", "coordinates": [139.522366, 35.676093]}, "properties": {"id": "af-parks-81", "category": "公園", "name": "武蔵野の森公園", "address": "府中市朝日町三丁目", "url": "https://www.tokyo-park.or.jp/park/musashino-no-mori/", "accessible_toilet": true, "ostomate": false, "elevator": false, "slope": false, "braille_block": false, "wheelchair_parking": true, "diaper_change": true, "assist_dog_toilet": false}}, {"type": "Feature", "geometry": {"type": "Point", "coordinates": [139.82782, 35.651124]}, "properties": {"id": "af-parks-82", "category": "公園", "name": "夢の島公園", "address": "江東区夢の島二丁目", "url": "https://www.yumenoshima.jp/park/", "accessible_toilet": true, "ostomate": false, "elevator": false, "slope": false, "braille_block": false, "wheelchair_parking": true, "diaper_change": true, "assist_dog_toilet": false}}, {"type": "Feature", "geometry": {"type": "Point", "coordinates": [139.796883, 35.699188]}, "properties": {"id": "af-parks-83", "category": "公園", "name": "横網町公園", "address": "墨田区横網二丁目", "url": "https://tokyoireikyoukai.or.jp/", "accessible_toilet": true, "ostomate": true, "elevator": true, "slope": false, "braille_block": false, "wheelchair_parking": true, "diaper_change": true, "assist_dog_toilet": false}}, {"type": "Feature", "geometry": {"type": "Point", "coordinates": [139.694945, 35.671736]}, "properties": {"id": "af-parks-84", "category": "公園", "name": "代々木公園", "address": "渋谷区代々木神園町・神南二丁目", "url": "https://www.tokyo-park.or.jp/park/yoyogi/", "accessible_toilet": true, "ostomate": false, "elevator": false, "slope": false, "braille_block": false, "wheelchair_parking": true, "diaper_change": true, "assist_dog_toilet": false}}, {"type": "Feature", "geometry": {"type": "Point", "coordinates": [139.289172, 35.649066]}, "properties": {"id": "af-parks-85", "category": "公園", "name": "陵南公園", "address": "八王子市長房町", "url": "https://tamaparks.com/kouen/ryonan/", "accessible_toilet": true, "ostomate": true, "elevator": false, "slope": false, "braille_block": false, "wheelchair_parking": true, "diaper_change": true, "assist_dog_toilet": false}}, {"type": "Feature", "geometry": {"type": "Point", "coordinates": [139.703329, 35.624931]}, "properties": {"id": "af-parks-86", "category": "公園", "name": "林試の森公園", "address": "品川区小山台二丁目", "url": "https://www.tokyo-park.or.jp/park/rinshinomori/", "accessible_toilet": true, "ostomate": false, "elevator": false, "slope": false, "braille_block": false, "wheelchair_parking": false, "diaper_change": true, "assist_dog_toilet": false}}, {"type": "Feature", "geometry": {"type": "Point", "coordinates": [139.61091, 35.661969]}, "properties": {"id": "af-parks-87", "category": "公園", "name": "蘆花恒春園", "address": "世田谷区粕谷一丁目", "url": "https://www.tokyo-park.or.jp/park/rokakoshun-en/", "accessible_toilet": true, "ostomate": false, "elevator": false, "slope": false, "braille_block": false, "wheelchair_parking": true, "diaper_change": true, "assist_dog_toilet": false}}, {"type": "Feature", "geometry": {"type": "Point", "coordinates": [139.522698, 35.750302]}, "properties": {"id": "af-parks-88", "category": "公園", "name": "六仙公園", "address": "東久留米市中央町三丁目", "url": "https://musashinoparks.com/kouen/rokusen/", "accessible_toilet": true, "ostomate": false, "elevator": false, "slope": false, "braille_block": false, "wheelchair_parking": true, "diaper_change": true, "assist_dog_toilet": false}}, {"type": "Feature", "geometry": {"type": "Point", "coordinates": [139.64057, 35.685224]}, "properties": {"id": "af-parks-89", "category": "公園", "name": "和田堀公園", "address": "杉並区大宮二丁目", "url": "https://www.tokyo-park.or.jp/park/wadabori/", "accessible_toilet": true, "ostomate": false, "elevator": false, "slope": false, "braille_block": false, "wheelchair_parking": true, "diaper_change": true, "assist_dog_toilet": false}}, {"type": "Feature", "geometry": {"type": "Point", "coordinates": [139.767205, 35.70976]}, "properties": {"id": "af-parks-90", "category": "公園", "name": "旧岩崎邸庭園", "address": "台東区池之端一丁目", "url": "https://www.tokyo-park.or.jp/park/kyu-iwasaki-tei/", "accessible_toilet": true, "ostomate": true, "elevator": true, "slope": false, "braille_block": false, "wheelchair_parking": true, "diaper_change": true, "assist_dog_toilet": false}}, {"type": "Feature", "geometry": {"type": "Point", "coordinates": [139.758046, 35.655799]}, "properties": {"id": "af-parks-91", "category": "公園", "name": "旧芝離宮恩賜庭園", "address": "港区海岸一丁目", "url": "https://www.tokyo-park.or.jp/park/kyu-shiba-rikyu/", "accessible_toilet": true, "ostomate": true, "elevator": false, "slope": false, "braille_block": false, "wheelchair_parking": false, "diaper_change": true, "assist_dog_toilet": false}}, {"type": "Feature", "geometry": {"type": "Point", "coordinates": [139.746698, 35.743102]}, "properties": {"id": "af-parks-92", "category": "公園", "name": "旧古河庭園", "address": "北区西ヶ原一丁目", "url": "https://www.tokyo-park.or.jp/park/kyu-furukawa/", "accessible_toilet": true, "ostomate": false, "elevator": false, "slope": false, "braille_block": false, "wheelchair_parking": false, "diaper_change": true, "assist_dog_toilet": false}}, {"type": "Feature", "geometry": {"type": "Point", "coordinates": [139.797804, 35.680676]}, "properties": {"id": "af-parks-93", "category": "公園", "name": "清澄庭園", "address": "江東区清澄三丁目", "url": "https://www.tokyo-park.or.jp/park/kiyosumi/", "accessible_toilet": true, "ostomate": false, "elevator": false, "slope": false, "braille_block": false, "wheelchair_parking": false, "diaper_change": true, "assist_dog_toilet": false}}, {"type": "Feature", "geometry": {"type": "Point", "coordinates": [139.747649, 35.704864]}, "properties": {"id": "af-parks-94", "category": "公園", "name": "小石川後楽園", "address": "文京区後楽一丁目", "url": "https://www.tokyo-park.or.jp/park/koishikawakorakuen/", "accessible_toilet": true, "ostomate": false, "elevator": false, "slope": false, "braille_block": false, "wheelchair_parking": false, "diaper_change": true, "assist_dog_toilet": false}}, {"type": "Feature", "geometry": {"type": "Point", "coordinates": [139.48202, 35.69876]}, "properties": {"id": "af-parks-95", "category": "公園", "name": "殿ヶ谷戸庭園", "address": "国分寺市南町二丁目", "url": "https://www.tokyo-park.or.jp/park/tonogayato/", "accessible_toilet": true, "ostomate": false, "elevator": false, "slope": false, "braille_block": false, "wheelchair_parking": false, "diaper_change": false, "assist_dog_toilet": false}}, {"type": "Feature", "geometry": {"type": "Point", "coordinates": [139.763493, 35.659737]}, "properties": {"id": "af-parks-96", "category": "公園", "name": "浜離宮恩賜庭園", "address": "中央区浜離宮庭園", "url": "https://www.tokyo-park.or.jp/park/hama-rikyu/", "accessible_toilet": true, "ostomate": true, "elevator": false, "slope": false, "braille_block": false, "wheelchair_parking": true, "diaper_change": true, "assist_dog_toilet": false}}, {"type": "Feature", "geometry": {"type": "Point", "coordinates": [139.815601, 35.724215]}, "properties": {"id": "af-parks-97", "category": "公園", "name": "向島百花園", "address": "墨田区東向島三丁目", "url": "https://www.tokyo-park.or.jp/park/mukojima-hyakkaen/", "accessible_toilet": true, "ostomate": true, "elevator": false, "slope": false, "braille_block": false, "wheelchair_parking": false, "diaper_change": true, "assist_dog_toilet": false}}, {"type": "Feature", "geometry": {"type": "Point", "coordinates": [139.747707, 35.732759]}, "properties": {"id": "af-parks-98", "category": "公園", "name": "六義園", "address": "文京区本駒込六丁目", "url": "https://www.tokyo-park.or.jp/park/rikugien/", "accessible_toilet": true, "ostomate": false, "elevator": false, "slope": false, "braille_block": false, "wheelchair_parking": false, "diaper_change": true, "assist_dog_toilet": false}}, {"type": "Feature", "geometry": {"type": "Point", "coordinates": [139.571684, 35.700667]}, "properties": {"id": "af-parks-99", "category": "公園", "name": "井の頭自然文化園", "address": "武蔵野市御殿山1-17-6", "url": "https://www.tokyo-zoo.net/zoo/ino/", "accessible_toilet": true, "ostomate": true, "elevator": false, "slope": false, "braille_block": false, "wheelchair_parking": false, "diaper_change": true, "assist_dog_toilet": false}}, {"type": "Feature", "geometry": {"type": "Point", "coordinates": [139.771317, 35.716453]}, "properties": {"id": "af-parks-100", "category": "公園", "name": "恩賜上野動物園", "address": "台東区上野公園", "url": "https://www.tokyo-zoo.net/zoo/ueno/", "accessible_toilet": true, "ostomate": true, "elevator": true, "slope": false, "braille_block": false, "wheelchair_parking": false, "diaper_change": true, "assist_dog_toilet": false}}, {"type": "Feature", "geometry": {"type": "Point", "coordinates": [139.860296, 35.642245]}, "properties": {"id": "af-parks-101", "category": "公園", "name": "葛西臨海水族園", "address": "江戸川区臨海町六丁目", "url": "https://www.tokyo-zoo.net/zoo/kasai/", "accessible_toilet": true, "ostomate": true, "elevator": true, "slope": false, "braille_block": false, "wheelchair_parking": false, "diaper_change": true, "assist_dog_toilet": false}}, {"type": "Feature", "geometry": {"type": "Point", "coordinates": [139.548348, 35.67128]}, "properties": {"id": "af-parks-102", "category": "公園", "name": "神代植物公園", "address": "調布市深大寺元町五丁目", "url": "https://www.tokyo-park.or.jp/park/jindai/", "accessible_toilet": true, "ostomate": false, "elevator": true, "slope": false, "braille_block": false, "wheelchair_parking": true, "diaper_change": true, "assist_dog_toilet": false}}, {"type": "Feature", "geometry": {"type": "Point", "coordinates": [139.403235, 35.64964]}, "properties": {"id": "af-parks-103", "category": "公園", "name": "多摩動物公園", "address": "日野市程久保七丁目", "url": "https://www.tokyo-zoo.net/zoo/tama/", "accessible_toilet": true, "ostomate": true, "elevator": true, "slope": false, "braille_block": false, "wheelchair_parking": true, "diaper_change": true, "assist_dog_toilet": false}}, {"type": "Feature", "geometry": {"type": "Point", "coordinates": [139.82938, 35.651256]}, "properties": {"id": "af-parks-104", "category": "公園", "name": "夢の島熱帯植物館", "address": "江東区夢の島2-1-2（夢の島公園内）", "url": "https://www.yumenoshima.jp/botanicalhall/", "accessible_toilet": true, "ostomate": false, "elevator": true, "slope": false, "braille_block": false, "wheelchair_parking": true, "diaper_change": true, "assist_dog_toilet": false}}, {"type": "Feature", "geometry": {"type": "Point", "coordinates": [139.721913, 35.667038]}, "properties": {"id": "af-parks-105", "category": "公園", "name": "青山霊園", "address": "港区南青山2-32-2", "url": "https://www.tokyo-park.or.jp/reien/aoyama/", "accessible_toilet": true, "ostomate": false, "elevator": false, "slope": false, "braille_block": false, "wheelchair_parking": true, "diaper_change": true, "assist_dog_toilet": false}}, {"type": "Feature", "geometry": {"type": "Point", "coordinates": [139.485298, 35.743655]}, "properties": {"id": "af-parks-106", "category": "公園", "name": "小平霊園", "address": "東村山市萩山町1-16-1", "url": "https://www.tokyo-park.or.jp/reien/kodaira/", "accessible_toilet": true, "ostomate": false, "elevator": false, "slope": false, "braille_block": false, "wheelchair_parking": true, "diaper_change": true, "assist_dog_toilet": false}}, {"type": "Feature", "geometry": {"type": "Point", "coordinates": [139.719802, 35.722998]}, "properties": {"id": "af-parks-107", "category": "公園", "name": "雑司ケ谷霊園", "address": "豊島区南池袋4-25-1", "url": "https://www.tokyo-park.or.jp/reien/zoshigaya/", "accessible_toilet": false, "ostomate": false, "elevator": true, "slope": false, "braille_block": false, "wheelchair_parking": true, "diaper_change": true, "assist_dog_toilet": false}}, {"type": "Feature", "geometry": {"type": "Point", "coordinates": [139.737233, 35.738732]}, "properties": {"id": "af-parks-108", "category": "公園", "name": "染井霊園", "address": "豊島区駒込5-5-1", "url": "https://www.tokyo-park.or.jp/reien/somei/", "accessible_toilet": true, "ostomate": false, "elevator": false, "slope": false, "braille_block": false, "wheelchair_parking": true, "diaper_change": true, "assist_dog_toilet": false}}, {"type": "Feature", "geometry": {"type": "Point", "coordinates": [139.510432, 35.685284]}, "properties": {"id": "af-parks-109", "category": "公園", "name": "多磨霊園", "address": "府中市多磨町4-628", "url": "https://www.tokyo-park.or.jp/reien/tama/", "accessible_toilet": true, "ostomate": false, "elevator": true, "slope": false, "braille_block": false, "wheelchair_parking": true, "diaper_change": true, "assist_dog_toilet": false}}, {"type": "Feature", "geometry": {"type": "Point", "coordinates": [139.26823, 35.660542]}, "properties": {"id": "af-parks-110", "category": "公園", "name": "八王子霊園", "address": "八王子市元八王子町3-2536", "url": "https://www.tokyo-park.or.jp/reien/hachioji/", "accessible_toilet": true, "ostomate": false, "elevator": false, "slope": false, "braille_block": false, "wheelchair_parking": true, "diaper_change": true, "assist_dog_toilet": false}}, {"type": "Feature", "geometry": {"type": "Point", "coordinates": [139.771672, 35.724256]}, "properties": {"id": "af-parks-111", "category": "公園", "name": "谷中霊園", "address": "台東区谷中7-5-24", "url": "https://www.tokyo-park.or.jp/reien/yanaka/", "accessible_toilet": true, "ostomate": false, "elevator": false, "slope": false, "braille_block": false, "wheelchair_parking": false, "diaper_change": true, "assist_dog_toilet": false}}, {"type": "Feature", "geometry": {"type": "Point", "coordinates": [139.94692, 35.781809]}, "properties": {"id": "af-parks-112", "category": "公園", "name": "八柱霊園", "address": "松戸市田中新田48-2", "url": "https://www.tokyo-park.or.jp/reien/yahashira/", "accessible_toilet": true, "ostomate": false, "elevator": false, "slope": false, "braille_block": false, "wheelchair_parking": true, "diaper_change": true, "assist_dog_toilet": false}}, {"type": "Feature", "geometry": {"type": "Point", "coordinates": [139.7238911, 35.666297]}, "properties": {"id": "af-parks-113", "category": "公園", "name": "青山葬儀所", "address": "港区南青山2-33-20", "url": "https://www.kensetsu.metro.tokyo.lg.jp/aoyamasougisyo.html", "accessible_toilet": false, "ostomate": false, "elevator": false, "slope": false, "braille_block": false, "wheelchair_parking": false, "diaper_change": false, "assist_dog_toilet": false}}, {"type": "Feature", "geometry": {"type": "Point", "coordinates": [139.889772, 35.694907]}, "properties": {"id": "af-parks-114", "category": "公園", "name": "瑞江葬儀所", "address": "江戸川区春江町3-26-1", "url": "https://www.tokyo-park.or.jp/reien/mizue/", "accessible_toilet": true, "ostomate": false, "elevator": false, "slope": false, "braille_block": false, "wheelchair_parking": true, "diaper_change": false, "assist_dog_toilet": false}}, {"type": "Feature", "geometry": {"type": "Point", "coordinates": [139.776155, 35.62998]}, "properties": {"id": "af-parks-115", "category": "公園", "name": "お台場海浜公園", "address": "港区台場一丁目", "url": "https://www.tptc.co.jp/park/01_02", "accessible_toilet": true, "ostomate": true, "elevator": true, "slope": false, "braille_block": true, "wheelchair_parking": true, "diaper_change": true, "assist_dog_toilet": false}}, {"type": "Feature", "geometry": {"type": "Point", "coordinates": [139.782009, 35.627424]}, "properties": {"id": "af-parks-116", "category": "公園", "name": "シンボルプロムナード公園", "address": "港区台場１丁目", "url": "https://www.tptc.co.jp/park/01_04", "accessible_toilet": true, "ostomate": true, "elevator": true, "slope": false, "braille_block": false, "wheelchair_parking": true, "diaper_change": true, "assist_dog_toilet": false}}, {"type": "Feature", "geometry": {"type": "Point", "coordinates": [139.775636, 35.61607]}, "properties": {"id": "af-parks-117", "category": "公園", "name": "青海南ふ頭公園", "address": "江東区青海二丁目", "url": "https://www.tptc.co.jp/park/01_09", "accessible_toilet": true, "ostomate": false, "elevator": false, "slope": false, "braille_block": false, "wheelchair_parking": true, "diaper_change": false, "assist_dog_toilet": false}}, {"type": "Feature", "geometry": {"type": "Point", "coordinates": [139.784617, 35.627322]}, "properties": {"id": "af-parks-118", "category": "公園", "name": "水の広場公園", "address": "江東区青海一丁目", "url": "https://www.tptc.co.jp/park/02_04", "accessible_toilet": true, "ostomate": false, "elevator": false, "slope": false, "braille_block": false, "wheelchair_parking": false, "diaper_change": true, "assist_dog_toilet": false}}, {"type": "Feature", "geometry": {"type": "Point", "coordinates": [139.814384, 35.649068]}, "properties": {"id": "af-parks-119", "category": "公園", "name": "辰巳の森海浜公園", "address": "江東区辰巳二丁目１番35号", "url": "https://www.tptc.co.jp/park/03_01", "accessible_toilet": true, "ostomate": true, "elevator": false, "slope": false, "braille_block": true, "wheelchair_parking": true, "diaper_change": true, "assist_dog_toilet": false}}, {"type": "Feature", "geometry": {"type": "Point", "coordinates": [139.789179, 35.655333]}, "properties": {"id": "af-parks-120", "category": "公園", "name": "春海橋公園", "address": "江東区豊洲二丁目", "url": "https://www.tptc.co.jp/park/02_02", "accessible_toilet": false, "ostomate": false, "elevator": false, "slope": false, "braille_block": false, "wheelchair_parking": false, "diaper_change": false, "assist_dog_toilet": false}}, {"type": "Feature", "geometry": {"type": "Point", "coordinates": [139.752319, 35.5925]}, "properties": {"id": "af-parks-121", "category": "公園", "name": "大井ふ頭中央海浜公園　スポーツの森", "address": "品川区八潮四丁目1番19号", "url": "http://seaside-park.jp/park_ooisports/", "accessible_toilet": true, "ostomate": false, "elevator": true, "slope": false, "braille_block": true, "wheelchair_parking": true, "diaper_change": true, "assist_dog_toilet": false}}, {"type": "Feature", "geometry": {"type": "Point", "coordinates": [139.749841, 35.593401]}, "properties": {"id": "af-parks-122", "category": "公園", "name": "大井ふ頭中央海浜公園　なぎさの森", "address": "品川区八潮四丁目２番１号", "url": "http://seaside-park.jp/park_nagisa/", "accessible_toilet": true, "ostomate": true, "elevator": false, "slope": false, "braille_block": false, "wheelchair_parking": false, "diaper_change": true, "assist_dog_toilet": false}}, {"type": "Feature", "geometry": {"type": "Point", "coordinates": [139.785182, 35.579472]}, "properties": {"id": "af-parks-123", "category": "公園", "name": "城南島海浜公園", "address": "大田区城南島四丁目２番２号", "url": "http://seaside-park.jp/park_jonan/", "accessible_toilet": true, "ostomate": false, "elevator": false, "slope": false, "braille_block": false, "wheelchair_parking": true, "diaper_change": true, "assist_dog_toilet": false}}, {"type": "Feature", "geometry": {"type": "Point", "coordinates": [139.762907, 35.596415]}, "properties": {"id": "af-parks-124", "category": "公園", "name": "みなとが丘ふ頭公園", "address": "品川区八潮三丁目", "url": "http://seaside-park.jp/otherpark/#otherP03", "accessible_toilet": true, "ostomate": false, "elevator": false, "slope": false, "braille_block": false, "wheelchair_parking": false, "diaper_change": true, "assist_dog_toilet": false}}, {"type": "Feature", "geometry": {"type": "Point", "coordinates": [139.838739, 35.620004]}, "properties": {"id": "af-parks-125", "category": "公園", "name": "若洲海浜公園/若洲ゴルフリンクス", "address": "江東区若洲三丁目１番２号", "url": "https://www.tptc.co.jp/park/03_07", "accessible_toilet": true, "ostomate": false, "elevator": true, "slope": false, "braille_block": false, "wheelchair_parking": true, "diaper_change": true, "assist_dog_toilet": false}}, {"type": "Feature", "geometry": {"type": "Point", "coordinates": [139.7603075, 35.583872]}, "properties": {"id": "af-parks-126", "category": "公園", "name": "東京港野鳥公園", "address": "大田区東海三丁目1番", "url": "http://www.tptc.co.jp/park/03_08", "accessible_toilet": true, "ostomate": true, "elevator": true, "slope": false, "braille_block": false, "wheelchair_parking": true, "diaper_change": true, "assist_dog_toilet": false}}, {"type": "Feature", "geometry": {"type": "Point", "coordinates": [139.855377, 35.639439]}, "properties": {"id": "af-parks-127", "category": "公園", "name": "葛西海浜公園", "address": "江戸川区臨海町六丁目地先", "url": "https://kasaikaihinpark.com/", "accessible_toilet": true, "ostomate": false, "elevator": false, "slope": false, "braille_block": false, "wheelchair_parking": false, "diaper_change": true, "assist_dog_toilet": false}}, {"type": "Feature", "geometry": {"type": "Point", "coordinates": [139.6020239, 35.6838955]}, "properties": {"id": "af-parks-129", "category": "公園", "name": "高井戸公園", "address": "杉並区久我山二丁目", "url": "https://www.tokyo-park.or.jp/park/takaido/", "accessible_toilet": true, "ostomate": false, "elevator": false, "slope": false, "braille_block": false, "wheelchair_parking": true, "diaper_change": true, "assist_dog_toilet": false}}, {"type": "Feature", "geometry": {"type": "Point", "coordinates": [139.7965383, 35.71065306]}, "properties": {"id": "af-public_facilities-0", "category": "公共施設", "name": "台東区立浅草文化観光センター", "address": "台東区雷門2-18-9", "url": "https://www.city.taito.lg.jp/bunka_kanko/kankoinfo/info/oyakudachi/kankocenter/index.html", "accessible_toilet": true, "ostomate": true, "elevator": true, "slope": false, "braille_block": true, "wheelchair_parking": false, "diaper_change": true, "assist_dog_toilet": false}}, {"type": "Feature", "geometry": {"type": "Point", "coordinates": [139.6917658, 35.65867722]}, "properties": {"id": "af-public_facilities-1", "category": "公共施設", "name": "渋谷区立松濤美術館", "address": "渋谷区松濤2-14-14", "url": "https://shoto-museum.jp/", "accessible_toilet": true, "ostomate": false, "elevator": true, "slope": true, "braille_block": false, "wheelchair_parking": false, "diaper_change": true, "assist_dog_toilet": false}}, {"type": "Feature", "geometry": {"type": "Point", "coordinates": [139.6985114, 35.66407944]}, "properties": {"id": "af-public_facilities-2", "category": "公共施設", "name": "LINE CUBE SHIBUYA（渋谷公会堂）", "address": "渋谷区宇田川町１?１", "url": "https://linecubeshibuya.com/", "accessible_toilet": true, "ostomate": true, "elevator": true, "slope": false, "braille_block": true, "wheelchair_parking": true, "diaper_change": true, "assist_dog_toilet": false}}, {"type": "Feature", "geometry": {"type": "Point", "coordinates": [139.776264, 35.7188269]}, "properties": {"id": "af-public_facilities-3", "category": "公共施設", "name": "東京国立博物館（本館）", "address": "台東区上野公園13-9", "url": "https://www.tnm.jp/", "accessible_toilet": true, "ostomate": true, "elevator": true, "slope": true, "braille_block": false, "wheelchair_parking": true, "diaper_change": true, "assist_dog_toilet": false}}, {"type": "Feature", "geometry": {"type": "Point", "coordinates": [139.7758267, 35.71546722]}, "properties": {"id": "af-public_facilities-4", "category": "公共施設", "name": "独立行政法人国立科学博物館", "address": "台東区上野公園 7-20", "url": "https://www.kahaku.go.jp/", "accessible_toilet": true, "ostomate": true, "elevator": true, "slope": true, "braille_block": true, "wheelchair_parking": true, "diaper_change": true, "assist_dog_toilet": false}}, {"type": "Feature", "geometry": {"type": "Point", "coordinates": [139.7263825, 35.66514944]}, "properties": {"id": "af-public_facilities-7", "category": "公共施設", "name": "国立新美術館", "address": "港区六本木7-22-2", "url": "https://www.nact.jp/", "accessible_toilet": true, "ostomate": true, "elevator": true, "slope": true, "braille_block": true, "wheelchair_parking": true, "diaper_change": true, "assist_dog_toilet": false}}, {"type": "Feature", "geometry": {"type": "Point", "coordinates": [139.7442092, 35.67844222]}, "properties": {"id": "af-public_facilities-8", "category": "公共施設", "name": "国立国会図書館 東京本館", "address": "千代田区永田町1-10-1", "url": "https://www.ndl.go.jp/", "accessible_toilet": true, "ostomate": true, "elevator": true, "slope": true, "braille_block": true, "wheelchair_parking": true, "diaper_change": false, "assist_dog_toilet": false}}, {"type": "Feature", "geometry": {"type": "Point", "coordinates": [139.7937158, 35.69886556]}, "properties": {"id": "af-public_facilities-9", "category": "公共施設", "name": "刀剣博物館", "address": "墨田区横網1-12-9", "url": "https://www.touken.or.jp/museum/", "accessible_toilet": true, "ostomate": true, "elevator": true, "slope": false, "braille_block": true, "wheelchair_parking": true, "diaper_change": true, "assist_dog_toilet": false}}, {"type": "Feature", "geometry": {"type": "Point", "coordinates": [139.800478, 35.696323]}, "properties": {"id": "af-public_facilities-10", "category": "公共施設", "name": "すみだ北斎美術館", "address": "墨田区亀沢2-7-2", "url": "https://hokusai-museum.jp/", "accessible_toilet": true, "ostomate": true, "elevator": true, "slope": true, "braille_block": true, "wheelchair_parking": true, "diaper_change": true, "assist_dog_toilet": false}}, {"type": "Feature", "geometry": {"type": "Point", "coordinates": [139.810122, 35.697241]}, "properties": {"id": "af-public_facilities-11", "category": "公共施設", "name": "すみだトリフォニーホール", "address": "墨田区錦糸1-2-3", "url": "http://www.triphony.com/", "accessible_toilet": true, "ostomate": false, "elevator": true, "slope": false, "braille_block": true, "wheelchair_parking": false, "diaper_change": false, "assist_dog_toilet": false}}, {"type": "Feature", "geometry": {"type": "Point", "coordinates": [139.420075, 35.69339694]}, "properties": {"id": "af-public_facilities-12", "category": "公共施設", "name": "たましんRISURUホール(立川市市民会館)", "address": "立川市錦町3-3-20", "url": "https://risuru.hall-info.jp/", "accessible_toilet": true, "ostomate": true, "elevator": true, "slope": false, "braille_block": true, "wheelchair_parking": false, "diaper_change": true, "assist_dog_toilet": false}}, {"type": "Feature", "geometry": {"type": "Point", "coordinates": [139.4372111, 34.68184444]}, "properties": {"id": "af-public_facilities-13", "category": "公共施設", "name": "ぱれ・らめーる", "address": "大島町差木地字クダッチ", "url": "https://www.town.oshima.tokyo.jp/~palais/", "accessible_toilet": false, "ostomate": false, "elevator": true, "slope": true, "braille_block": false, "wheelchair_parking": false, "diaper_change": false, "assist_dog_toilet": false}}, {"type": "Feature", "geometry": {"type": "Point", "coordinates": [139.8128583, 33.07428056]}, "properties": {"id": "af-public_facilities-14", "category": "公共施設", "name": "【休業中】八丈島地熱館", "address": "八丈島八丈町中之郷2872", "url": "http://www.town.hachijo.tokyo.jp/chinetsukan/index.html", "accessible_toilet": true, "ostomate": false, "elevator": false, "slope": false, "braille_block": false, "wheelchair_parking": false, "diaper_change": true, "assist_dog_toilet": false}}, {"type": "Feature", "geometry": {"type": "Point", "coordinates": [139.3614962, 34.7819554]}, "properties": {"id": "af-public_facilities-15", "category": "公共施設", "name": "大島空港ターミナルビル", "address": "大島町元町字北の山270", "url": "https://www.kouwan.metro.tokyo.lg.jp/rito/tmg-airport/oshima/oshima_service.html", "accessible_toilet": true, "ostomate": true, "elevator": true, "slope": false, "braille_block": true, "wheelchair_parking": true, "diaper_change": true, "assist_dog_toilet": false}}, {"type": "Feature", "geometry": {"type": "Point", "coordinates": [139.2694507, 34.3704019]}, "properties": {"id": "af-public_facilities-16", "category": "公共施設", "name": "新島空港ターミナルビル", "address": "新島村字川原", "url": "https://www.kouwan.metro.tokyo.lg.jp/rito/tmg-airport/niijima/niijima_service.html", "accessible_toilet": true, "ostomate": true, "elevator": false, "slope": true, "braille_block": true, "wheelchair_parking": true, "diaper_change": true, "assist_dog_toilet": false}}, {"type": "Feature", "geometry": {"type": "Point", "coordinates": [139.1343624, 34.1902414]}, "properties": {"id": "af-public_facilities-17", "category": "公共施設", "name": "神津島空港ターミナルビル", "address": "神津島村字金長", "url": "https://www.kouwan.metro.tokyo.lg.jp/rito/tmg-airport/kozushima/kozushima_service.html", "accessible_toilet": true, "ostomate": false, "elevator": false, "slope": false, "braille_block": false, "wheelchair_parking": true, "diaper_change": false, "assist_dog_toilet": false}}, {"type": "Feature", "geometry": {"type": "Point", "coordinates": [139.2804431, 34.53218706]}, "properties": {"id": "af-public_facilities-23", "category": "公共施設", "name": "利島港船客待合所", "address": "利島村字東山二号2439番地", "url": "", "accessible_toilet": true, "ostomate": false, "elevator": false, "slope": true, "braille_block": false, "wheelchair_parking": false, "diaper_change": false, "assist_dog_toilet": false}}, {"type": "Feature", "geometry": {"type": "Point", "coordinates": [139.2444092, 34.367315]}, "properties": {"id": "af-public_facilities-24", "category": "公共施設", "name": "新島港船客待合所", "address": "新島村字黒根２-１", "url": "", "accessible_toilet": true, "ostomate": true, "elevator": true, "slope": false, "braille_block": true, "wheelchair_parking": true, "diaper_change": true, "assist_dog_toilet": false}}, {"type": "Feature", "geometry": {"type": "Point", "coordinates": [139.2147375, 34.334188]}, "properties": {"id": "af-public_facilities-25", "category": "公共施設", "name": "野伏漁港船客待合所", "address": "新島村式根島918", "url": "", "accessible_toilet": true, "ostomate": false, "elevator": false, "slope": false, "braille_block": false, "wheelchair_parking": false, "diaper_change": false, "assist_dog_toilet": false}}, {"type": "Feature", "geometry": {"type": "Point", "coordinates": [139.724053, 35.75414]}, "properties": {"id": "af-public_facilities-39", "category": "公共施設", "name": "東京都障害者総合スポーツセンター", "address": "北区十条台1-2-2", "url": "http://tsad-portal.com/mscd", "accessible_toilet": true, "ostomate": true, "elevator": true, "slope": false, "braille_block": true, "wheelchair_parking": true, "diaper_change": false, "assist_dog_toilet": true}}, {"type": "Feature", "geometry": {"type": "Point", "coordinates": [139.4465381, 35.68669]}, "properties": {"id": "af-public_facilities-40", "category": "公共施設", "name": "東京都多摩障害者スポーツセンター", "address": "国立市富士見2－1－1", "url": "https://tsad-portal.com/tamaspo", "accessible_toilet": true, "ostomate": true, "elevator": true, "slope": false, "braille_block": true, "wheelchair_parking": true, "diaper_change": true, "assist_dog_toilet": true}}, {"type": "Feature", "geometry": {"type": "Point", "coordinates": [139.8376651, 35.6306784]}, "properties": {"id": "af-public_facilities-41", "category": "公共施設", "name": "東京都立若洲海浜公園ヨット訓練所", "address": "江東区若洲3-1-1", "url": "http://www.tptc.co.jp/park/03_06", "accessible_toilet": true, "ostomate": true, "elevator": false, "slope": false, "braille_block": false, "wheelchair_parking": true, "diaper_change": false, "assist_dog_toilet": false}}, {"type": "Feature", "geometry": {"type": "Point", "coordinates": [139.5246587, 35.665766]}, "properties": {"id": "af-public_facilities-42", "category": "公共施設", "name": "ＡＧＦフィールド", "address": "調布市西町290-11", "url": "https://www.ajinomotostadium.com/", "accessible_toilet": true, "ostomate": true, "elevator": false, "slope": false, "braille_block": false, "wheelchair_parking": true, "diaper_change": false, "assist_dog_toilet": false}}, {"type": "Feature", "geometry": {"type": "Point", "coordinates": [139.6628939, 35.6231069]}, "properties": {"id": "af-public_facilities-43", "category": "公共施設", "name": "駒沢オリンピック公園総合運動場（陸上競技場）", "address": "世田谷区駒沢公園1番1号", "url": "http://www.tef.or.jp/kopgp/", "accessible_toilet": true, "ostomate": true, "elevator": true, "slope": false, "braille_block": false, "wheelchair_parking": true, "diaper_change": false, "assist_dog_toilet": false}}, {"type": "Feature", "geometry": {"type": "Point", "coordinates": [139.6628939, 35.6231069]}, "properties": {"id": "af-public_facilities-44", "category": "公共施設", "name": "駒沢オリンピック公園総合運動場（補助競技場）", "address": "世田谷区駒沢公園1番1号", "url": "https://www.tef.or.jp/kopgp/", "accessible_toilet": true, "ostomate": false, "elevator": false, "slope": false, "braille_block": false, "wheelchair_parking": true, "diaper_change": false, "assist_dog_toilet": false}}, {"type": "Feature", "geometry": {"type": "Point", "coordinates": [139.6628939, 35.6231069]}, "properties": {"id": "af-public_facilities-45", "category": "公共施設", "name": "駒沢オリンピック公園総合運動場（第一球技場）", "address": "世田谷区駒沢公園1番1号", "url": "https://www.tef.or.jp/kopgp/", "accessible_toilet": true, "ostomate": false, "elevator": false, "slope": true, "braille_block": false, "wheelchair_parking": true, "diaper_change": false, "assist_dog_toilet": false}}, {"type": "Feature", "geometry": {"type": "Point", "coordinates": [139.6628939, 35.6231069]}, "properties": {"id": "af-public_facilities-46", "category": "公共施設", "name": "駒沢オリンピック公園総合運動場（第二球技場）", "address": "世田谷区駒沢公園1番1号", "url": "https://www.tef.or.jp/kopgp/", "accessible_toilet": true, "ostomate": false, "elevator": false, "slope": false, "braille_block": false, "wheelchair_parking": true, "diaper_change": false, "assist_dog_toilet": false}}, {"type": "Feature", "geometry": {"type": "Point", "coordinates": [139.6628939, 35.6231069]}, "properties": {"id": "af-public_facilities-47", "category": "公共施設", "name": "駒沢オリンピック公園総合運動場（硬式野球場）", "address": "世田谷区駒沢公園1番1号", "url": "https://www.tef.or.jp/kopgp/", "accessible_toilet": true, "ostomate": true, "elevator": true, "slope": true, "braille_block": false, "wheelchair_parking": true, "diaper_change": false, "assist_dog_toilet": false}}, {"type": "Feature", "geometry": {"type": "Point", "coordinates": [139.6628939, 35.6231069]}, "properties": {"id": "af-public_facilities-48", "category": "公共施設", "name": "駒沢オリンピック公園総合運動場（軟式野球場）", "address": "世田谷区駒沢公園1番1号", "url": "http://www.tef.or.jp/kopgp/", "accessible_toilet": true, "ostomate": true, "elevator": false, "slope": false, "braille_block": false, "wheelchair_parking": true, "diaper_change": false, "assist_dog_toilet": false}}, {"type": "Feature", "geometry": {"type": "Point", "coordinates": [139.6628939, 35.6231069]}, "properties": {"id": "af-public_facilities-49", "category": "公共施設", "name": "駒沢オリンピック公園総合運動場（テニスコート）", "address": "世田谷区駒沢公園1番1号", "url": "http://www.tef.or.jp/kopgp/", "accessible_toilet": true, "ostomate": true, "elevator": false, "slope": true, "braille_block": false, "wheelchair_parking": true, "diaper_change": false, "assist_dog_toilet": false}}, {"type": "Feature", "geometry": {"type": "Point", "coordinates": [139.6628939, 35.6231069]}, "properties": {"id": "af-public_facilities-50", "category": "公共施設", "name": "駒沢オリンピック公園総合運動場（体育館）", "address": "世田谷区駒沢公園1番1号", "url": "http://www.tef.or.jp/kopgp/", "accessible_toilet": true, "ostomate": true, "elevator": true, "slope": true, "braille_block": false, "wheelchair_parking": true, "diaper_change": false, "assist_dog_toilet": false}}, {"type": "Feature", "geometry": {"type": "Point", "coordinates": [139.6628939, 35.6231069]}, "properties": {"id": "af-public_facilities-51", "category": "公共施設", "name": "駒沢オリンピック公園総合運動場（屋内球技場）", "address": "世田谷区駒沢公園1番1号", "url": "https://www.tef.or.jp/kopgp/", "accessible_toilet": true, "ostomate": true, "elevator": true, "slope": false, "braille_block": false, "wheelchair_parking": true, "diaper_change": false, "assist_dog_toilet": false}}, {"type": "Feature", "geometry": {"type": "Point", "coordinates": [139.6628939, 35.6231069]}, "properties": {"id": "af-public_facilities-52", "category": "公共施設", "name": "駒沢オリンピック公園総合運動場（弓道場）", "address": "世田谷区駒沢公園1番1号", "url": "https://www.tef.or.jp/kopgp/", "accessible_toilet": true, "ostomate": true, "elevator": false, "slope": true, "braille_block": false, "wheelchair_parking": true, "diaper_change": false, "assist_dog_toilet": false}}, {"type": "Feature", "geometry": {"type": "Point", "coordinates": [139.6628939, 35.6231069]}, "properties": {"id": "af-public_facilities-53", "category": "公共施設", "name": "駒沢オリンピック公園総合運動場（トレーニングルーム）", "address": "世田谷区駒沢公園1番1号", "url": "http://www.tef.or.jp/kopgp/", "accessible_toilet": true, "ostomate": false, "elevator": false, "slope": false, "braille_block": false, "wheelchair_parking": true, "diaper_change": false, "assist_dog_toilet": false}}, {"type": "Feature", "geometry": {"type": "Point", "coordinates": [139.7113353, 35.6792282]}, "properties": {"id": "af-public_facilities-54", "category": "公共施設", "name": "東京体育館（メインアリーナ）", "address": "渋谷区千駄ヶ谷1-17-1", "url": "https://www.tef.or.jp/tmg/", "accessible_toilet": true, "ostomate": true, "elevator": true, "slope": true, "braille_block": true, "wheelchair_parking": true, "diaper_change": true, "assist_dog_toilet": false}}, {"type": "Feature", "geometry": {"type": "Point", "coordinates": [139.7113353, 35.6792282]}, "properties": {"id": "af-public_facilities-55", "category": "公共施設", "name": "東京体育館（サブアリーナ）", "address": "渋谷区千駄ヶ谷1-17-1", "url": "https://www.tef.or.jp/tmg/", "accessible_toilet": true, "ostomate": true, "elevator": true, "slope": true, "braille_block": true, "wheelchair_parking": true, "diaper_change": true, "assist_dog_toilet": false}}, {"type": "Feature", "geometry": {"type": "Point", "coordinates": [139.7113353, 35.6792282]}, "properties": {"id": "af-public_facilities-56", "category": "公共施設", "name": "東京体育館（会議室）", "address": "渋谷区千駄ヶ谷1-17-1", "url": "https://www.tef.or.jp/tmg/", "accessible_toilet": true, "ostomate": true, "elevator": false, "slope": true, "braille_block": true, "wheelchair_parking": true, "diaper_change": true, "assist_dog_toilet": false}}, {"type": "Feature", "geometry": {"type": "Point", "coordinates": [139.7113353, 35.6792282]}, "properties": {"id": "af-public_facilities-57", "category": "公共施設", "name": "東京体育館（陸上競技場）", "address": "渋谷区千駄ヶ谷1-17-1", "url": "https://www.tef.or.jp/tmg/", "accessible_toilet": false, "ostomate": false, "elevator": false, "slope": true, "braille_block": false, "wheelchair_parking": true, "diaper_change": true, "assist_dog_toilet": false}}, {"type": "Feature", "geometry": {"type": "Point", "coordinates": [139.7113353, 35.6792282]}, "properties": {"id": "af-public_facilities-58", "category": "公共施設", "name": "東京体育館（トレーニングルーム・プール・スタジオ）", "address": "渋谷区千駄ヶ谷1-17-1", "url": "https://www.tef.or.jp/tmg/", "accessible_toilet": true, "ostomate": true, "elevator": true, "slope": true, "braille_block": true, "wheelchair_parking": true, "diaper_change": true, "assist_dog_toilet": false}}, {"type": "Feature", "geometry": {"type": "Point", "coordinates": [139.8257996, 35.7656658]}, "properties": {"id": "af-public_facilities-59", "category": "公共施設", "name": "東京武道館（大武道場）", "address": "足立区綾瀬3-20-1", "url": "https://www.tef.or.jp/tb/", "accessible_toilet": true, "ostomate": true, "elevator": true, "slope": true, "braille_block": false, "wheelchair_parking": true, "diaper_change": true, "assist_dog_toilet": false}}, {"type": "Feature", "geometry": {"type": "Point", "coordinates": [139.8257996, 35.7656658]}, "properties": {"id": "af-public_facilities-60", "category": "公共施設", "name": "東京武道館（第一武道場）", "address": "足立区綾瀬3-20-1", "url": "https://www.tef.or.jp/tb/", "accessible_toilet": true, "ostomate": true, "elevator": true, "slope": true, "braille_block": false, "wheelchair_parking": true, "diaper_change": true, "assist_dog_toilet": false}}, {"type": "Feature", "geometry": {"type": "Point", "coordinates": [139.8257996, 35.7656658]}, "properties": {"id": "af-public_facilities-61", "category": "公共施設", "name": "東京武道館（第二武道場）", "address": "足立区綾瀬3-20-1", "url": "https://www.tef.or.jp/tb/", "accessible_toilet": false, "ostomate": false, "elevator": false, "slope": false, "braille_block": false, "wheelchair_parking": true, "diaper_change": true, "assist_dog_toilet": false}}, {"type": "Feature", "geometry": {"type": "Point", "coordinates": [139.8257996, 35.7656658]}, "properties": {"id": "af-public_facilities-62", "category": "公共施設", "name": "東京武道館（トレーニングルーム）", "address": "足立区綾瀬3-20-1", "url": "https://www.tef.or.jp/tb/", "accessible_toilet": true, "ostomate": false, "elevator": true, "slope": true, "braille_block": false, "wheelchair_parking": true, "diaper_change": true, "assist_dog_toilet": false}}, {"type": "Feature", "geometry": {"type": "Point", "coordinates": [139.8257996, 35.7656658]}, "properties": {"id": "af-public_facilities-63", "category": "公共施設", "name": "東京武道館（弓道場近的）", "address": "足立区綾瀬3-20-1", "url": "https://www.tef.or.jp/tb/", "accessible_toilet": false, "ostomate": false, "elevator": false, "slope": false, "braille_block": false, "wheelchair_parking": true, "diaper_change": true, "assist_dog_toilet": false}}, {"type": "Feature", "geometry": {"type": "Point", "coordinates": [139.8257996, 35.7656658]}, "properties": {"id": "af-public_facilities-64", "category": "公共施設", "name": "東京武道館（弓道場遠的）", "address": "足立区綾瀬3-20-1", "url": "http://www.tef.or.jp/tb/", "accessible_toilet": true, "ostomate": false, "elevator": false, "slope": false, "braille_block": false, "wheelchair_parking": true, "diaper_change": true, "assist_dog_toilet": false}}, {"type": "Feature", "geometry": {"type": "Point", "coordinates": [139.8257996, 35.7656658]}, "properties": {"id": "af-public_facilities-65", "category": "公共施設", "name": "東京武道館（大研修室）", "address": "足立区綾瀬3-20-1", "url": "https://www.tef.or.jp/tb/", "accessible_toilet": false, "ostomate": false, "elevator": true, "slope": false, "braille_block": false, "wheelchair_parking": true, "diaper_change": true, "assist_dog_toilet": false}}, {"type": "Feature", "geometry": {"type": "Point", "coordinates": [139.7870924, 35.6356515]}, "properties": {"id": "af-public_facilities-66", "category": "公共施設", "name": "有明テニスの森公園テニス施設", "address": "江東区有明二丁目2番22号", "url": "http://www.tptc.co.jp/", "accessible_toilet": true, "ostomate": true, "elevator": true, "slope": true, "braille_block": false, "wheelchair_parking": true, "diaper_change": false, "assist_dog_toilet": false}}, {"type": "Feature", "geometry": {"type": "Point", "coordinates": [139.5246587, 35.665766]}, "properties": {"id": "af-public_facilities-67", "category": "公共施設", "name": "武蔵野の森総合スポーツプラザ", "address": "調布市西町290-11", "url": "https://www.musamori-plaza.com/", "accessible_toilet": true, "ostomate": true, "elevator": true, "slope": true, "braille_block": true, "wheelchair_parking": true, "diaper_change": false, "assist_dog_toilet": false}}, {"type": "Feature", "geometry": {"type": "Point", "coordinates": [139.5281269, 35.6642546]}, "properties": {"id": "af-public_facilities-68", "category": "公共施設", "name": "アミノバイタルフィールド", "address": "調布市西町376番地3", "url": "https://www.ajinomotostadium.com/", "accessible_toilet": true, "ostomate": false, "elevator": false, "slope": false, "braille_block": false, "wheelchair_parking": true, "diaper_change": false, "assist_dog_toilet": false}}, {"type": "Feature", "geometry": {"type": "Point", "coordinates": [139.5281269, 35.6642546]}, "properties": {"id": "af-public_facilities-69", "category": "公共施設", "name": "味の素スタジアム", "address": "調布市西町376番地3", "url": "https://www.ajinomotostadium.com/", "accessible_toilet": true, "ostomate": true, "elevator": true, "slope": true, "braille_block": false, "wheelchair_parking": true, "diaper_change": false, "assist_dog_toilet": false}}, {"type": "Feature", "geometry": {"type": "Point", "coordinates": [139.828389, 35.649962]}, "properties": {"id": "af-public_facilities-70", "category": "公共施設", "name": "夢の島公園アーチェリー場", "address": "江東区夢の島2-1-4", "url": "http://www.yumenoshima.jp/archery/", "accessible_toilet": false, "ostomate": false, "elevator": false, "slope": false, "braille_block": false, "wheelchair_parking": false, "diaper_change": false, "assist_dog_toilet": false}}, {"type": "Feature", "geometry": {"type": "Point", "coordinates": [139.81, 35.6]}, "properties": {"id": "af-public_facilities-71", "category": "公共施設", "name": "海の森水上競技場", "address": "江東区海の森三丁目6-44", "url": "https://www.uminomori.tokyo/", "accessible_toilet": true, "ostomate": true, "elevator": true, "slope": true, "braille_block": true, "wheelchair_parking": true, "diaper_change": true, "assist_dog_toilet": false}}, {"type": "Feature", "geometry": {"type": "Point", "coordinates": [139.77111, 35.617775]}, "properties": {"id": "af-public_facilities-87", "category": "公共施設", "name": "東京国際クルーズターミナル", "address": "江東区青海二丁目地先", "url": "https://www.tptc.co.jp/terminal/guide/cruise", "accessible_toilet": true, "ostomate": true, "elevator": true, "slope": true, "braille_block": true, "wheelchair_parking": true, "diaper_change": true, "assist_dog_toilet": false}}, {"type": "Feature", "geometry": {"type": "Point", "coordinates": [139.77429, 35.71863]}, "properties": {"id": "af-public_facilities-90", "category": "公共施設", "name": "東京国立博物館（法隆寺宝物館）", "address": "台東区上野公園13-9", "url": "https://www.tnm.jp/", "accessible_toilet": true, "ostomate": false, "elevator": true, "slope": true, "braille_block": false, "wheelchair_parking": true, "diaper_change": true, "assist_dog_toilet": false}}, {"type": "Feature", "geometry": {"type": "Point", "coordinates": [139.77536, 35.71851]}, "properties": {"id": "af-public_facilities-91", "category": "公共施設", "name": "東京国立博物館（表慶館）", "address": "台東区上野公園13-9", "url": "https://www.tnm.jp/", "accessible_toilet": false, "ostomate": false, "elevator": true, "slope": true, "braille_block": false, "wheelchair_parking": true, "diaper_change": false, "assist_dog_toilet": false}}, {"type": "Feature", "geometry": {"type": "Point", "coordinates": [139.77337, 35.71889]}, "properties": {"id": "af-public_facilities-92", "category": "公共施設", "name": "東京国立博物館（黒田記念館）", "address": "台東区上野公園13-9", "url": "https://www.tobunken.go.jp/kuroda/", "accessible_toilet": true, "ostomate": true, "elevator": true, "slope": false, "braille_block": false, "wheelchair_parking": true, "diaper_change": true, "assist_dog_toilet": false}}, {"type": "Feature", "geometry": {"type": "Point", "coordinates": [139.77591, 35.71745]}, "properties": {"id": "af-public_facilities-94", "category": "公共施設", "name": "東京国立博物館（正門プラザ）", "address": "台東区上野公園13-9", "url": "https://www.tnm.jp/", "accessible_toilet": true, "ostomate": true, "elevator": false, "slope": true, "braille_block": false, "wheelchair_parking": true, "diaper_change": true, "assist_dog_toilet": false}}, {"type": "Feature", "geometry": {"type": "Point", "coordinates": [139.5281269, 35.6642546]}, "properties": {"id": "af-public_facilities-95", "category": "公共施設", "name": "東京都パラスポーツトレーニングセンター", "address": "調布市西町376-3", "url": "https://tokyo-ptc.jp/", "accessible_toilet": true, "ostomate": true, "elevator": true, "slope": false, "braille_block": true, "wheelchair_parking": true, "diaper_change": true, "assist_dog_toilet": false}}, {"type": "Feature", "geometry": {"type": "Point", "coordinates": [139.78658, 35.6401]}, "properties": {"id": "af-public_facilities-96", "category": "公共施設", "name": "livedoor URBAN SPORTS PARK", "address": "江東区有明1丁目13-7", "url": "https://ariake-usp.com/", "accessible_toilet": true, "ostomate": true, "elevator": false, "slope": false, "braille_block": false, "wheelchair_parking": true, "diaper_change": true, "assist_dog_toilet": false}}]}