{"type": "FeatureCollection", "features": [{"type": "Feature", "geometry": {"type": "Point", "coordinates": [139.726017, 35.653697]}, "properties": {"id": "bs-0001", "name": "愛育クリニック前", "wheelchair": false}}, {"type": "Feature", "geometry": {"type": "Point", "coordinates": [139.843847, 35.744787]}, "properties": {"id": "bs-0003", "name": "青戸車庫前", "wheelchair": false}}, {"type": "Feature", "geometry": {"type": "Point", "coordinates": [139.741666, 35.608974]}, "properties": {"id": "bs-0004", "name": "青物横丁", "wheelchair": false}}, {"type": "Feature", "geometry": {"type": "Point", "coordinates": [139.707404, 35.658472]}, "properties": {"id": "bs-0005", "name": "渋谷三丁目", "wheelchair": false}}, {"type": "Feature", "geometry": {"type": "Point", "coordinates": [139.710593, 35.657698]}, "properties": {"id": "bs-0006", "name": "青山学院初等部前", "wheelchair": false}}, {"type": "Feature", "geometry": {"type": "Point", "coordinates": [139.713843, 35.658995]}, "properties": {"id": "bs-0007", "name": "青山学院中等部前", "wheelchair": false}}, {"type": "Feature", "geometry": {"type": "Point", "coordinates": [139.708771, 35.662088]}, "properties": {"id": "bs-0008", "name": "青山学院前", "wheelchair": false}}, {"type": "Feature", "geometry": {"type": "Point", "coordinates": [139.724322, 35.667594]}, "properties": {"id": "bs-0009", "name": "青山斎場", "wheelchair": false}}, {"type": "Feature", "geometry": {"type": "Point", "coordinates": [139.722286, 35.675023]}, "properties": {"id": "bs-0010", "name": "北青山一丁目アパート前", "wheelchair": false}}, {"type": "Feature", "geometry": {"type": "Point", "coordinates": [139.72035, 35.664645]}, "properties": {"id": "bs-0011", "name": "青山陸橋下", "wheelchair": false}}, {"type": "Feature", "geometry": {"type": "Point", "coordinates": [139.723591, 35.673943]}, "properties": {"id": "bs-0012", "name": "青山一丁目駅前", "wheelchair": false}}, {"type": "Feature", "geometry": {"type": "Point", "coordinates": [139.724662, 35.671337]}, "properties": {"id": "bs-0014", "name": "青山いきいきプラザ入口", "wheelchair": false}}, {"type": "Feature", "geometry": {"type": "Point", "coordinates": [139.740116, 35.667871]}, "properties": {"id": "bs-0016", "name": "赤坂アークヒルズ前", "wheelchair": false}}, {"type": "Feature", "geometry": {"type": "Point", "coordinates": [139.77859, 35.668886]}, "properties": {"id": "bs-0018", "name": "明石町", "wheelchair": false}}, {"type": "Feature", "geometry": {"type": "Point", "coordinates": [139.769147, 35.743067]}, "properties": {"id": "bs-0019", "name": "赤土小学校前", "wheelchair": false}}, {"type": "Feature", "geometry": {"type": "Point", "coordinates": [139.237546, 35.818458]}, "properties": {"id": "bs-0020", "name": "赤仁田", "wheelchair": false}}, {"type": "Feature", "geometry": {"type": "Point", "coordinates": [139.721572, 35.779103]}, "properties": {"id": "bs-0021", "name": "赤羽駅東口", "wheelchair": false}}, {"type": "Feature", "geometry": {"type": "Point", "coordinates": [139.74427, 35.654355]}, "properties": {"id": "bs-0022", "name": "赤羽橋駅前", "wheelchair": false}}, {"type": "Feature", "geometry": {"type": "Point", "coordinates": [139.722378, 35.782227]}, "properties": {"id": "bs-0023", "name": "赤羽二丁目", "wheelchair": false}}, {"type": "Feature", "geometry": {"type": "Point", "coordinates": [139.792639, 35.763812]}, "properties": {"id": "bs-0024", "name": "赤不動", "wheelchair": false}}, {"type": "Feature", "geometry": {"type": "Point", "coordinates": [139.773688, 35.69908]}, "properties": {"id": "bs-0027", "name": "秋葉原駅前", "wheelchair": false}}, {"type": "Feature", "geometry": {"type": "Point", "coordinates": [139.720904, 35.69208]}, "properties": {"id": "bs-0028", "name": "曙橋", "wheelchair": false}}, {"type": "Feature", "geometry": {"type": "Point", "coordinates": [139.636422, 35.704467]}, "properties": {"id": "bs-0029", "name": "阿佐ヶ谷駅前", "wheelchair": false}}, {"type": "Feature", "geometry": {"type": "Point", "coordinates": [139.636037, 35.701366]}, "properties": {"id": "bs-0030", "name": "阿佐ヶ谷南一丁目", "wheelchair": false}}, {"type": "Feature", "geometry": {"type": "Point", "coordinates": [139.79535, 35.711106]}, "properties": {"id": "bs-0032", "name": "浅草雷門", "wheelchair": false}}, {"type": "Feature", "geometry": {"type": "Point", "coordinates": [139.799491, 35.719064]}, "properties": {"id": "bs-0033", "name": "浅草警察署前", "wheelchair": false}}, {"type": "Feature", "geometry": {"type": "Point", "coordinates": [139.792234, 35.713668]}, "properties": {"id": "bs-0034", "name": "浅草公園六区", "wheelchair": false}}, {"type": "Feature", "geometry": {"type": "Point", "coordinates": [139.791459, 35.710312]}, "properties": {"id": "bs-0035", "name": "浅草寿町", "wheelchair": false}}, {"type": "Feature", "geometry": {"type": "Point", "coordinates": [139.784092, 35.694518]}, "properties": {"id": "bs-0036", "name": "浅草橋", "wheelchair": false}}, {"type": "Feature", "geometry": {"type": "Point", "coordinates": [139.786852, 35.697953]}, "properties": {"id": "bs-0037", "name": "浅草橋駅前", "wheelchair": false}}, {"type": "Feature", "geometry": {"type": "Point", "coordinates": [139.791945, 35.711918]}, "properties": {"id": "bs-0038", "name": "浅草一丁目", "wheelchair": false}}, {"type": "Feature", "geometry": {"type": "Point", "coordinates": [139.796968, 35.716116]}, "properties": {"id": "bs-0039", "name": "浅草二丁目", "wheelchair": false}}, {"type": "Feature", "geometry": {"type": "Point", "coordinates": [139.794623, 35.716725]}, "properties": {"id": "bs-0040", "name": "奥浅草", "wheelchair": false}}, {"type": "Feature", "geometry": {"type": "Point", "coordinates": [139.795122, 35.719587]}, "properties": {"id": "bs-0041", "name": "浅草四丁目", "wheelchair": false}}, {"type": "Feature", "geometry": {"type": "Point", "coordinates": [139.796422, 35.721261]}, "properties": {"id": "bs-0042", "name": "浅草五丁目", "wheelchair": false}}, {"type": "Feature", "geometry": {"type": "Point", "coordinates": [139.798691, 35.716359]}, "properties": {"id": "bs-0043", "name": "浅草六丁目", "wheelchair": false}}, {"type": "Feature", "geometry": {"type": "Point", "coordinates": [139.801738, 35.718098]}, "properties": {"id": "bs-0044", "name": "浅草七丁目", "wheelchair": false}}, {"type": "Feature", "geometry": {"type": "Point", "coordinates": [139.740848, 35.660098]}, "properties": {"id": "bs-0045", "name": "麻布台ヒルズ", "wheelchair": false}}, {"type": "Feature", "geometry": {"type": "Point", "coordinates": [139.736354, 35.749994]}, "properties": {"id": "bs-0046", "name": "飛鳥山", "wheelchair": false}}, {"type": "Feature", "geometry": {"type": "Point", "coordinates": [139.795565, 35.769467]}, "properties": {"id": "bs-0048", "name": "足立梅田町", "wheelchair": false}}, {"type": "Feature", "geometry": {"type": "Point", "coordinates": [139.798976, 35.747383]}, "properties": {"id": "bs-0049", "name": "千住一丁目", "wheelchair": false}}, {"type": "Feature", "geometry": {"type": "Point", "coordinates": [139.797032, 35.80402]}, "properties": {"id": "bs-0050", "name": "足立清掃工場前", "wheelchair": false}}, {"type": "Feature", "geometry": {"type": "Point", "coordinates": [139.803116, 35.775884]}, "properties": {"id": "bs-0051", "name": "足立区役所前", "wheelchair": false}}, {"type": "Feature", "geometry": {"type": "Point", "coordinates": [139.765618, 35.798742]}, "properties": {"id": "bs-0052", "name": "足立流通センター", "wheelchair": false}}, {"type": "Feature", "geometry": {"type": "Point", "coordinates": [139.800245, 35.707943]}, "properties": {"id": "bs-0054", "name": "吾妻橋一丁目", "wheelchair": false}}, {"type": "Feature", "geometry": {"type": "Point", "coordinates": [139.773285, 35.774861]}, "properties": {"id": "bs-0056", "name": "阿弥陀橋", "wheelchair": false}}, {"type": "Feature", "geometry": {"type": "Point", "coordinates": [139.783764, 35.735052]}, "properties": {"id": "bs-0064", "name": "荒川区役所前", "wheelchair": false}}, {"type": "Feature", "geometry": {"type": "Point", "coordinates": [139.78013, 35.749558]}, "properties": {"id": "bs-0065", "name": "原中学校入口", "wheelchair": false}}, {"type": "Feature", "geometry": {"type": "Point", "coordinates": [139.763211, 35.768802]}, "properties": {"id": "bs-0066", "name": "荒川土手操車所前", "wheelchair": false}}, {"type": "Feature", "geometry": {"type": "Point", "coordinates": [139.787252, 35.733276]}, "properties": {"id": "bs-0067", "name": "荒川一丁目", "wheelchair": false}}, {"type": "Feature", "geometry": {"type": "Point", "coordinates": [139.780839, 35.735735]}, "properties": {"id": "bs-0068", "name": "荒川三丁目", "wheelchair": false}}, {"type": "Feature", "geometry": {"type": "Point", "coordinates": [139.777712, 35.736957]}, "properties": {"id": "bs-0069", "name": "荒川四丁目", "wheelchair": false}}, {"type": "Feature", "geometry": {"type": "Point", "coordinates": [139.778264, 35.739274]}, "properties": {"id": "bs-0070", "name": "荒川五丁目", "wheelchair": false}}, {"type": "Feature", "geometry": {"type": "Point", "coordinates": [139.722555, 35.690817]}, "properties": {"id": "bs-0071", "name": "荒木町", "wheelchair": false}}, {"type": "Feature", "geometry": {"type": "Point", "coordinates": [139.270742, 35.81582]}, "properties": {"id": "bs-0072", "name": "荒田", "wheelchair": false}}, {"type": "Feature", "geometry": {"type": "Point", "coordinates": [139.786652, 35.63613]}, "properties": {"id": "bs-0074", "name": "有明テニスの森", "wheelchair": false}}, {"type": "Feature", "geometry": {"type": "Point", "coordinates": [139.795584, 35.641376]}, "properties": {"id": "bs-0075", "name": "有明小中学校前", "wheelchair": false}}, {"type": "Feature", "geometry": {"type": "Point", "coordinates": [139.792794, 35.639442]}, "properties": {"id": "bs-0077", "name": "有明二丁目", "wheelchair": false}}, {"type": "Feature", "geometry": {"type": "Point", "coordinates": [139.745988, 35.701551]}, "properties": {"id": "bs-0078", "name": "飯田橋駅前", "wheelchair": false}}, {"type": "Feature", "geometry": {"type": "Point", "coordinates": [139.744333, 35.703257]}, "properties": {"id": "bs-0079", "name": "飯田橋", "wheelchair": false}}, {"type": "Feature", "geometry": {"type": "Point", "coordinates": [139.746822, 35.703932]}, "properties": {"id": "bs-0080", "name": "都営飯田橋駅前", "wheelchair": false}}, {"type": "Feature", "geometry": {"type": "Point", "coordinates": [139.748958, 35.699141]}, "properties": {"id": "bs-0081", "name": "飯田橋一丁目", "wheelchair": false}}, {"type": "Feature", "geometry": {"type": "Point", "coordinates": [139.722671, 35.639622]}, "properties": {"id": "bs-0082", "name": "東大医科研病院西門", "wheelchair": false}}, {"type": "Feature", "geometry": {"type": "Point", "coordinates": [139.88399, 35.655901]}, "properties": {"id": "bs-0083", "name": "雷", "wheelchair": false}}, {"type": "Feature", "geometry": {"type": "Point", "coordinates": [139.884493, 35.659029]}, "properties": {"id": "bs-0084", "name": "雷不動前", "wheelchair": false}}, {"type": "Feature", "geometry": {"type": "Point", "coordinates": [139.767435, 35.714984]}, "properties": {"id": "bs-0086", "name": "池之端二丁目", "wheelchair": false}}, {"type": "Feature", "geometry": {"type": "Point", "coordinates": [139.71202, 35.72909]}, "properties": {"id": "bs-0087", "name": "池袋駅東口", "wheelchair": false}}, {"type": "Feature", "geometry": {"type": "Point", "coordinates": [139.720569, 35.731637]}, "properties": {"id": "bs-0089", "name": "東池袋二丁目", "wheelchair": false}}, {"type": "Feature", "geometry": {"type": "Point", "coordinates": [139.735208, 35.709139]}, "properties": {"id": "bs-0091", "name": "石切橋", "wheelchair": false}}, {"type": "Feature", "geometry": {"type": "Point", "coordinates": [139.811626, 35.68082]}, "properties": {"id": "bs-0092", "name": "石島", "wheelchair": false}}, {"type": "Feature", "geometry": {"type": "Point", "coordinates": [139.35839, 35.766865]}, "properties": {"id": "bs-0093", "name": "石畑", "wheelchair": false}}, {"type": "Feature", "geometry": {"type": "Point", "coordinates": [139.798264, 35.700211]}, "properties": {"id": "bs-0094", "name": "石原一丁目", "wheelchair": false}}, {"type": "Feature", "geometry": {"type": "Point", "coordinates": [139.80046, 35.700475]}, "properties": {"id": "bs-0095", "name": "石原二丁目", "wheelchair": false}}, {"type": "Feature", "geometry": {"type": "Point", "coordinates": [139.804418, 35.700521]}, "properties": {"id": "bs-0096", "name": "石原三丁目", "wheelchair": false}}, {"type": "Feature", "geometry": {"type": "Point", "coordinates": [139.806659, 35.700639]}, "properties": {"id": "bs-0097", "name": "石原四丁目", "wheelchair": false}}, {"type": "Feature", "geometry": {"type": "Point", "coordinates": [139.65865, 35.676238]}, "properties": {"id": "bs-0098", "name": "和泉一丁目", "wheelchair": false}}, {"type": "Feature", "geometry": {"type": "Point", "coordinates": [139.736745, 35.691358]}, "properties": {"id": "bs-0099", "name": "市ヶ谷駅前", "wheelchair": false}}, {"type": "Feature", "geometry": {"type": "Point", "coordinates": [139.731248, 35.691178]}, "properties": {"id": "bs-0100", "name": "防衛省前", "wheelchair": false}}, {"type": "Feature", "geometry": {"type": "Point", "coordinates": [139.736687, 35.695185]}, "properties": {"id": "bs-0101", "name": "市谷田町", "wheelchair": false}}, {"type": "Feature", "geometry": {"type": "Point", "coordinates": [139.72444, 35.694357]}, "properties": {"id": "bs-0102", "name": "市谷仲之町交差点", "wheelchair": false}}, {"type": "Feature", "geometry": {"type": "Point", "coordinates": [139.717455, 35.69131]}, "properties": {"id": "bs-0103", "name": "市ヶ谷富久町", "wheelchair": false}}, {"type": "Feature", "geometry": {"type": "Point", "coordinates": [139.879246, 35.689868]}, "properties": {"id": "bs-0104", "name": "一之江五丁目", "wheelchair": false}}, {"type": "Feature", "geometry": {"type": "Point", "coordinates": [139.882329, 35.69693]}, "properties": {"id": "bs-0105", "name": "一之江高速入口", "wheelchair": false}}, {"type": "Feature", "geometry": {"type": "Point", "coordinates": [139.88188, 35.700616]}, "properties": {"id": "bs-0106", "name": "一之江橋西詰", "wheelchair": false}}, {"type": "Feature", "geometry": {"type": "Point", "coordinates": [139.887621, 35.70224]}, "properties": {"id": "bs-0107", "name": "新堀一丁目", "wheelchair": false}}, {"type": "Feature", "geometry": {"type": "Point", "coordinates": [139.882637, 35.693795]}, "properties": {"id": "bs-0108", "name": "一之江二丁目", "wheelchair": false}}, {"type": "Feature", "geometry": {"type": "Point", "coordinates": [139.881994, 35.687887]}, "properties": {"id": "bs-0109", "name": "一之江四丁目", "wheelchair": false}}, {"type": "Feature", "geometry": {"type": "Point", "coordinates": [139.877141, 35.687236]}, "properties": {"id": "bs-0110", "name": "一之江七丁目", "wheelchair": false}}, {"type": "Feature", "geometry": {"type": "Point", "coordinates": [139.736946, 35.655673]}, "properties": {"id": "bs-0111", "name": "麻布十番駅前", "wheelchair": false}}, {"type": "Feature", "geometry": {"type": "Point", "coordinates": [139.783319, 35.747075]}, "properties": {"id": "bs-0114", "name": "一本松", "wheelchair": false}}, {"type": "Feature", "geometry": {"type": "Point", "coordinates": [139.862034, 35.669494]}, "properties": {"id": "bs-0115", "name": "稲荷神社前(いなりじんじゃまえ（えどがわく）)", "wheelchair": false}}, {"type": "Feature", "geometry": {"type": "Point", "coordinates": [139.710141, 35.7624]}, "properties": {"id": "bs-0116", "name": "稲荷台", "wheelchair": false}}, {"type": "Feature", "geometry": {"type": "Point", "coordinates": [139.888714, 35.682871]}, "properties": {"id": "bs-0118", "name": "今井", "wheelchair": false}}, {"type": "Feature", "geometry": {"type": "Point", "coordinates": [139.80188, 35.721081]}, "properties": {"id": "bs-0119", "name": "今戸", "wheelchair": false}}, {"type": "Feature", "geometry": {"type": "Point", "coordinates": [139.416156, 35.755279]}, "properties": {"id": "bs-0120", "name": "芋窪", "wheelchair": false}}, {"type": "Feature", "geometry": {"type": "Point", "coordinates": [139.783058, 35.720203]}, "properties": {"id": "bs-0121", "name": "入谷鬼子母神", "wheelchair": false}}, {"type": "Feature", "geometry": {"type": "Point", "coordinates": [139.789714, 35.718097]}, "properties": {"id": "bs-0122", "name": "入谷二丁目", "wheelchair": false}}, {"type": "Feature", "geometry": {"type": "Point", "coordinates": [139.297021, 35.832688]}, "properties": {"id": "bs-0124", "name": "岩井堂", "wheelchair": false}}, {"type": "Feature", "geometry": {"type": "Point", "coordinates": [139.289852, 35.826436]}, "properties": {"id": "bs-0125", "name": "岩蔵温泉", "wheelchair": false}}, {"type": "Feature", "geometry": {"type": "Point", "coordinates": [139.725289, 35.782871]}, "properties": {"id": "bs-0126", "name": "岩淵町", "wheelchair": false}}, {"type": "Feature", "geometry": {"type": "Point", "coordinates": [139.776409, 35.695657]}, "properties": {"id": "bs-0128", "name": "岩本町駅前", "wheelchair": false}}, {"type": "Feature", "geometry": {"type": "Point", "coordinates": [139.777245, 35.692237]}, "properties": {"id": "bs-0129", "name": "岩本町一丁目", "wheelchair": false}}, {"type": "Feature", "geometry": {"type": "Point", "coordinates": [139.777124, 35.71197]}, "properties": {"id": "bs-0131", "name": "上野駅前", "wheelchair": false}}, {"type": "Feature", "geometry": {"type": "Point", "coordinates": [139.77191, 35.709784]}, "properties": {"id": "bs-0132", "name": "上野公園", "wheelchair": false}}, {"type": "Feature", "geometry": {"type": "Point", "coordinates": [139.773961, 35.711047]}, "properties": {"id": "bs-0133", "name": "上野公園山下", "wheelchair": false}}, {"type": "Feature", "geometry": {"type": "Point", "coordinates": [139.774398, 35.722632]}, "properties": {"id": "bs-0134", "name": "上野桜木", "wheelchair": false}}, {"type": "Feature", "geometry": {"type": "Point", "coordinates": [139.773104, 35.7087]}, "properties": {"id": "bs-0135", "name": "上野広小路", "wheelchair": false}}, {"type": "Feature", "geometry": {"type": "Point", "coordinates": [139.857611, 35.670171]}, "properties": {"id": "bs-0136", "name": "宇喜田", "wheelchair": false}}, {"type": "Feature", "geometry": {"type": "Point", "coordinates": [139.779357, 35.7224]}, "properties": {"id": "bs-0137", "name": "鶯谷駅前", "wheelchair": false}}, {"type": "Feature", "geometry": {"type": "Point", "coordinates": [139.732428, 35.699541]}, "properties": {"id": "bs-0138", "name": "牛込北町", "wheelchair": false}}, {"type": "Feature", "geometry": {"type": "Point", "coordinates": [139.726567, 35.702229]}, "properties": {"id": "bs-0139", "name": "牛込弁天町", "wheelchair": false}}, {"type": "Feature", "geometry": {"type": "Point", "coordinates": [139.726597, 35.703671]}, "properties": {"id": "bs-0140", "name": "牛込保健センター前", "wheelchair": false}}, {"type": "Feature", "geometry": {"type": "Point", "coordinates": [139.725209, 35.699545]}, "properties": {"id": "bs-0141", "name": "牛込柳町駅前", "wheelchair": false}}, {"type": "Feature", "geometry": {"type": "Point", "coordinates": [139.696636, 35.662546]}, "properties": {"id": "bs-0142", "name": "宇田川町", "wheelchair": false}}, {"type": "Feature", "geometry": {"type": "Point", "coordinates": [139.764833, 35.691375]}, "properties": {"id": "bs-0143", "name": "内神田一丁目", "wheelchair": false}}, {"type": "Feature", "geometry": {"type": "Point", "coordinates": [139.755351, 35.670834]}, "properties": {"id": "bs-0144", "name": "内幸町", "wheelchair": false}}, {"type": "Feature", "geometry": {"type": "Point", "coordinates": [139.712491, 35.76335]}, "properties": {"id": "bs-0146", "name": "姥ヶ橋", "wheelchair": false}}, {"type": "Feature", "geometry": {"type": "Point", "coordinates": [139.792549, 35.705575]}, "properties": {"id": "bs-0147", "name": "蔵前駅前", "wheelchair": false}}, {"type": "Feature", "geometry": {"type": "Point", "coordinates": [139.224557, 35.833085]}, "properties": {"id": "bs-0148", "name": "梅ヶ平", "wheelchair": false}}, {"type": "Feature", "geometry": {"type": "Point", "coordinates": [139.797642, 35.774536]}, "properties": {"id": "bs-0149", "name": "梅島駅前", "wheelchair": false}}, {"type": "Feature", "geometry": {"type": "Point", "coordinates": [139.797544, 35.770934]}, "properties": {"id": "bs-0150", "name": "エル・ソフィア前", "wheelchair": false}}, {"type": "Feature", "geometry": {"type": "Point", "coordinates": [139.793159, 35.765002]}, "properties": {"id": "bs-0151", "name": "梅島第二小学校通り", "wheelchair": false}}, {"type": "Feature", "geometry": {"type": "Point", "coordinates": [139.797539, 35.77655]}, "properties": {"id": "bs-0152", "name": "梅島二丁目", "wheelchair": false}}, {"type": "Feature", "geometry": {"type": "Point", "coordinates": [139.7929, 35.778292]}, "properties": {"id": "bs-0153", "name": "梅島三丁目", "wheelchair": false}}, {"type": "Feature", "geometry": {"type": "Point", "coordinates": [139.840028, 35.740451]}, "properties": {"id": "bs-0154", "name": "梅田小学校前", "wheelchair": false}}, {"type": "Feature", "geometry": {"type": "Point", "coordinates": [139.794353, 35.766863]}, "properties": {"id": "bs-0155", "name": "梅田町神明通り", "wheelchair": false}}, {"type": "Feature", "geometry": {"type": "Point", "coordinates": [139.800811, 35.766537]}, "properties": {"id": "bs-0156", "name": "梅田七丁目", "wheelchair": false}}, {"type": "Feature", "geometry": {"type": "Point", "coordinates": [139.884357, 35.666468]}, "properties": {"id": "bs-0157", "name": "浦安橋", "wheelchair": false}}, {"type": "Feature", "geometry": {"type": "Point", "coordinates": [139.785237, 35.677162]}, "properties": {"id": "bs-0159", "name": "永代橋", "wheelchair": false}}, {"type": "Feature", "geometry": {"type": "Point", "coordinates": [139.792607, 35.673274]}, "properties": {"id": "bs-0160", "name": "永代二丁目", "wheelchair": false}}, {"type": "Feature", "geometry": {"type": "Point", "coordinates": [139.67635, 35.733138]}, "properties": {"id": "bs-0161", "name": "練馬総合病院入口", "wheelchair": false}}, {"type": "Feature", "geometry": {"type": "Point", "coordinates": [139.672197, 35.736264]}, "properties": {"id": "bs-0162", "name": "江古田二又", "wheelchair": false}}, {"type": "Feature", "geometry": {"type": "Point", "coordinates": [139.669879, 35.724053]}, "properties": {"id": "bs-0163", "name": "江古田一丁目", "wheelchair": false}}, {"type": "Feature", "geometry": {"type": "Point", "coordinates": [139.666855, 35.723967]}, "properties": {"id": "bs-0164", "name": "江古田二丁目", "wheelchair": false}}, {"type": "Feature", "geometry": {"type": "Point", "coordinates": [139.66773, 35.725906]}, "properties": {"id": "bs-0165", "name": "江古田三丁目", "wheelchair": false}}, {"type": "Feature", "geometry": {"type": "Point", "coordinates": [139.80133, 35.657926]}, "properties": {"id": "bs-0166", "name": "枝川", "wheelchair": false}}, {"type": "Feature", "geometry": {"type": "Point", "coordinates": [139.804407, 35.656856]}, "properties": {"id": "bs-0167", "name": "枝川一丁目", "wheelchair": false}}, {"type": "Feature", "geometry": {"type": "Point", "coordinates": [139.807247, 35.658924]}, "properties": {"id": "bs-0168", "name": "枝川二丁目", "wheelchair": false}}, {"type": "Feature", "geometry": {"type": "Point", "coordinates": [139.791413, 35.669547]}, "properties": {"id": "bs-0170", "name": "越中島", "wheelchair": false}}, {"type": "Feature", "geometry": {"type": "Point", "coordinates": [139.86787, 35.706995]}, "properties": {"id": "bs-0171", "name": "江戸川区役所前", "wheelchair": false}}, {"type": "Feature", "geometry": {"type": "Point", "coordinates": [139.866069, 35.710169]}, "properties": {"id": "bs-0172", "name": "江戸川高校前", "wheelchair": false}}, {"type": "Feature", "geometry": {"type": "Point", "coordinates": [139.873972, 35.710428]}, "properties": {"id": "bs-0174", "name": "ＮＴＴ江戸川支店前", "wheelchair": false}}, {"type": "Feature", "geometry": {"type": "Point", "coordinates": [139.869916, 35.711023]}, "properties": {"id": "bs-0175", "name": "江戸川文化センター前", "wheelchair": false}}, {"type": "Feature", "geometry": {"type": "Point", "coordinates": [139.731375, 35.71147]}, "properties": {"id": "bs-0176", "name": "江戸川橋", "wheelchair": false}}, {"type": "Feature", "geometry": {"type": "Point", "coordinates": [139.88455, 35.674735]}, "properties": {"id": "bs-0177", "name": "江戸川五丁目", "wheelchair": false}}, {"type": "Feature", "geometry": {"type": "Point", "coordinates": [139.878735, 35.674901]}, "properties": {"id": "bs-0178", "name": "古川親水公園", "wheelchair": false}}, {"type": "Feature", "geometry": {"type": "Point", "coordinates": [139.677992, 35.729144]}, "properties": {"id": "bs-0179", "name": "江原町中野通り", "wheelchair": false}}, {"type": "Feature", "geometry": {"type": "Point", "coordinates": [139.674053, 35.731044]}, "properties": {"id": "bs-0180", "name": "江原町一丁目", "wheelchair": false}}, {"type": "Feature", "geometry": {"type": "Point", "coordinates": [139.671156, 35.73358]}, "properties": {"id": "bs-0181", "name": "新江古田駅前", "wheelchair": false}}, {"type": "Feature", "geometry": {"type": "Point", "coordinates": [139.242125, 35.818551]}, "properties": {"id": "bs-0182", "name": "蜆沢", "wheelchair": false}}, {"type": "Feature", "geometry": {"type": "Point", "coordinates": [139.709436, 35.646979]}, "properties": {"id": "bs-0183", "name": "恵比寿駅前", "wheelchair": false}}, {"type": "Feature", "geometry": {"type": "Point", "coordinates": [139.71191, 35.646422]}, "properties": {"id": "bs-0185", "name": "恵比寿一丁目", "wheelchair": false}}, {"type": "Feature", "geometry": {"type": "Point", "coordinates": [139.718931, 35.645294]}, "properties": {"id": "bs-0186", "name": "恵比寿二丁目", "wheelchair": false}}, {"type": "Feature", "geometry": {"type": "Point", "coordinates": [139.721248, 35.644949]}, "properties": {"id": "bs-0187", "name": "恵比寿三丁目", "wheelchair": false}}, {"type": "Feature", "geometry": {"type": "Point", "coordinates": [139.716176, 35.645698]}, "properties": {"id": "bs-0188", "name": "恵比寿四丁目", "wheelchair": false}}, {"type": "Feature", "geometry": {"type": "Point", "coordinates": [139.81098, 35.68281]}, "properties": {"id": "bs-0191", "name": "扇橋一丁目", "wheelchair": false}}, {"type": "Feature", "geometry": {"type": "Point", "coordinates": [139.81516, 35.682899]}, "properties": {"id": "bs-0192", "name": "扇橋二丁目", "wheelchair": false}}, {"type": "Feature", "geometry": {"type": "Point", "coordinates": [139.819711, 35.682516]}, "properties": {"id": "bs-0193", "name": "扇橋三丁目", "wheelchair": false}}, {"type": "Feature", "geometry": {"type": "Point", "coordinates": [139.770647, 35.766606]}, "properties": {"id": "bs-0194", "name": "扇二丁目", "wheelchair": false}}, {"type": "Feature", "geometry": {"type": "Point", "coordinates": [139.770786, 35.769467]}, "properties": {"id": "bs-0195", "name": "扇三丁目", "wheelchair": false}}, {"type": "Feature", "geometry": {"type": "Point", "coordinates": [139.73723, 35.753867]}, "properties": {"id": "bs-0196", "name": "王子駅前", "wheelchair": false}}, {"type": "Feature", "geometry": {"type": "Point", "coordinates": [139.718624, 35.765058]}, "properties": {"id": "bs-0197", "name": "王子第三小学校前", "wheelchair": false}}, {"type": "Feature", "geometry": {"type": "Point", "coordinates": [139.737383, 35.755767]}, "properties": {"id": "bs-0198", "name": "王子二丁目", "wheelchair": false}}, {"type": "Feature", "geometry": {"type": "Point", "coordinates": [139.737592, 35.758386]}, "properties": {"id": "bs-0199", "name": "王子三丁目", "wheelchair": false}}, {"type": "Feature", "geometry": {"type": "Point", "coordinates": [139.736889, 35.762757]}, "properties": {"id": "bs-0200", "name": "王子四丁目", "wheelchair": false}}, {"type": "Feature", "geometry": {"type": "Point", "coordinates": [139.735878, 35.765162]}, "properties": {"id": "bs-0201", "name": "王子五丁目", "wheelchair": false}}, {"type": "Feature", "geometry": {"type": "Point", "coordinates": [139.25796, 35.790169]}, "properties": {"id": "bs-0202", "name": "青梅駅前", "wheelchair": false}}, {"type": "Feature", "geometry": {"type": "Point", "coordinates": [139.47559, 35.730521]}, "properties": {"id": "bs-0203", "name": "青梅街道駅前", "wheelchair": false}}, {"type": "Feature", "geometry": {"type": "Point", "coordinates": [139.289406, 35.788455]}, "properties": {"id": "bs-0204", "name": "青梅警察署前", "wheelchair": false}}, {"type": "Feature", "geometry": {"type": "Point", "coordinates": [139.274563, 35.788318]}, "properties": {"id": "bs-0205", "name": "青梅市役所前", "wheelchair": false}}, {"type": "Feature", "geometry": {"type": "Point", "coordinates": [139.249865, 35.790205]}, "properties": {"id": "bs-0206", "name": "青梅車庫", "wheelchair": false}}, {"type": "Feature", "geometry": {"type": "Point", "coordinates": [139.209189, 35.83567]}, "properties": {"id": "bs-0207", "name": "大指", "wheelchair": false}}, {"type": "Feature", "geometry": {"type": "Point", "coordinates": [139.230436, 35.821503]}, "properties": {"id": "bs-0208", "name": "北小曽木", "wheelchair": false}}, {"type": "Feature", "geometry": {"type": "Point", "coordinates": [139.274934, 35.818495]}, "properties": {"id": "bs-0209", "name": "青梅第七小学校前", "wheelchair": false}}, {"type": "Feature", "geometry": {"type": "Point", "coordinates": [139.256493, 35.826388]}, "properties": {"id": "bs-0210", "name": "青梅第七中学校前", "wheelchair": false}}, {"type": "Feature", "geometry": {"type": "Point", "coordinates": [139.260656, 35.828115]}, "properties": {"id": "bs-0211", "name": "成木小学校前", "wheelchair": false}}, {"type": "Feature", "geometry": {"type": "Point", "coordinates": [139.270553, 35.793664]}, "properties": {"id": "bs-0212", "name": "青梅第四小学校前", "wheelchair": false}}, {"type": "Feature", "geometry": {"type": "Point", "coordinates": [139.28182, 35.789928]}, "properties": {"id": "bs-0213", "name": "師岡町三丁目", "wheelchair": false}}, {"type": "Feature", "geometry": {"type": "Point", "coordinates": [139.753007, 35.616535]}, "properties": {"id": "bs-0214", "name": "若潮橋", "wheelchair": false}}, {"type": "Feature", "geometry": {"type": "Point", "coordinates": [139.741255, 35.593572]}, "properties": {"id": "bs-0216", "name": "大井競馬場前", "wheelchair": false}}, {"type": "Feature", "geometry": {"type": "Point", "coordinates": [139.770696, 35.594025]}, "properties": {"id": "bs-0217", "name": "大井水産物埠頭入口", "wheelchair": false}}, {"type": "Feature", "geometry": {"type": "Point", "coordinates": [139.77321, 35.591041]}, "properties": {"id": "bs-0218", "name": "大井水産物埠頭前", "wheelchair": false}}, {"type": "Feature", "geometry": {"type": "Point", "coordinates": [139.754067, 35.611613]}, "properties": {"id": "bs-0220", "name": "品川清掃工場前", "wheelchair": false}}, {"type": "Feature", "geometry": {"type": "Point", "coordinates": [139.735486, 35.606166]}, "properties": {"id": "bs-0223", "name": "大井町駅東口", "wheelchair": false}}, {"type": "Feature", "geometry": {"type": "Point", "coordinates": [139.696261, 35.701833]}, "properties": {"id": "bs-0225", "name": "大久保駅前", "wheelchair": false}}, {"type": "Feature", "geometry": {"type": "Point", "coordinates": [139.708182, 35.701422]}, "properties": {"id": "bs-0226", "name": "大久保通り", "wheelchair": false}}, {"type": "Feature", "geometry": {"type": "Point", "coordinates": [139.707198, 35.697191]}, "properties": {"id": "bs-0227", "name": "東新宿駅前", "wheelchair": false}}, {"type": "Feature", "geometry": {"type": "Point", "coordinates": [139.704755, 35.701104]}, "properties": {"id": "bs-0228", "name": "大久保二丁目", "wheelchair": false}}, {"type": "Feature", "geometry": {"type": "Point", "coordinates": [139.263746, 35.829671]}, "properties": {"id": "bs-0229", "name": "成木三丁目", "wheelchair": false}}, {"type": "Feature", "geometry": {"type": "Point", "coordinates": [139.778843, 35.730383]}, "properties": {"id": "bs-0231", "name": "大下", "wheelchair": false}}, {"type": "Feature", "geometry": {"type": "Point", "coordinates": [139.833595, 35.689563]}, "properties": {"id": "bs-0233", "name": "大島駅前", "wheelchair": false}}, {"type": "Feature", "geometry": {"type": "Point", "coordinates": [139.826614, 35.687431]}, "properties": {"id": "bs-0234", "name": "大島一丁目", "wheelchair": false}}, {"type": "Feature", "geometry": {"type": "Point", "coordinates": [139.821799, 35.689126]}, "properties": {"id": "bs-0235", "name": "大島二丁目", "wheelchair": false}}, {"type": "Feature", "geometry": {"type": "Point", "coordinates": [139.829096, 35.689202]}, "properties": {"id": "bs-0236", "name": "大島三丁目", "wheelchair": false}}, {"type": "Feature", "geometry": {"type": "Point", "coordinates": [139.836166, 35.688032]}, "properties": {"id": "bs-0237", "name": "大島五丁目", "wheelchair": false}}, {"type": "Feature", "geometry": {"type": "Point", "coordinates": [139.844792, 35.68997]}, "properties": {"id": "bs-0238", "name": "東大島駅入口", "wheelchair": false}}, {"type": "Feature", "geometry": {"type": "Point", "coordinates": [139.873658, 35.705636]}, "properties": {"id": "bs-0239", "name": "大杉小学校前", "wheelchair": false}}, {"type": "Feature", "geometry": {"type": "Point", "coordinates": [139.790401, 35.731037]}, "properties": {"id": "bs-0240", "name": "大関横丁", "wheelchair": false}}, {"type": "Feature", "geometry": {"type": "Point", "coordinates": [139.729151, 35.73095]}, "properties": {"id": "bs-0241", "name": "大塚駅前", "wheelchair": false}}, {"type": "Feature", "geometry": {"type": "Point", "coordinates": [139.735717, 35.718305]}, "properties": {"id": "bs-0242", "name": "窪町小学校", "wheelchair": false}}, {"type": "Feature", "geometry": {"type": "Point", "coordinates": [139.733872, 35.71951]}, "properties": {"id": "bs-0243", "name": "大塚二丁目", "wheelchair": false}}, {"type": "Feature", "geometry": {"type": "Point", "coordinates": [139.732909, 35.720174]}, "properties": {"id": "bs-0244", "name": "大塚三丁目", "wheelchair": false}}, {"type": "Feature", "geometry": {"type": "Point", "coordinates": [139.763222, 35.68606]}, "properties": {"id": "bs-0245", "name": "大手町", "wheelchair": false}}, {"type": "Feature", "geometry": {"type": "Point", "coordinates": [139.408081, 35.757127]}, "properties": {"id": "bs-0248", "name": "大橋", "wheelchair": false}}, {"type": "Feature", "geometry": {"type": "Point", "coordinates": [139.661558, 35.66922]}, "properties": {"id": "bs-0250", "name": "大原町", "wheelchair": false}}, {"type": "Feature", "geometry": {"type": "Point", "coordinates": [139.743151, 35.706769]}, "properties": {"id": "bs-0251", "name": "大曲", "wheelchair": false}}, {"type": "Feature", "geometry": {"type": "Point", "coordinates": [139.252701, 35.786385]}, "properties": {"id": "bs-0255", "name": "大柳", "wheelchair": false}}, {"type": "Feature", "geometry": {"type": "Point", "coordinates": [139.775546, 35.707807]}, "properties": {"id": "bs-0260", "name": "御徒町駅前", "wheelchair": false}}, {"type": "Feature", "geometry": {"type": "Point", "coordinates": [139.442699, 35.732008]}, "properties": {"id": "bs-0261", "name": "小川一番", "wheelchair": false}}, {"type": "Feature", "geometry": {"type": "Point", "coordinates": [139.446518, 35.731582]}, "properties": {"id": "bs-0262", "name": "小川三差路", "wheelchair": false}}, {"type": "Feature", "geometry": {"type": "Point", "coordinates": [139.461502, 35.730481]}, "properties": {"id": "bs-0263", "name": "小川町一丁目", "wheelchair": false}}, {"type": "Feature", "geometry": {"type": "Point", "coordinates": [139.467993, 35.730227]}, "properties": {"id": "bs-0264", "name": "小川町二丁目", "wheelchair": false}}, {"type": "Feature", "geometry": {"type": "Point", "coordinates": [139.211987, 35.799289]}, "properties": {"id": "bs-0270", "name": "奥多摩橋", "wheelchair": false}}, {"type": "Feature", "geometry": {"type": "Point", "coordinates": [139.755254, 35.746858]}, "properties": {"id": "bs-0271", "name": "尾久駅前", "wheelchair": false}}, {"type": "Feature", "geometry": {"type": "Point", "coordinates": [139.763377, 35.744954]}, "properties": {"id": "bs-0272", "name": "西尾久一丁目", "wheelchair": false}}, {"type": "Feature", "geometry": {"type": "Point", "coordinates": [139.772924, 35.749442]}, "properties": {"id": "bs-0273", "name": "都立大荒川キャンパス前", "wheelchair": false}}, {"type": "Feature", "geometry": {"type": "Point", "coordinates": [139.769539, 35.749786]}, "properties": {"id": "bs-0274", "name": "尾久橋", "wheelchair": false}}, {"type": "Feature", "geometry": {"type": "Point", "coordinates": [139.769465, 35.745353]}, "properties": {"id": "bs-0275", "name": "尾久本町通り", "wheelchair": false}}, {"type": "Feature", "geometry": {"type": "Point", "coordinates": [139.812907, 35.709137]}, "properties": {"id": "bs-0276", "name": "押上", "wheelchair": false}}, {"type": "Feature", "geometry": {"type": "Point", "coordinates": [139.813564, 35.710822]}, "properties": {"id": "bs-0277", "name": "押上駅前", "wheelchair": false}}, {"type": "Feature", "geometry": {"type": "Point", "coordinates": [139.81586, 35.711654]}, "properties": {"id": "bs-0278", "name": "押上一丁目", "wheelchair": false}}, {"type": "Feature", "geometry": {"type": "Point", "coordinates": [139.818024, 35.709424]}, "properties": {"id": "bs-0279", "name": "押上三丁目", "wheelchair": false}}, {"type": "Feature", "geometry": {"type": "Point", "coordinates": [139.281539, 35.822421]}, "properties": {"id": "bs-0280", "name": "小曽木診療所前", "wheelchair": false}}, {"type": "Feature", "geometry": {"type": "Point", "coordinates": [139.27881, 35.822021]}, "properties": {"id": "bs-0281", "name": "ＪＡ小曽木支店前", "wheelchair": false}}, {"type": "Feature", "geometry": {"type": "Point", "coordinates": [139.694521, 35.709997]}, "properties": {"id": "bs-0282", "name": "小滝橋", "wheelchair": false}}, {"type": "Feature", "geometry": {"type": "Point", "coordinates": [139.762246, 35.749869]}, "properties": {"id": "bs-0283", "name": "小台", "wheelchair": false}}, {"type": "Feature", "geometry": {"type": "Point", "coordinates": [139.768474, 35.755871]}, "properties": {"id": "bs-0285", "name": "小台土手上", "wheelchair": false}}, {"type": "Feature", "geometry": {"type": "Point", "coordinates": [139.762799, 35.755742]}, "properties": {"id": "bs-0286", "name": "小台橋", "wheelchair": false}}, {"type": "Feature", "geometry": {"type": "Point", "coordinates": [139.774857, 35.754902]}, "properties": {"id": "bs-0287", "name": "小台東", "wheelchair": false}}, {"type": "Feature", "geometry": {"type": "Point", "coordinates": [139.762105, 35.758736]}, "properties": {"id": "bs-0288", "name": "小台町", "wheelchair": false}}, {"type": "Feature", "geometry": {"type": "Point", "coordinates": [139.764264, 35.700396]}, "properties": {"id": "bs-0291", "name": "御茶ノ水駅前", "wheelchair": false}}, {"type": "Feature", "geometry": {"type": "Point", "coordinates": [139.730061, 35.713555]}, "properties": {"id": "bs-0292", "name": "音羽一丁目", "wheelchair": false}}, {"type": "Feature", "geometry": {"type": "Point", "coordinates": [139.727978, 35.717786]}, "properties": {"id": "bs-0293", "name": "音羽二丁目", "wheelchair": false}}, {"type": "Feature", "geometry": {"type": "Point", "coordinates": [139.750634, 35.661108]}, "properties": {"id": "bs-0294", "name": "御成門", "wheelchair": false}}, {"type": "Feature", "geometry": {"type": "Point", "coordinates": [139.748943, 35.660551]}, "properties": {"id": "bs-0295", "name": "御成門小学校前", "wheelchair": false}}, {"type": "Feature", "geometry": {"type": "Point", "coordinates": [139.268269, 35.814866]}, "properties": {"id": "bs-0296", "name": "小枕", "wheelchair": false}}, {"type": "Feature", "geometry": {"type": "Point", "coordinates": [139.705817, 35.668909]}, "properties": {"id": "bs-0297", "name": "表参道", "wheelchair": false}}, {"type": "Feature", "geometry": {"type": "Point", "coordinates": [139.759364, 35.656218]}, "properties": {"id": "bs-0299", "name": "海岸一丁目", "wheelchair": false}}, {"type": "Feature", "geometry": {"type": "Point", "coordinates": [139.75884, 35.650502]}, "properties": {"id": "bs-0300", "name": "日の出桟橋入口", "wheelchair": false}}, {"type": "Feature", "geometry": {"type": "Point", "coordinates": [139.756343, 35.645571]}, "properties": {"id": "bs-0301", "name": "海岸三丁目", "wheelchair": false}}, {"type": "Feature", "geometry": {"type": "Point", "coordinates": [139.772184, 35.622328]}, "properties": {"id": "bs-0302", "name": "東京国際クルーズターミナル駅前", "wheelchair": false}}, {"type": "Feature", "geometry": {"type": "Point", "coordinates": [139.780863, 35.682477]}, "properties": {"id": "bs-0303", "name": "蛎殻町", "wheelchair": false}}, {"type": "Feature", "geometry": {"type": "Point", "coordinates": [139.737564, 35.701599]}, "properties": {"id": "bs-0305", "name": "牛込神楽坂駅前", "wheelchair": false}}, {"type": "Feature", "geometry": {"type": "Point", "coordinates": [139.869396, 35.660986]}, "properties": {"id": "bs-0306", "name": "葛西駅通り", "wheelchair": false}}, {"type": "Feature", "geometry": {"type": "Point", "coordinates": [139.872709, 35.663254]}, "properties": {"id": "bs-0307", "name": "葛西駅前", "wheelchair": false}}, {"type": "Feature", "geometry": {"type": "Point", "coordinates": [139.869377, 35.666063]}, "properties": {"id": "bs-0308", "name": "葛西区民館前", "wheelchair": false}}, {"type": "Feature", "geometry": {"type": "Point", "coordinates": [139.881213, 35.682211]}, "properties": {"id": "bs-0309", "name": "葛西工科高校前", "wheelchair": false}}, {"type": "Feature", "geometry": {"type": "Point", "coordinates": [139.867471, 35.66847]}, "properties": {"id": "bs-0310", "name": "江戸川車庫前", "wheelchair": false}}, {"type": "Feature", "geometry": {"type": "Point", "coordinates": [139.871979, 35.670629]}, "properties": {"id": "bs-0312", "name": "葛西中学校前", "wheelchair": false}}, {"type": "Feature", "geometry": {"type": "Point", "coordinates": [139.842486, 35.672148]}, "properties": {"id": "bs-0313", "name": "葛西橋", "wheelchair": false}}, {"type": "Feature", "geometry": {"type": "Point", "coordinates": [139.854036, 35.670707]}, "properties": {"id": "bs-0314", "name": "葛西橋東詰", "wheelchair": false}}, {"type": "Feature", "geometry": {"type": "Point", "coordinates": [139.87175, 35.673441]}, "properties": {"id": "bs-0315", "name": "新川橋", "wheelchair": false}}, {"type": "Feature", "geometry": {"type": "Point", "coordinates": [139.869886, 35.654173]}, "properties": {"id": "bs-0316", "name": "葛西南高校前", "wheelchair": false}}, {"type": "Feature", "geometry": {"type": "Point", "coordinates": [139.754008, 35.707748]}, "properties": {"id": "bs-0318", "name": "春日一丁目", "wheelchair": false}}, {"type": "Feature", "geometry": {"type": "Point", "coordinates": [139.743597, 35.712095]}, "properties": {"id": "bs-0319", "name": "春日二丁目", "wheelchair": false}}, {"type": "Feature", "geometry": {"type": "Point", "coordinates": [139.748669, 35.673899]}, "properties": {"id": "bs-0320", "name": "霞が関", "wheelchair": false}}, {"type": "Feature", "geometry": {"type": "Point", "coordinates": [139.286586, 35.790784]}, "properties": {"id": "bs-0321", "name": "霞台第二住宅", "wheelchair": false}}, {"type": "Feature", "geometry": {"type": "Point", "coordinates": [139.302179, 35.787412]}, "properties": {"id": "bs-0322", "name": "霞町新町", "wheelchair": false}}, {"type": "Feature", "geometry": {"type": "Point", "coordinates": [139.291309, 35.793875]}, "properties": {"id": "bs-0323", "name": "ＪＡ西東京前", "wheelchair": false}}, {"type": "Feature", "geometry": {"type": "Point", "coordinates": [139.289256, 35.796871]}, "properties": {"id": "bs-0324", "name": "霞橋", "wheelchair": false}}, {"type": "Feature", "geometry": {"type": "Point", "coordinates": [139.776323, 35.660462]}, "properties": {"id": "bs-0325", "name": "勝どき橋南詰", "wheelchair": false}}, {"type": "Feature", "geometry": {"type": "Point", "coordinates": [139.778029, 35.659714]}, "properties": {"id": "bs-0326", "name": "勝どき駅前", "wheelchair": false}}, {"type": "Feature", "geometry": {"type": "Point", "coordinates": [139.775415, 35.657631]}, "properties": {"id": "bs-0327", "name": "勝どき三丁目", "wheelchair": false}}, {"type": "Feature", "geometry": {"type": "Point", "coordinates": [139.744318, 35.600077]}, "properties": {"id": "bs-0329", "name": "勝島一丁目", "wheelchair": false}}, {"type": "Feature", "geometry": {"type": "Point", "coordinates": [139.725258, 35.691824]}, "properties": {"id": "bs-0330", "name": "合羽坂下", "wheelchair": false}}, {"type": "Feature", "geometry": {"type": "Point", "coordinates": [139.753564, 35.65288]}, "properties": {"id": "bs-0331", "name": "金杉橋", "wheelchair": false}}, {"type": "Feature", "geometry": {"type": "Point", "coordinates": [139.871433, 35.769232]}, "properties": {"id": "bs-0332", "name": "金町駅前", "wheelchair": false}}, {"type": "Feature", "geometry": {"type": "Point", "coordinates": [139.870452, 35.766374]}, "properties": {"id": "bs-0333", "name": "金町二丁目", "wheelchair": false}}, {"type": "Feature", "geometry": {"type": "Point", "coordinates": [139.702547, 35.693474]}, "properties": {"id": "bs-0334", "name": "歌舞伎町", "wheelchair": false}}, {"type": "Feature", "geometry": {"type": "Point", "coordinates": [139.777401, 35.680923]}, "properties": {"id": "bs-0335", "name": "兜町", "wheelchair": false}}, {"type": "Feature", "geometry": {"type": "Point", "coordinates": [139.28608, 35.788641]}, "properties": {"id": "bs-0337", "name": "河辺駅入口", "wheelchair": false}}, {"type": "Feature", "geometry": {"type": "Point", "coordinates": [139.285057, 35.784587]}, "properties": {"id": "bs-0338", "name": "河辺駅北口", "wheelchair": false}}, {"type": "Feature", "geometry": {"type": "Point", "coordinates": [139.657072, 35.679347]}, "properties": {"id": "bs-0341", "name": "釜寺", "wheelchair": false}}, {"type": "Feature", "geometry": {"type": "Point", "coordinates": [139.719175, 35.735811]}, "properties": {"id": "bs-0342", "name": "上池袋一丁目", "wheelchair": false}}, {"type": "Feature", "geometry": {"type": "Point", "coordinates": [139.721866, 35.738053]}, "properties": {"id": "bs-0343", "name": "上池袋三丁目", "wheelchair": false}}, {"type": "Feature", "geometry": {"type": "Point", "coordinates": [139.719035, 35.634405]}, "properties": {"id": "bs-0346", "name": "上大崎", "wheelchair": false}}, {"type": "Feature", "geometry": {"type": "Point", "coordinates": [139.218526, 35.791966]}, "properties": {"id": "bs-0350", "name": "上郷", "wheelchair": false}}, {"type": "Feature", "geometry": {"type": "Point", "coordinates": [139.71508, 35.763806]}, "properties": {"id": "bs-0351", "name": "上十条五丁目", "wheelchair": false}}, {"type": "Feature", "geometry": {"type": "Point", "coordinates": [139.759341, 35.735296]}, "properties": {"id": "bs-0352", "name": "上田端", "wheelchair": false}}, {"type": "Feature", "geometry": {"type": "Point", "coordinates": [139.253267, 35.790033]}, "properties": {"id": "bs-0353", "name": "上町", "wheelchair": false}}, {"type": "Feature", "geometry": {"type": "Point", "coordinates": [139.202826, 35.836981]}, "properties": {"id": "bs-0354", "name": "上成木", "wheelchair": false}}, {"type": "Feature", "geometry": {"type": "Point", "coordinates": [139.763689, 35.778144]}, "properties": {"id": "bs-0355", "name": "上沼田団地", "wheelchair": false}}, {"type": "Feature", "geometry": {"type": "Point", "coordinates": [139.778701, 35.724378]}, "properties": {"id": "bs-0356", "name": "上根岸", "wheelchair": false}}, {"type": "Feature", "geometry": {"type": "Point", "coordinates": [139.682435, 35.750898]}, "properties": {"id": "bs-0357", "name": "上の根橋", "wheelchair": false}}, {"type": "Feature", "geometry": {"type": "Point", "coordinates": [139.285578, 35.837845]}, "properties": {"id": "bs-0358", "name": "上畑", "wheelchair": false}}, {"type": "Feature", "geometry": {"type": "Point", "coordinates": [139.749775, 35.731582]}, "properties": {"id": "bs-0359", "name": "上富士前", "wheelchair": false}}, {"type": "Feature", "geometry": {"type": "Point", "coordinates": [139.745512, 35.663639]}, "properties": {"id": "bs-0360", "name": "神谷町駅前", "wheelchair": false}}, {"type": "Feature", "geometry": {"type": "Point", "coordinates": [139.730733, 35.7684]}, "properties": {"id": "bs-0361", "name": "神谷一丁目", "wheelchair": false}}, {"type": "Feature", "geometry": {"type": "Point", "coordinates": [139.693039, 35.664797]}, "properties": {"id": "bs-0363", "name": "神山", "wheelchair": false}}, {"type": "Feature", "geometry": {"type": "Point", "coordinates": [139.862983, 35.762134]}, "properties": {"id": "bs-0365", "name": "亀有警察署前", "wheelchair": false}}, {"type": "Feature", "geometry": {"type": "Point", "coordinates": [139.850247, 35.752374]}, "properties": {"id": "bs-0366", "name": "亀有新道入口", "wheelchair": false}}, {"type": "Feature", "geometry": {"type": "Point", "coordinates": [139.824902, 35.696694]}, "properties": {"id": "bs-0368", "name": "亀戸駅通り", "wheelchair": false}}, {"type": "Feature", "geometry": {"type": "Point", "coordinates": [139.825987, 35.697914]}, "properties": {"id": "bs-0369", "name": "亀戸駅前", "wheelchair": false}}, {"type": "Feature", "geometry": {"type": "Point", "coordinates": [139.820349, 35.701353]}, "properties": {"id": "bs-0370", "name": "亀戸天神前", "wheelchair": false}}, {"type": "Feature", "geometry": {"type": "Point", "coordinates": [139.824623, 35.701586]}, "properties": {"id": "bs-0371", "name": "亀戸四丁目", "wheelchair": false}}, {"type": "Feature", "geometry": {"type": "Point", "coordinates": [139.832341, 35.696843]}, "properties": {"id": "bs-0372", "name": "亀戸六丁目", "wheelchair": false}}, {"type": "Feature", "geometry": {"type": "Point", "coordinates": [139.835754, 35.697246]}, "properties": {"id": "bs-0373", "name": "亀戸七丁目", "wheelchair": false}}, {"type": "Feature", "geometry": {"type": "Point", "coordinates": [139.83939, 35.697404]}, "properties": {"id": "bs-0374", "name": "亀戸九丁目", "wheelchair": false}}, {"type": "Feature", "geometry": {"type": "Point", "coordinates": [139.805121, 35.698029]}, "properties": {"id": "bs-0375", "name": "亀沢四丁目", "wheelchair": false}}, {"type": "Feature", "geometry": {"type": "Point", "coordinates": [139.777684, 35.676699]}, "properties": {"id": "bs-0376", "name": "亀島橋", "wheelchair": false}}, {"type": "Feature", "geometry": {"type": "Point", "coordinates": [139.833927, 35.676986]}, "properties": {"id": "bs-0377", "name": "亀高橋", "wheelchair": false}}, {"type": "Feature", "geometry": {"type": "Point", "coordinates": [139.778527, 35.68128]}, "properties": {"id": "bs-0378", "name": "茅場町", "wheelchair": false}}, {"type": "Feature", "geometry": {"type": "Point", "coordinates": [139.717968, 35.699235]}, "properties": {"id": "bs-0379", "name": "河田町", "wheelchair": false}}, {"type": "Feature", "geometry": {"type": "Point", "coordinates": [139.710147, 35.650156]}, "properties": {"id": "bs-0380", "name": "東三丁目", "wheelchair": false}}, {"type": "Feature", "geometry": {"type": "Point", "coordinates": [139.770944, 35.693876]}, "properties": {"id": "bs-0381", "name": "神田駅前", "wheelchair": false}}, {"type": "Feature", "geometry": {"type": "Point", "coordinates": [139.762076, 35.692809]}, "properties": {"id": "bs-0382", "name": "神田錦町", "wheelchair": false}}, {"type": "Feature", "geometry": {"type": "Point", "coordinates": [139.763619, 35.687516]}, "properties": {"id": "bs-0383", "name": "神田橋", "wheelchair": false}}, {"type": "Feature", "geometry": {"type": "Point", "coordinates": [139.766703, 35.70121]}, "properties": {"id": "bs-0384", "name": "神田明神前", "wheelchair": false}}, {"type": "Feature", "geometry": {"type": "Point", "coordinates": [139.705332, 35.673485]}, "properties": {"id": "bs-0385", "name": "原宿外苑中学校前", "wheelchair": false}}, {"type": "Feature", "geometry": {"type": "Point", "coordinates": [139.712223, 35.715871]}, "properties": {"id": "bs-0387", "name": "学習院下", "wheelchair": false}}, {"type": "Feature", "geometry": {"type": "Point", "coordinates": [139.804549, 35.731463]}, "properties": {"id": "bs-0388", "name": "南千住清掃車車庫前", "wheelchair": false}}, {"type": "Feature", "geometry": {"type": "Point", "coordinates": [139.831943, 35.671856]}, "properties": {"id": "bs-0389", "name": "学校通り", "wheelchair": false}}, {"type": "Feature", "geometry": {"type": "Point", "coordinates": [139.721646, 35.703037]}, "properties": {"id": "bs-0391", "name": "喜久井町", "wheelchair": false}}, {"type": "Feature", "geometry": {"type": "Point", "coordinates": [139.805417, 35.688451]}, "properties": {"id": "bs-0392", "name": "菊川駅前", "wheelchair": false}}, {"type": "Feature", "geometry": {"type": "Point", "coordinates": [139.802574, 35.688143]}, "properties": {"id": "bs-0393", "name": "菊川一丁目", "wheelchair": false}}, {"type": "Feature", "geometry": {"type": "Point", "coordinates": [139.80791, 35.688417]}, "properties": {"id": "bs-0394", "name": "菊川三丁目", "wheelchair": false}}, {"type": "Feature", "geometry": {"type": "Point", "coordinates": [139.754664, 35.711429]}, "properties": {"id": "bs-0395", "name": "菊坂下", "wheelchair": false}}, {"type": "Feature", "geometry": {"type": "Point", "coordinates": [139.787442, 35.71056]}, "properties": {"id": "bs-0396", "name": "菊屋橋", "wheelchair": false}}, {"type": "Feature", "geometry": {"type": "Point", "coordinates": [139.36507, 35.763967]}, "properties": {"id": "bs-0397", "name": "岸", "wheelchair": false}}, {"type": "Feature", "geometry": {"type": "Point", "coordinates": [139.715656, 35.717988]}, "properties": {"id": "bs-0398", "name": "鬼子母神前", "wheelchair": false}}, {"type": "Feature", "geometry": {"type": "Point", "coordinates": [139.715175, 35.669679]}, "properties": {"id": "bs-0400", "name": "北青山三丁目", "wheelchair": false}}, {"type": "Feature", "geometry": {"type": "Point", "coordinates": [139.245237, 35.819059]}, "properties": {"id": "bs-0402", "name": "坂下", "wheelchair": false}}, {"type": "Feature", "geometry": {"type": "Point", "coordinates": [139.734752, 35.768589]}, "properties": {"id": "bs-0403", "name": "北区神谷町", "wheelchair": false}}, {"type": "Feature", "geometry": {"type": "Point", "coordinates": [139.704619, 35.679394]}, "properties": {"id": "bs-0404", "name": "北参道", "wheelchair": false}}, {"type": "Feature", "geometry": {"type": "Point", "coordinates": [139.725787, 35.644471]}, "properties": {"id": "bs-0405", "name": "北里研究所前", "wheelchair": false}}, {"type": "Feature", "geometry": {"type": "Point", "coordinates": [139.73302, 35.773841]}, "properties": {"id": "bs-0407", "name": "北車庫前", "wheelchair": false}}, {"type": "Feature", "geometry": {"type": "Point", "coordinates": [139.822539, 35.680891]}, "properties": {"id": "bs-0409", "name": "北砂一丁目", "wheelchair": false}}, {"type": "Feature", "geometry": {"type": "Point", "coordinates": [139.827578, 35.679554]}, "properties": {"id": "bs-0410", "name": "北砂二丁目", "wheelchair": false}}, {"type": "Feature", "geometry": {"type": "Point", "coordinates": [139.827333, 35.681886]}, "properties": {"id": "bs-0411", "name": "北砂三丁目", "wheelchair": false}}, {"type": "Feature", "geometry": {"type": "Point", "coordinates": [139.83109, 35.6767]}, "properties": {"id": "bs-0412", "name": "北砂四丁目", "wheelchair": false}}, {"type": "Feature", "geometry": {"type": "Point", "coordinates": [139.83536, 35.681892]}, "properties": {"id": "bs-0413", "name": "北砂五丁目", "wheelchair": false}}, {"type": "Feature", "geometry": {"type": "Point", "coordinates": [139.835934, 35.683933]}, "properties": {"id": "bs-0414", "name": "北砂六丁目", "wheelchair": false}}, {"type": "Feature", "geometry": {"type": "Point", "coordinates": [139.834676, 35.679526]}, "properties": {"id": "bs-0415", "name": "北砂七丁目", "wheelchair": false}}, {"type": "Feature", "geometry": {"type": "Point", "coordinates": [139.804572, 35.749865]}, "properties": {"id": "bs-0416", "name": "北千住駅前", "wheelchair": false}}, {"type": "Feature", "geometry": {"type": "Point", "coordinates": [139.285887, 35.799539]}, "properties": {"id": "bs-0419", "name": "塩船観音入口", "wheelchair": false}}, {"type": "Feature", "geometry": {"type": "Point", "coordinates": [139.801503, 35.802492]}, "properties": {"id": "bs-0421", "name": "北保木間", "wheelchair": false}}, {"type": "Feature", "geometry": {"type": "Point", "coordinates": [139.752333, 35.727577]}, "properties": {"id": "bs-0422", "name": "吉祥寺前", "wheelchair": false}}, {"type": "Feature", "geometry": {"type": "Point", "coordinates": [139.832465, 35.72128]}, "properties": {"id": "bs-0423", "name": "東墨田会館前", "wheelchair": false}}, {"type": "Feature", "geometry": {"type": "Point", "coordinates": [139.805787, 35.66987]}, "properties": {"id": "bs-0425", "name": "木場駅前", "wheelchair": false}}, {"type": "Feature", "geometry": {"type": "Point", "coordinates": [139.803438, 35.66942]}, "properties": {"id": "bs-0426", "name": "木場二丁目", "wheelchair": false}}, {"type": "Feature", "geometry": {"type": "Point", "coordinates": [139.806351, 35.672825]}, "properties": {"id": "bs-0427", "name": "木場三丁目", "wheelchair": false}}, {"type": "Feature", "geometry": {"type": "Point", "coordinates": [139.80671, 35.674767]}, "properties": {"id": "bs-0428", "name": "木場四丁目", "wheelchair": false}}, {"type": "Feature", "geometry": {"type": "Point", "coordinates": [139.805111, 35.667518]}, "properties": {"id": "bs-0429", "name": "木場六丁目ギャザリア前", "wheelchair": false}}, {"type": "Feature", "geometry": {"type": "Point", "coordinates": [139.840494, 35.67487]}, "properties": {"id": "bs-0430", "name": "旧葛西橋", "wheelchair": false}}, {"type": "Feature", "geometry": {"type": "Point", "coordinates": [139.237465, 35.830004]}, "properties": {"id": "bs-0431", "name": "久道", "wheelchair": false}}, {"type": "Feature", "geometry": {"type": "Point", "coordinates": [139.798593, 35.792732]}, "properties": {"id": "bs-0432", "name": "旧道交差点", "wheelchair": false}}, {"type": "Feature", "geometry": {"type": "Point", "coordinates": [139.254993, 35.78262]}, "properties": {"id": "bs-0433", "name": "郷土博物館入口", "wheelchair": false}}, {"type": "Feature", "geometry": {"type": "Point", "coordinates": [139.803387, 35.728886]}, "properties": {"id": "bs-0435", "name": "清川", "wheelchair": false}}, {"type": "Feature", "geometry": {"type": "Point", "coordinates": [139.801132, 35.725795]}, "properties": {"id": "bs-0436", "name": "清川二丁目", "wheelchair": false}}, {"type": "Feature", "geometry": {"type": "Point", "coordinates": [139.78941, 35.684082]}, "properties": {"id": "bs-0437", "name": "清洲橋", "wheelchair": false}}, {"type": "Feature", "geometry": {"type": "Point", "coordinates": [139.798818, 35.680933]}, "properties": {"id": "bs-0438", "name": "清澄庭園前", "wheelchair": false}}, {"type": "Feature", "geometry": {"type": "Point", "coordinates": [139.795494, 35.681773]}, "properties": {"id": "bs-0439", "name": "清澄一丁目", "wheelchair": false}}, {"type": "Feature", "geometry": {"type": "Point", "coordinates": [139.798834, 35.682577]}, "properties": {"id": "bs-0440", "name": "清澄白河駅前", "wheelchair": false}}, {"type": "Feature", "geometry": {"type": "Point", "coordinates": [139.814753, 35.699229]}, "properties": {"id": "bs-0441", "name": "錦糸公園前", "wheelchair": false}}, {"type": "Feature", "geometry": {"type": "Point", "coordinates": [139.814529, 35.695894]}, "properties": {"id": "bs-0442", "name": "錦糸町駅前", "wheelchair": false}}, {"type": "Feature", "geometry": {"type": "Point", "coordinates": [139.815312, 35.694386]}, "properties": {"id": "bs-0443", "name": "錦糸堀", "wheelchair": false}}, {"type": "Feature", "geometry": {"type": "Point", "coordinates": [139.735933, 35.644574]}, "properties": {"id": "bs-0444", "name": "魚籃坂下", "wheelchair": false}}, {"type": "Feature", "geometry": {"type": "Point", "coordinates": [139.761623, 35.670877]}, "properties": {"id": "bs-0445", "name": "銀座西六丁目", "wheelchair": false}}, {"type": "Feature", "geometry": {"type": "Point", "coordinates": [139.766461, 35.670244]}, "properties": {"id": "bs-0448", "name": "銀座四丁目", "wheelchair": false}}, {"type": "Feature", "geometry": {"type": "Point", "coordinates": [139.763577, 35.669695]}, "properties": {"id": "bs-0449", "name": "銀座六丁目", "wheelchair": false}}, {"type": "Feature", "geometry": {"type": "Point", "coordinates": [139.745619, 35.694133]}, "properties": {"id": "bs-0451", "name": "九段上", "wheelchair": false}}, {"type": "Feature", "geometry": {"type": "Point", "coordinates": [139.751118, 35.695913]}, "properties": {"id": "bs-0452", "name": "九段下", "wheelchair": false}}, {"type": "Feature", "geometry": {"type": "Point", "coordinates": [139.742611, 35.692861]}, "properties": {"id": "bs-0453", "name": "九段三丁目", "wheelchair": false}}, {"type": "Feature", "geometry": {"type": "Point", "coordinates": [139.769523, 35.748292]}, "properties": {"id": "bs-0454", "name": "熊野前", "wheelchair": false}}, {"type": "Feature", "geometry": {"type": "Point", "coordinates": [139.490946, 35.730767]}, "properties": {"id": "bs-0455", "name": "熊野宮前", "wheelchair": false}}, {"type": "Feature", "geometry": {"type": "Point", "coordinates": [139.709838, 35.697584]}, "properties": {"id": "bs-0456", "name": "東新宿保健センター前", "wheelchair": false}}, {"type": "Feature", "geometry": {"type": "Point", "coordinates": [139.78836, 35.700728]}, "properties": {"id": "bs-0457", "name": "蔵前一丁目", "wheelchair": false}}, {"type": "Feature", "geometry": {"type": "Point", "coordinates": [139.790589, 35.703109]}, "properties": {"id": "bs-0458", "name": "蔵前二丁目", "wheelchair": false}}, {"type": "Feature", "geometry": {"type": "Point", "coordinates": [139.783304, 35.778183]}, "properties": {"id": "bs-0459", "name": "栗原町", "wheelchair": false}}, {"type": "Feature", "geometry": {"type": "Point", "coordinates": [139.254058, 35.813307]}, "properties": {"id": "bs-0460", "name": "黒沢", "wheelchair": false}}, {"type": "Feature", "geometry": {"type": "Point", "coordinates": [139.264432, 35.813861]}, "properties": {"id": "bs-0461", "name": "黒沢神社前", "wheelchair": false}}, {"type": "Feature", "geometry": {"type": "Point", "coordinates": [139.875685, 35.671345]}, "properties": {"id": "bs-0462", "name": "桑川町", "wheelchair": false}}, {"type": "Feature", "geometry": {"type": "Point", "coordinates": [139.720781, 35.711414]}, "properties": {"id": "bs-0463", "name": "グランド坂下", "wheelchair": false}}, {"type": "Feature", "geometry": {"type": "Point", "coordinates": [139.742669, 35.648036]}, "properties": {"id": "bs-0464", "name": "慶応義塾大前", "wheelchair": false}}, {"type": "Feature", "geometry": {"type": "Point", "coordinates": [139.751829, 35.677508]}, "properties": {"id": "bs-0466", "name": "警視庁前", "wheelchair": false}}, {"type": "Feature", "geometry": {"type": "Point", "coordinates": [139.797815, 35.742801]}, "properties": {"id": "bs-0467", "name": "京成中組", "wheelchair": false}}, {"type": "Feature", "geometry": {"type": "Point", "coordinates": [139.867867, 35.701884]}, "properties": {"id": "bs-0468", "name": "京葉交差点", "wheelchair": false}}, {"type": "Feature", "geometry": {"type": "Point", "coordinates": [139.777906, 35.629583]}, "properties": {"id": "bs-0469", "name": "お台場海浜公園駅前", "wheelchair": false}}, {"type": "Feature", "geometry": {"type": "Point", "coordinates": [139.751332, 35.712459]}, "properties": {"id": "bs-0472", "name": "小石川二丁目", "wheelchair": false}}, {"type": "Feature", "geometry": {"type": "Point", "coordinates": [139.749018, 35.714283]}, "properties": {"id": "bs-0473", "name": "小石川三丁目", "wheelchair": false}}, {"type": "Feature", "geometry": {"type": "Point", "coordinates": [139.740805, 35.714253]}, "properties": {"id": "bs-0474", "name": "小石川四丁目", "wheelchair": false}}, {"type": "Feature", "geometry": {"type": "Point", "coordinates": [139.883159, 35.724512]}, "properties": {"id": "bs-0475", "name": "小岩駅入口", "wheelchair": false}}, {"type": "Feature", "geometry": {"type": "Point", "coordinates": [139.88319, 35.725559]}, "properties": {"id": "bs-0476", "name": "小岩駅通り", "wheelchair": false}}, {"type": "Feature", "geometry": {"type": "Point", "coordinates": [139.881972, 35.732515]}, "properties": {"id": "bs-0477", "name": "小岩駅前", "wheelchair": false}}, {"type": "Feature", "geometry": {"type": "Point", "coordinates": [139.654938, 35.704906]}, "properties": {"id": "bs-0478", "name": "高円寺駅入口", "wheelchair": false}}, {"type": "Feature", "geometry": {"type": "Point", "coordinates": [139.654904, 35.700453]}, "properties": {"id": "bs-0479", "name": "高円寺体育館前", "wheelchair": false}}, {"type": "Feature", "geometry": {"type": "Point", "coordinates": [139.659205, 35.697894]}, "properties": {"id": "bs-0480", "name": "高円寺南一丁目", "wheelchair": false}}, {"type": "Feature", "geometry": {"type": "Point", "coordinates": [139.65459, 35.701847]}, "properties": {"id": "bs-0481", "name": "高円寺南四丁目", "wheelchair": false}}, {"type": "Feature", "geometry": {"type": "Point", "coordinates": [139.823907, 35.641731]}, "properties": {"id": "bs-0483", "name": "新木場埠頭公園前", "wheelchair": false}}, {"type": "Feature", "geometry": {"type": "Point", "coordinates": [139.794824, 35.792862]}, "properties": {"id": "bs-0484", "name": "公園前", "wheelchair": false}}, {"type": "Feature", "geometry": {"type": "Point", "coordinates": [139.869899, 35.718021]}, "properties": {"id": "bs-0485", "name": "光照寺", "wheelchair": false}}, {"type": "Feature", "geometry": {"type": "Point", "coordinates": [139.428197, 35.746172]}, "properties": {"id": "bs-0486", "name": "庚申塚", "wheelchair": false}}, {"type": "Feature", "geometry": {"type": "Point", "coordinates": [139.740506, 35.684051]}, "properties": {"id": "bs-0487", "name": "麹町二丁目", "wheelchair": false}}, {"type": "Feature", "geometry": {"type": "Point", "coordinates": [139.738223, 35.683526]}, "properties": {"id": "bs-0488", "name": "麹町四丁目", "wheelchair": false}}, {"type": "Feature", "geometry": {"type": "Point", "coordinates": [139.733552, 35.6845]}, "properties": {"id": "bs-0489", "name": "麹町五丁目", "wheelchair": false}}, {"type": "Feature", "geometry": {"type": "Point", "coordinates": [139.710568, 35.691354]}, "properties": {"id": "bs-0490", "name": "新宿一丁目北", "wheelchair": false}}, {"type": "Feature", "geometry": {"type": "Point", "coordinates": [139.816397, 35.672445]}, "properties": {"id": "bs-0491", "name": "江東区役所前", "wheelchair": false}}, {"type": "Feature", "geometry": {"type": "Point", "coordinates": [139.818575, 35.689012]}, "properties": {"id": "bs-0492", "name": "江東公会堂前", "wheelchair": false}}, {"type": "Feature", "geometry": {"type": "Point", "coordinates": [139.817532, 35.695691]}, "properties": {"id": "bs-0493", "name": "江東車庫前", "wheelchair": false}}, {"type": "Feature", "geometry": {"type": "Point", "coordinates": [139.810308, 35.695455]}, "properties": {"id": "bs-0494", "name": "江東橋", "wheelchair": false}}, {"type": "Feature", "geometry": {"type": "Point", "coordinates": [139.809574, 35.694178]}, "properties": {"id": "bs-0495", "name": "江東橋一丁目", "wheelchair": false}}, {"type": "Feature", "geometry": {"type": "Point", "coordinates": [139.835215, 35.69198]}, "properties": {"id": "bs-0497", "name": "城東特別支援学校前", "wheelchair": false}}, {"type": "Feature", "geometry": {"type": "Point", "coordinates": [139.75401, 35.631215]}, "properties": {"id": "bs-0498", "name": "港南大橋", "wheelchair": false}}, {"type": "Feature", "geometry": {"type": "Point", "coordinates": [139.747667, 35.631742]}, "properties": {"id": "bs-0500", "name": "港南中学校前", "wheelchair": false}}, {"type": "Feature", "geometry": {"type": "Point", "coordinates": [139.745186, 35.632302]}, "properties": {"id": "bs-0501", "name": "港南一丁目", "wheelchair": false}}, {"type": "Feature", "geometry": {"type": "Point", "coordinates": [139.750758, 35.634571]}, "properties": {"id": "bs-0502", "name": "港南三丁目", "wheelchair": false}}, {"type": "Feature", "geometry": {"type": "Point", "coordinates": [139.754154, 35.626182]}, "properties": {"id": "bs-0503", "name": "港南五丁目", "wheelchair": false}}, {"type": "Feature", "geometry": {"type": "Point", "coordinates": [139.762036, 35.767782]}, "properties": {"id": "bs-0504", "name": "荒川土手", "wheelchair": false}}, {"type": "Feature", "geometry": {"type": "Point", "coordinates": [139.769905, 35.782349]}, "properties": {"id": "bs-0505", "name": "江北六丁目団地前", "wheelchair": false}}, {"type": "Feature", "geometry": {"type": "Point", "coordinates": [139.769305, 35.778071]}, "properties": {"id": "bs-0506", "name": "江北陸橋下", "wheelchair": false}}, {"type": "Feature", "geometry": {"type": "Point", "coordinates": [139.766728, 35.77093]}, "properties": {"id": "bs-0507", "name": "江北一丁目", "wheelchair": false}}, {"type": "Feature", "geometry": {"type": "Point", "coordinates": [139.770563, 35.772411]}, "properties": {"id": "bs-0508", "name": "江北四丁目", "wheelchair": false}}, {"type": "Feature", "geometry": {"type": "Point", "coordinates": [139.770005, 35.779766]}, "properties": {"id": "bs-0509", "name": "江北六丁目団地入口", "wheelchair": false}}, {"type": "Feature", "geometry": {"type": "Point", "coordinates": [139.273729, 35.794062]}, "properties": {"id": "bs-0510", "name": "光明寺下", "wheelchair": false}}, {"type": "Feature", "geometry": {"type": "Point", "coordinates": [139.754564, 35.704586]}, "properties": {"id": "bs-0512", "name": "後楽園", "wheelchair": false}}, {"type": "Feature", "geometry": {"type": "Point", "coordinates": [139.727442, 35.646877]}, "properties": {"id": "bs-0513", "name": "光林寺前", "wheelchair": false}}, {"type": "Feature", "geometry": {"type": "Point", "coordinates": [139.803032, 35.777884]}, "properties": {"id": "bs-0514", "name": "小右衛門町", "wheelchair": false}}, {"type": "Feature", "geometry": {"type": "Point", "coordinates": [139.217299, 35.836834]}, "properties": {"id": "bs-0515", "name": "小ヶ井橋", "wheelchair": false}}, {"type": "Feature", "geometry": {"type": "Point", "coordinates": [139.71099, 35.655462]}, "properties": {"id": "bs-0516", "name": "国学院大学前", "wheelchair": false}}, {"type": "Feature", "geometry": {"type": "Point", "coordinates": [139.71871, 35.701022]}, "properties": {"id": "bs-0518", "name": "戸山町", "wheelchair": false}}, {"type": "Feature", "geometry": {"type": "Point", "coordinates": [139.714472, 35.681525]}, "properties": {"id": "bs-0519", "name": "四谷第六小学校入口", "wheelchair": false}}, {"type": "Feature", "geometry": {"type": "Point", "coordinates": [139.666063, 35.726853]}, "properties": {"id": "bs-0520", "name": "合同住宅前", "wheelchair": false}}, {"type": "Feature", "geometry": {"type": "Point", "coordinates": [139.853332, 35.673952]}, "properties": {"id": "bs-0522", "name": "小島", "wheelchair": false}}, {"type": "Feature", "geometry": {"type": "Point", "coordinates": [139.856317, 35.67179]}, "properties": {"id": "bs-0523", "name": "北葛西二丁目", "wheelchair": false}}, {"type": "Feature", "geometry": {"type": "Point", "coordinates": [139.672795, 35.744179]}, "properties": {"id": "bs-0524", "name": "小竹町二丁目", "wheelchair": false}}, {"type": "Feature", "geometry": {"type": "Point", "coordinates": [139.463412, 35.730336]}, "properties": {"id": "bs-0525", "name": "小平第一小学校前", "wheelchair": false}}, {"type": "Feature", "geometry": {"type": "Point", "coordinates": [139.487662, 35.731447]}, "properties": {"id": "bs-0526", "name": "小平駅入口", "wheelchair": false}}, {"type": "Feature", "geometry": {"type": "Point", "coordinates": [139.488158, 35.736984]}, "properties": {"id": "bs-0527", "name": "小平駅前", "wheelchair": false}}, {"type": "Feature", "geometry": {"type": "Point", "coordinates": [139.484574, 35.730729]}, "properties": {"id": "bs-0528", "name": "なかまちテラス", "wheelchair": false}}, {"type": "Feature", "geometry": {"type": "Point", "coordinates": [139.512914, 35.730486]}, "properties": {"id": "bs-0529", "name": "小平合同庁舎前", "wheelchair": false}}, {"type": "Feature", "geometry": {"type": "Point", "coordinates": [139.487724, 35.732843]}, "properties": {"id": "bs-0530", "name": "小平仲町", "wheelchair": false}}, {"type": "Feature", "geometry": {"type": "Point", "coordinates": [139.744603, 35.677804]}, "properties": {"id": "bs-0531", "name": "国会議事堂前", "wheelchair": false}}, {"type": "Feature", "geometry": {"type": "Point", "coordinates": [139.778956, 35.690043]}, "properties": {"id": "bs-0532", "name": "小伝馬町", "wheelchair": false}}, {"type": "Feature", "geometry": {"type": "Point", "coordinates": [139.805183, 35.712085]}, "properties": {"id": "bs-0533", "name": "言問橋", "wheelchair": false}}, {"type": "Feature", "geometry": {"type": "Point", "coordinates": [139.79025, 35.706076]}, "properties": {"id": "bs-0534", "name": "寿三丁目", "wheelchair": false}}, {"type": "Feature", "geometry": {"type": "Point", "coordinates": [139.739003, 35.7164]}, "properties": {"id": "bs-0536", "name": "小日向四丁目", "wheelchair": false}}, {"type": "Feature", "geometry": {"type": "Point", "coordinates": [139.795487, 35.707999]}, "properties": {"id": "bs-0537", "name": "駒形橋", "wheelchair": false}}, {"type": "Feature", "geometry": {"type": "Point", "coordinates": [139.258644, 35.78245]}, "properties": {"id": "bs-0538", "name": "駒木町", "wheelchair": false}}, {"type": "Feature", "geometry": {"type": "Point", "coordinates": [139.25047, 35.783297]}, "properties": {"id": "bs-0539", "name": "駒木町三丁目", "wheelchair": false}}, {"type": "Feature", "geometry": {"type": "Point", "coordinates": [139.247728, 35.783909]}, "properties": {"id": "bs-0540", "name": "畑中一丁目", "wheelchair": false}}, {"type": "Feature", "geometry": {"type": "Point", "coordinates": [139.74715, 35.73585]}, "properties": {"id": "bs-0542", "name": "駒込駅南口", "wheelchair": false}}, {"type": "Feature", "geometry": {"type": "Point", "coordinates": [139.757547, 35.724636]}, "properties": {"id": "bs-0543", "name": "駒込千駄木町", "wheelchair": false}}, {"type": "Feature", "geometry": {"type": "Point", "coordinates": [139.760222, 35.724955]}, "properties": {"id": "bs-0544", "name": "千駄木一丁目", "wheelchair": false}}, {"type": "Feature", "geometry": {"type": "Point", "coordinates": [139.757457, 35.729911]}, "properties": {"id": "bs-0545", "name": "駒込病院前", "wheelchair": false}}, {"type": "Feature", "geometry": {"type": "Point", "coordinates": [139.751278, 35.729729]}, "properties": {"id": "bs-0546", "name": "駒込富士前", "wheelchair": false}}, {"type": "Feature", "geometry": {"type": "Point", "coordinates": [139.847357, 35.70259]}, "properties": {"id": "bs-0550", "name": "小松川区民館前", "wheelchair": false}}, {"type": "Feature", "geometry": {"type": "Point", "coordinates": [139.863829, 35.702103]}, "properties": {"id": "bs-0551", "name": "小松川警察署前", "wheelchair": false}}, {"type": "Feature", "geometry": {"type": "Point", "coordinates": [139.849799, 35.699437]}, "properties": {"id": "bs-0552", "name": "小松川三丁目", "wheelchair": false}}, {"type": "Feature", "geometry": {"type": "Point", "coordinates": [139.864891, 35.719485]}, "properties": {"id": "bs-0553", "name": "小松中学校前", "wheelchair": false}}, {"type": "Feature", "geometry": {"type": "Point", "coordinates": [139.678559, 35.748115]}, "properties": {"id": "bs-0555", "name": "小茂根", "wheelchair": false}}, {"type": "Feature", "geometry": {"type": "Point", "coordinates": [139.728895, 35.720844]}, "properties": {"id": "bs-0556", "name": "護国寺正門前", "wheelchair": false}}, {"type": "Feature", "geometry": {"type": "Point", "coordinates": [139.72606, 35.719913]}, "properties": {"id": "bs-0557", "name": "護国寺前", "wheelchair": false}}, {"type": "Feature", "geometry": {"type": "Point", "coordinates": [139.751841, 35.636662]}, "properties": {"id": "bs-0558", "name": "五色橋", "wheelchair": false}}, {"type": "Feature", "geometry": {"type": "Point", "coordinates": [139.724471, 35.62633]}, "properties": {"id": "bs-0559", "name": "五反田駅", "wheelchair": false}}, {"type": "Feature", "geometry": {"type": "Point", "coordinates": [139.725137, 35.625869]}, "properties": {"id": "bs-0560", "name": "東五反田一丁目", "wheelchair": false}}, {"type": "Feature", "geometry": {"type": "Point", "coordinates": [139.734899, 35.623059]}, "properties": {"id": "bs-0561", "name": "御殿山", "wheelchair": false}}, {"type": "Feature", "geometry": {"type": "Point", "coordinates": [139.769273, 35.684126]}, "properties": {"id": "bs-0562", "name": "呉服橋", "wheelchair": false}}, {"type": "Feature", "geometry": {"type": "Point", "coordinates": [139.720527, 35.677701]}, "properties": {"id": "bs-0563", "name": "権田原", "wheelchair": false}}, {"type": "Feature", "geometry": {"type": "Point", "coordinates": [139.827868, 35.677089]}, "properties": {"id": "bs-0565", "name": "境川", "wheelchair": false}}, {"type": "Feature", "geometry": {"type": "Point", "coordinates": [139.268399, 35.83173]}, "properties": {"id": "bs-0566", "name": "坂久橋", "wheelchair": false}}, {"type": "Feature", "geometry": {"type": "Point", "coordinates": [139.789403, 35.675337]}, "properties": {"id": "bs-0567", "name": "佐賀一丁目", "wheelchair": false}}, {"type": "Feature", "geometry": {"type": "Point", "coordinates": [139.778935, 35.754921]}, "properties": {"id": "bs-0568", "name": "桜木土手上", "wheelchair": false}}, {"type": "Feature", "geometry": {"type": "Point", "coordinates": [139.660611, 35.737093]}, "properties": {"id": "bs-0570", "name": "桜台駅前", "wheelchair": false}}, {"type": "Feature", "geometry": {"type": "Point", "coordinates": [139.774718, 35.67504]}, "properties": {"id": "bs-0571", "name": "桜橋", "wheelchair": false}}, {"type": "Feature", "geometry": {"type": "Point", "coordinates": [139.667191, 35.674554]}, "properties": {"id": "bs-0572", "name": "笹塚駅前", "wheelchair": false}}, {"type": "Feature", "geometry": {"type": "Point", "coordinates": [139.664246, 35.673667]}, "properties": {"id": "bs-0573", "name": "笹塚二丁目", "wheelchair": false}}, {"type": "Feature", "geometry": {"type": "Point", "coordinates": [139.720128, 35.684589]}, "properties": {"id": "bs-0574", "name": "左門町", "wheelchair": false}}, {"type": "Feature", "geometry": {"type": "Point", "coordinates": [139.430259, 35.742911]}, "properties": {"id": "bs-0575", "name": "中央二丁目", "wheelchair": false}}, {"type": "Feature", "geometry": {"type": "Point", "coordinates": [139.770249, 35.79217]}, "properties": {"id": "bs-0576", "name": "皿沼二丁目", "wheelchair": false}}, {"type": "Feature", "geometry": {"type": "Point", "coordinates": [139.810917, 35.686331]}, "properties": {"id": "bs-0577", "name": "猿江一丁目", "wheelchair": false}}, {"type": "Feature", "geometry": {"type": "Point", "coordinates": [139.81609, 35.685825]}, "properties": {"id": "bs-0578", "name": "猿江二丁目", "wheelchair": false}}, {"type": "Feature", "geometry": {"type": "Point", "coordinates": [139.871315, 35.6756]}, "properties": {"id": "bs-0579", "name": "三角", "wheelchair": false}}, {"type": "Feature", "geometry": {"type": "Point", "coordinates": [139.730707, 35.643814]}, "properties": {"id": "bs-0581", "name": "三光坂下", "wheelchair": false}}, {"type": "Feature", "geometry": {"type": "Point", "coordinates": [139.736575, 35.649957]}, "properties": {"id": "bs-0587", "name": "三ノ橋", "wheelchair": false}}, {"type": "Feature", "geometry": {"type": "Point", "coordinates": [139.805687, 35.737715]}, "properties": {"id": "bs-0590", "name": "南千住汐入", "wheelchair": false}}, {"type": "Feature", "geometry": {"type": "Point", "coordinates": [139.756137, 35.643361]}, "properties": {"id": "bs-0591", "name": "潮路橋", "wheelchair": false}}, {"type": "Feature", "geometry": {"type": "Point", "coordinates": [139.805254, 35.663321]}, "properties": {"id": "bs-0592", "name": "塩浜橋", "wheelchair": false}}, {"type": "Feature", "geometry": {"type": "Point", "coordinates": [139.800661, 35.659863]}, "properties": {"id": "bs-0593", "name": "塩浜一丁目", "wheelchair": false}}, {"type": "Feature", "geometry": {"type": "Point", "coordinates": [139.80613, 35.661587]}, "properties": {"id": "bs-0594", "name": "塩浜二丁目", "wheelchair": false}}, {"type": "Feature", "geometry": {"type": "Point", "coordinates": [139.811277, 35.655469]}, "properties": {"id": "bs-0595", "name": "潮見一丁目", "wheelchair": false}}, {"type": "Feature", "geometry": {"type": "Point", "coordinates": [139.749304, 35.778552]}, "properties": {"id": "bs-0596", "name": "鹿浜橋", "wheelchair": false}}, {"type": "Feature", "geometry": {"type": "Point", "coordinates": [139.75357, 35.778408]}, "properties": {"id": "bs-0597", "name": "鹿浜三丁目", "wheelchair": false}}, {"type": "Feature", "geometry": {"type": "Point", "coordinates": [139.755184, 35.778352]}, "properties": {"id": "bs-0598", "name": "鹿浜三丁目交差点", "wheelchair": false}}, {"type": "Feature", "geometry": {"type": "Point", "coordinates": [139.877003, 35.719909]}, "properties": {"id": "bs-0599", "name": "鹿本中学校前", "wheelchair": false}}, {"type": "Feature", "geometry": {"type": "Point", "coordinates": [139.788094, 35.724643]}, "properties": {"id": "bs-0600", "name": "下谷警察署前", "wheelchair": false}}, {"type": "Feature", "geometry": {"type": "Point", "coordinates": [139.780958, 35.711519]}, "properties": {"id": "bs-0601", "name": "下谷神社前", "wheelchair": false}}, {"type": "Feature", "geometry": {"type": "Point", "coordinates": [139.780873, 35.720849]}, "properties": {"id": "bs-0602", "name": "下谷二丁目", "wheelchair": false}}, {"type": "Feature", "geometry": {"type": "Point", "coordinates": [139.786499, 35.725021]}, "properties": {"id": "bs-0603", "name": "下谷三丁目", "wheelchair": false}}, {"type": "Feature", "geometry": {"type": "Point", "coordinates": [139.859222, 35.67993]}, "properties": {"id": "bs-0604", "name": "七軒町", "wheelchair": false}}, {"type": "Feature", "geometry": {"type": "Point", "coordinates": [139.741523, 35.628447]}, "properties": {"id": "bs-0605", "name": "品川駅港南口", "wheelchair": false}}, {"type": "Feature", "geometry": {"type": "Point", "coordinates": [139.737765, 35.627426]}, "properties": {"id": "bs-0606", "name": "品川駅高輪口", "wheelchair": false}}, {"type": "Feature", "geometry": {"type": "Point", "coordinates": [139.753348, 35.621018]}, "properties": {"id": "bs-0607", "name": "品川火力発電所前", "wheelchair": false}}, {"type": "Feature", "geometry": {"type": "Point", "coordinates": [139.740711, 35.622537]}, "properties": {"id": "bs-0608", "name": "品川車庫前", "wheelchair": false}}, {"type": "Feature", "geometry": {"type": "Point", "coordinates": [139.757601, 35.631507]}, "properties": {"id": "bs-0609", "name": "品川埠頭", "wheelchair": false}}, {"type": "Feature", "geometry": {"type": "Point", "coordinates": [139.757681, 35.629026]}, "properties": {"id": "bs-0610", "name": "品川埠頭岸壁入口", "wheelchair": false}}, {"type": "Feature", "geometry": {"type": "Point", "coordinates": [139.719321, 35.681542]}, "properties": {"id": "bs-0611", "name": "信濃町駅前", "wheelchair": false}}, {"type": "Feature", "geometry": {"type": "Point", "coordinates": [139.719602, 35.679475]}, "properties": {"id": "bs-0612", "name": "信濃町駅南口", "wheelchair": false}}, {"type": "Feature", "geometry": {"type": "Point", "coordinates": [139.904, 35.705975]}, "properties": {"id": "bs-0615", "name": "篠崎駅前", "wheelchair": false}}, {"type": "Feature", "geometry": {"type": "Point", "coordinates": [139.901842, 35.702999]}, "properties": {"id": "bs-0616", "name": "篠崎町七丁目", "wheelchair": false}}, {"type": "Feature", "geometry": {"type": "Point", "coordinates": [139.799906, 35.642476]}, "properties": {"id": "bs-0618", "name": "東雲小学校前", "wheelchair": false}}, {"type": "Feature", "geometry": {"type": "Point", "coordinates": [139.798395, 35.652375]}, "properties": {"id": "bs-0619", "name": "深川五中前", "wheelchair": false}}, {"type": "Feature", "geometry": {"type": "Point", "coordinates": [139.799854, 35.645517]}, "properties": {"id": "bs-0620", "name": "東雲都橋", "wheelchair": false}}, {"type": "Feature", "geometry": {"type": "Point", "coordinates": [139.801593, 35.649201]}, "properties": {"id": "bs-0621", "name": "東雲橋交差点", "wheelchair": false}}, {"type": "Feature", "geometry": {"type": "Point", "coordinates": [139.801586, 35.646797]}, "properties": {"id": "bs-0622", "name": "東雲一丁目", "wheelchair": false}}, {"type": "Feature", "geometry": {"type": "Point", "coordinates": [139.731206, 35.647194]}, "properties": {"id": "bs-0623", "name": "四ノ橋", "wheelchair": false}}, {"type": "Feature", "geometry": {"type": "Point", "coordinates": [139.75232, 35.643147]}, "properties": {"id": "bs-0625", "name": "芝浦二丁目", "wheelchair": false}}, {"type": "Feature", "geometry": {"type": "Point", "coordinates": [139.747259, 35.639643]}, "properties": {"id": "bs-0627", "name": "芝浦四丁目", "wheelchair": false}}, {"type": "Feature", "geometry": {"type": "Point", "coordinates": [139.748338, 35.65266]}, "properties": {"id": "bs-0631", "name": "芝園橋", "wheelchair": false}}, {"type": "Feature", "geometry": {"type": "Point", "coordinates": [139.700834, 35.660016]}, "properties": {"id": "bs-0634", "name": "渋谷駅西口", "wheelchair": false}}, {"type": "Feature", "geometry": {"type": "Point", "coordinates": [139.702216, 35.660168]}, "properties": {"id": "bs-0635", "name": "渋谷駅東口", "wheelchair": false}}, {"type": "Feature", "geometry": {"type": "Point", "coordinates": [139.702046, 35.65872]}, "properties": {"id": "bs-0636", "name": "渋谷駅前", "wheelchair": false}}, {"type": "Feature", "geometry": {"type": "Point", "coordinates": [139.699129, 35.663965]}, "properties": {"id": "bs-0638", "name": "渋谷区役所前", "wheelchair": false}}, {"type": "Feature", "geometry": {"type": "Point", "coordinates": [139.707507, 35.654156]}, "properties": {"id": "bs-0639", "name": "渋谷車庫前", "wheelchair": false}}, {"type": "Feature", "geometry": {"type": "Point", "coordinates": [139.710964, 35.648644]}, "properties": {"id": "bs-0640", "name": "渋谷橋", "wheelchair": false}}, {"type": "Feature", "geometry": {"type": "Point", "coordinates": [139.706471, 35.660603]}, "properties": {"id": "bs-0641", "name": "渋谷二丁目", "wheelchair": false}}, {"type": "Feature", "geometry": {"type": "Point", "coordinates": [139.80287, 35.783588]}, "properties": {"id": "bs-0642", "name": "島根町", "wheelchair": false}}, {"type": "Feature", "geometry": {"type": "Point", "coordinates": [139.79595, 35.778605]}, "properties": {"id": "bs-0643", "name": "島根三丁目", "wheelchair": false}}, {"type": "Feature", "geometry": {"type": "Point", "coordinates": [139.885314, 35.677633]}, "properties": {"id": "bs-0646", "name": "下今井", "wheelchair": false}}, {"type": "Feature", "geometry": {"type": "Point", "coordinates": [139.702577, 35.722498]}, "properties": {"id": "bs-0647", "name": "下落合三丁目", "wheelchair": false}}, {"type": "Feature", "geometry": {"type": "Point", "coordinates": [139.697891, 35.721873]}, "properties": {"id": "bs-0648", "name": "下落合四丁目", "wheelchair": false}}, {"type": "Feature", "geometry": {"type": "Point", "coordinates": [139.881631, 35.728537]}, "properties": {"id": "bs-0649", "name": "下小岩小学校前", "wheelchair": false}}, {"type": "Feature", "geometry": {"type": "Point", "coordinates": [139.865975, 35.720163]}, "properties": {"id": "bs-0650", "name": "下小松橋", "wheelchair": false}}, {"type": "Feature", "geometry": {"type": "Point", "coordinates": [139.225244, 35.78484]}, "properties": {"id": "bs-0651", "name": "下郷", "wheelchair": false}}, {"type": "Feature", "geometry": {"type": "Point", "coordinates": [139.761302, 35.741657]}, "properties": {"id": "bs-0652", "name": "下田端", "wheelchair": false}}, {"type": "Feature", "geometry": {"type": "Point", "coordinates": [139.242953, 35.783123]}, "properties": {"id": "bs-0655", "name": "畑中神社前", "wheelchair": false}}, {"type": "Feature", "geometry": {"type": "Point", "coordinates": [139.246114, 35.783932]}, "properties": {"id": "bs-0656", "name": "畑中下西", "wheelchair": false}}, {"type": "Feature", "geometry": {"type": "Point", "coordinates": [139.782266, 35.728212]}, "properties": {"id": "bs-0657", "name": "下根岸", "wheelchair": false}}, {"type": "Feature", "geometry": {"type": "Point", "coordinates": [139.292587, 35.838236]}, "properties": {"id": "bs-0658", "name": "下畑", "wheelchair": false}}, {"type": "Feature", "geometry": {"type": "Point", "coordinates": [139.278279, 35.837536]}, "properties": {"id": "bs-0660", "name": "成木一丁目自治会館前", "wheelchair": false}}, {"type": "Feature", "geometry": {"type": "Point", "coordinates": [139.280571, 35.837739]}, "properties": {"id": "bs-0661", "name": "成木一丁目四ツ角", "wheelchair": false}}, {"type": "Feature", "geometry": {"type": "Point", "coordinates": [139.732671, 35.77797]}, "properties": {"id": "bs-0663", "name": "志茂一丁目", "wheelchair": false}}, {"type": "Feature", "geometry": {"type": "Point", "coordinates": [139.729351, 35.78136]}, "properties": {"id": "bs-0664", "name": "志茂二丁目", "wheelchair": false}}, {"type": "Feature", "geometry": {"type": "Point", "coordinates": [139.829965, 35.718855]}, "properties": {"id": "bs-0665", "name": "社会福祉会館前", "wheelchair": false}}, {"type": "Feature", "geometry": {"type": "Point", "coordinates": [139.876226, 35.65789]}, "properties": {"id": "bs-0667", "name": "小学校通り", "wheelchair": false}}, {"type": "Feature", "geometry": {"type": "Point", "coordinates": [139.450766, 35.731332]}, "properties": {"id": "bs-0668", "name": "小川寺前", "wheelchair": false}}, {"type": "Feature", "geometry": {"type": "Point", "coordinates": [139.808553, 35.737208]}, "properties": {"id": "bs-0669", "name": "汐入公園前", "wheelchair": false}}, {"type": "Feature", "geometry": {"type": "Point", "coordinates": [139.7476, 35.616467]}, "properties": {"id": "bs-0671", "name": "昭和橋", "wheelchair": false}}, {"type": "Feature", "geometry": {"type": "Point", "coordinates": [139.504013, 35.730656]}, "properties": {"id": "bs-0672", "name": "昭和病院前", "wheelchair": false}}, {"type": "Feature", "geometry": {"type": "Point", "coordinates": [139.750966, 35.749211]}, "properties": {"id": "bs-0673", "name": "昭和町三丁目", "wheelchair": false}}, {"type": "Feature", "geometry": {"type": "Point", "coordinates": [139.744697, 35.627876]}, "properties": {"id": "bs-0674", "name": "食肉市場前", "wheelchair": false}}, {"type": "Feature", "geometry": {"type": "Point", "coordinates": [139.807344, 35.68244]}, "properties": {"id": "bs-0675", "name": "白河", "wheelchair": false}}, {"type": "Feature", "geometry": {"type": "Point", "coordinates": [139.80267, 35.682329]}, "properties": {"id": "bs-0676", "name": "白河二丁目", "wheelchair": false}}, {"type": "Feature", "geometry": {"type": "Point", "coordinates": [139.845625, 35.746732]}, "properties": {"id": "bs-0677", "name": "白鳥一丁目", "wheelchair": false}}, {"type": "Feature", "geometry": {"type": "Point", "coordinates": [139.847542, 35.748916]}, "properties": {"id": "bs-0678", "name": "白鳥四丁目", "wheelchair": false}}, {"type": "Feature", "geometry": {"type": "Point", "coordinates": [139.813706, 35.727052]}, "properties": {"id": "bs-0679", "name": "白鬚橋東", "wheelchair": false}}, {"type": "Feature", "geometry": {"type": "Point", "coordinates": [139.723132, 35.636497]}, "properties": {"id": "bs-0680", "name": "白金台五丁目", "wheelchair": false}}, {"type": "Feature", "geometry": {"type": "Point", "coordinates": [139.733667, 35.64311]}, "properties": {"id": "bs-0681", "name": "白金高輪駅前", "wheelchair": false}}, {"type": "Feature", "geometry": {"type": "Point", "coordinates": [139.721429, 35.642769]}, "properties": {"id": "bs-0682", "name": "白金六丁目", "wheelchair": false}}, {"type": "Feature", "geometry": {"type": "Point", "coordinates": [139.728362, 35.636773]}, "properties": {"id": "bs-0683", "name": "白金小学校前", "wheelchair": false}}, {"type": "Feature", "geometry": {"type": "Point", "coordinates": [139.699583, 35.701574]}, "properties": {"id": "bs-0684", "name": "新大久保駅前", "wheelchair": false}}, {"type": "Feature", "geometry": {"type": "Point", "coordinates": [139.729887, 35.726558]}, "properties": {"id": "bs-0685", "name": "新大塚", "wheelchair": false}}, {"type": "Feature", "geometry": {"type": "Point", "coordinates": [139.794758, 35.687879]}, "properties": {"id": "bs-0686", "name": "新大橋", "wheelchair": false}}, {"type": "Feature", "geometry": {"type": "Point", "coordinates": [139.883996, 35.673362]}, "properties": {"id": "bs-0687", "name": "新川口", "wheelchair": false}}, {"type": "Feature", "geometry": {"type": "Point", "coordinates": [139.783148, 35.678374]}, "properties": {"id": "bs-0688", "name": "新川一丁目", "wheelchair": false}}, {"type": "Feature", "geometry": {"type": "Point", "coordinates": [139.781101, 35.67476]}, "properties": {"id": "bs-0689", "name": "新川二丁目", "wheelchair": false}}, {"type": "Feature", "geometry": {"type": "Point", "coordinates": [139.82651, 35.645327]}, "properties": {"id": "bs-0690", "name": "新木場駅前（構内）", "wheelchair": false}}, {"type": "Feature", "geometry": {"type": "Point", "coordinates": [139.825462, 35.645613]}, "properties": {"id": "bs-0691", "name": "新木場駅前（明治通り）", "wheelchair": false}}, {"type": "Feature", "geometry": {"type": "Point", "coordinates": [139.857822, 35.718294]}, "properties": {"id": "bs-0695", "name": "新小岩駅北口", "wheelchair": false}}, {"type": "Feature", "geometry": {"type": "Point", "coordinates": [139.858269, 35.716366]}, "properties": {"id": "bs-0696", "name": "新小岩駅前", "wheelchair": false}}, {"type": "Feature", "geometry": {"type": "Point", "coordinates": [139.861455, 35.714907]}, "properties": {"id": "bs-0697", "name": "新小岩一丁目", "wheelchair": false}}, {"type": "Feature", "geometry": {"type": "Point", "coordinates": [139.861521, 35.717835]}, "properties": {"id": "bs-0698", "name": "新小岩二丁目", "wheelchair": false}}, {"type": "Feature", "geometry": {"type": "Point", "coordinates": [139.648369, 35.697927]}, "properties": {"id": "bs-0699", "name": "新高円寺", "wheelchair": false}}, {"type": "Feature", "geometry": {"type": "Point", "coordinates": [139.731233, 35.740652]}, "properties": {"id": "bs-0700", "name": "新庚申塚", "wheelchair": false}}, {"type": "Feature", "geometry": {"type": "Point", "coordinates": [139.470677, 35.730299]}, "properties": {"id": "bs-0701", "name": "新小平駅前", "wheelchair": false}}, {"type": "Feature", "geometry": {"type": "Point", "coordinates": [139.697999, 35.692568]}, "properties": {"id": "bs-0702", "name": "新宿駅西口", "wheelchair": false}}, {"type": "Feature", "geometry": {"type": "Point", "coordinates": [139.701215, 35.692446]}, "properties": {"id": "bs-0703", "name": "新宿駅東口", "wheelchair": false}}, {"type": "Feature", "geometry": {"type": "Point", "coordinates": [139.705281, 35.691726]}, "properties": {"id": "bs-0705", "name": "新宿伊勢丹前", "wheelchair": false}}, {"type": "Feature", "geometry": {"type": "Point", "coordinates": [139.688735, 35.681564]}, "properties": {"id": "bs-0708", "name": "東京オペラシティ南", "wheelchair": false}}, {"type": "Feature", "geometry": {"type": "Point", "coordinates": [139.708625, 35.703829]}, "properties": {"id": "bs-0709", "name": "新宿コズミックセンター前", "wheelchair": false}}, {"type": "Feature", "geometry": {"type": "Point", "coordinates": [139.713199, 35.687947]}, "properties": {"id": "bs-0711", "name": "新宿一丁目(しんじゅくいっちょうめ)", "wheelchair": false}}, {"type": "Feature", "geometry": {"type": "Point", "coordinates": [139.71033, 35.688547]}, "properties": {"id": "bs-0712", "name": "新宿二丁目", "wheelchair": false}}, {"type": "Feature", "geometry": {"type": "Point", "coordinates": [139.706821, 35.690625]}, "properties": {"id": "bs-0713", "name": "新宿三丁目", "wheelchair": false}}, {"type": "Feature", "geometry": {"type": "Point", "coordinates": [139.703648, 35.689233]}, "properties": {"id": "bs-0714", "name": "新宿四丁目", "wheelchair": false}}, {"type": "Feature", "geometry": {"type": "Point", "coordinates": [139.70492, 35.692821]}, "properties": {"id": "bs-0715", "name": "新宿五丁目", "wheelchair": false}}, {"type": "Feature", "geometry": {"type": "Point", "coordinates": [139.824133, 35.658434]}, "properties": {"id": "bs-0717", "name": "新砂一丁目", "wheelchair": false}}, {"type": "Feature", "geometry": {"type": "Point", "coordinates": [139.824916, 35.665618]}, "properties": {"id": "bs-0718", "name": "新砂二丁目", "wheelchair": false}}, {"type": "Feature", "geometry": {"type": "Point", "coordinates": [139.660489, 35.662921]}, "properties": {"id": "bs-0719", "name": "新代田駅前", "wheelchair": false}}, {"type": "Feature", "geometry": {"type": "Point", "coordinates": [139.785872, 35.665343]}, "properties": {"id": "bs-0720", "name": "月島駅前", "wheelchair": false}}, {"type": "Feature", "geometry": {"type": "Point", "coordinates": [139.868505, 35.655878]}, "properties": {"id": "bs-0721", "name": "新田", "wheelchair": false}}, {"type": "Feature", "geometry": {"type": "Point", "coordinates": [139.706831, 35.69566]}, "properties": {"id": "bs-0722", "name": "日清食品前", "wheelchair": false}}, {"type": "Feature", "geometry": {"type": "Point", "coordinates": [139.740343, 35.774077]}, "properties": {"id": "bs-0723", "name": "環七新田", "wheelchair": false}}, {"type": "Feature", "geometry": {"type": "Point", "coordinates": [139.861049, 35.657273]}, "properties": {"id": "bs-0724", "name": "新田住宅", "wheelchair": false}}, {"type": "Feature", "geometry": {"type": "Point", "coordinates": [139.753603, 35.768797]}, "properties": {"id": "bs-0725", "name": "新田土手通り", "wheelchair": false}}, {"type": "Feature", "geometry": {"type": "Point", "coordinates": [139.741773, 35.766025]}, "properties": {"id": "bs-0726", "name": "新田橋", "wheelchair": false}}, {"type": "Feature", "geometry": {"type": "Point", "coordinates": [139.738402, 35.775349]}, "properties": {"id": "bs-0727", "name": "新田一丁目", "wheelchair": false}}, {"type": "Feature", "geometry": {"type": "Point", "coordinates": [139.742306, 35.772584]}, "properties": {"id": "bs-0728", "name": "新田二丁目", "wheelchair": false}}, {"type": "Feature", "geometry": {"type": "Point", "coordinates": [139.74361, 35.770238]}, "properties": {"id": "bs-0729", "name": "新田三丁目", "wheelchair": false}}, {"type": "Feature", "geometry": {"type": "Point", "coordinates": [139.749204, 35.621538]}, "properties": {"id": "bs-0730", "name": "新東海橋", "wheelchair": false}}, {"type": "Feature", "geometry": {"type": "Point", "coordinates": [139.773504, 35.671744]}, "properties": {"id": "bs-0732", "name": "新富町", "wheelchair": false}}, {"type": "Feature", "geometry": {"type": "Point", "coordinates": [139.368495, 35.761648]}, "properties": {"id": "bs-0733", "name": "新道", "wheelchair": false}}, {"type": "Feature", "geometry": {"type": "Point", "coordinates": [139.668455, 35.697539]}, "properties": {"id": "bs-0734", "name": "新中野駅前", "wheelchair": false}}, {"type": "Feature", "geometry": {"type": "Point", "coordinates": [139.742154, 35.596679]}, "properties": {"id": "bs-0735", "name": "新浜川橋", "wheelchair": false}}, {"type": "Feature", "geometry": {"type": "Point", "coordinates": [139.758461, 35.666933]}, "properties": {"id": "bs-0736", "name": "新橋", "wheelchair": false}}, {"type": "Feature", "geometry": {"type": "Point", "coordinates": [139.758506, 35.666884]}, "properties": {"id": "bs-0737", "name": "新橋駅前", "wheelchair": false}}, {"type": "Feature", "geometry": {"type": "Point", "coordinates": [139.757063, 35.662854]}, "properties": {"id": "bs-0739", "name": "新橋五丁目", "wheelchair": false}}, {"type": "Feature", "geometry": {"type": "Point", "coordinates": [139.753931, 35.660284]}, "properties": {"id": "bs-0740", "name": "新橋六丁目", "wheelchair": false}}, {"type": "Feature", "geometry": {"type": "Point", "coordinates": [139.298598, 35.787775]}, "properties": {"id": "bs-0741", "name": "新町天神社前", "wheelchair": false}}, {"type": "Feature", "geometry": {"type": "Point", "coordinates": [139.773498, 35.737632]}, "properties": {"id": "bs-0743", "name": "新三河島駅前", "wheelchair": false}}, {"type": "Feature", "geometry": {"type": "Point", "coordinates": [139.400008, 35.755337]}, "properties": {"id": "bs-0744", "name": "神明二丁目", "wheelchair": false}}, {"type": "Feature", "geometry": {"type": "Point", "coordinates": [139.760848, 35.756399]}, "properties": {"id": "bs-0745", "name": "小台二丁目", "wheelchair": false}}, {"type": "Feature", "geometry": {"type": "Point", "coordinates": [139.871269, 35.712594]}, "properties": {"id": "bs-0746", "name": "森林公園前", "wheelchair": false}}, {"type": "Feature", "geometry": {"type": "Point", "coordinates": [139.783716, 35.755402]}, "properties": {"id": "bs-0747", "name": "新渡し", "wheelchair": false}}, {"type": "Feature", "geometry": {"type": "Point", "coordinates": [139.710771, 35.65665]}, "properties": {"id": "bs-0749", "name": "実践女子学園前", "wheelchair": false}}, {"type": "Feature", "geometry": {"type": "Point", "coordinates": [139.719998, 35.765458]}, "properties": {"id": "bs-0750", "name": "十条仲原二丁目", "wheelchair": false}}, {"type": "Feature", "geometry": {"type": "Point", "coordinates": [139.817434, 35.708166]}, "properties": {"id": "bs-0751", "name": "十間橋", "wheelchair": false}}, {"type": "Feature", "geometry": {"type": "Point", "coordinates": [139.820641, 35.71095]}, "properties": {"id": "bs-0752", "name": "十間橋通り", "wheelchair": false}}, {"type": "Feature", "geometry": {"type": "Point", "coordinates": [139.761776, 35.70298]}, "properties": {"id": "bs-0754", "name": "順天堂病院前", "wheelchair": false}}, {"type": "Feature", "geometry": {"type": "Point", "coordinates": [139.825965, 35.692559]}, "properties": {"id": "bs-0755", "name": "五ノ橋", "wheelchair": false}}, {"type": "Feature", "geometry": {"type": "Point", "coordinates": [139.292216, 35.828451]}, "properties": {"id": "bs-0757", "name": "常福寺入口", "wheelchair": false}}, {"type": "Feature", "geometry": {"type": "Point", "coordinates": [139.707331, 35.671184]}, "properties": {"id": "bs-0758", "name": "神宮前一丁目", "wheelchair": false}}, {"type": "Feature", "geometry": {"type": "Point", "coordinates": [139.712623, 35.672762]}, "properties": {"id": "bs-0759", "name": "神宮前二丁目", "wheelchair": false}}, {"type": "Feature", "geometry": {"type": "Point", "coordinates": [139.703473, 35.665745]}, "properties": {"id": "bs-0760", "name": "神宮前六丁目", "wheelchair": false}}, {"type": "Feature", "geometry": {"type": "Point", "coordinates": [139.758434, 35.694954]}, "properties": {"id": "bs-0761", "name": "神保町", "wheelchair": false}}, {"type": "Feature", "geometry": {"type": "Point", "coordinates": [139.75774, 35.697005]}, "properties": {"id": "bs-0762", "name": "神保町二丁目", "wheelchair": false}}, {"type": "Feature", "geometry": {"type": "Point", "coordinates": [139.867285, 35.678615]}, "properties": {"id": "bs-0763", "name": "陣屋橋", "wheelchair": false}}, {"type": "Feature", "geometry": {"type": "Point", "coordinates": [139.755321, 35.632184]}, "properties": {"id": "bs-0764", "name": "高輪消防署港南出張所入口", "wheelchair": false}}, {"type": "Feature", "geometry": {"type": "Point", "coordinates": [139.801513, 35.806067]}, "properties": {"id": "bs-0765", "name": "水神", "wheelchair": false}}, {"type": "Feature", "geometry": {"type": "Point", "coordinates": [139.828669, 35.696602]}, "properties": {"id": "bs-0766", "name": "水神森", "wheelchair": false}}, {"type": "Feature", "geometry": {"type": "Point", "coordinates": [139.76847, 35.712178]}, "properties": {"id": "bs-0767", "name": "池之端一丁目", "wheelchair": false}}, {"type": "Feature", "geometry": {"type": "Point", "coordinates": [139.783701, 35.683294]}, "properties": {"id": "bs-0768", "name": "水天宮前", "wheelchair": false}}, {"type": "Feature", "geometry": {"type": "Point", "coordinates": [139.74626, 35.636308]}, "properties": {"id": "bs-0769", "name": "芝浦水再生センター前", "wheelchair": false}}, {"type": "Feature", "geometry": {"type": "Point", "coordinates": [139.755279, 35.701158]}, "properties": {"id": "bs-0771", "name": "水道橋駅前", "wheelchair": false}}, {"type": "Feature", "geometry": {"type": "Point", "coordinates": [139.738132, 35.734058]}, "properties": {"id": "bs-0773", "name": "巣鴨駅前", "wheelchair": false}}, {"type": "Feature", "geometry": {"type": "Point", "coordinates": [139.74041, 35.732158]}, "properties": {"id": "bs-0774", "name": "巣鴨駅南口", "wheelchair": false}}, {"type": "Feature", "geometry": {"type": "Point", "coordinates": [139.733454, 35.727473]}, "properties": {"id": "bs-0775", "name": "巣鴨小学校前", "wheelchair": false}}, {"type": "Feature", "geometry": {"type": "Point", "coordinates": [139.733768, 35.738006]}, "properties": {"id": "bs-0776", "name": "巣鴨四丁目", "wheelchair": false}}, {"type": "Feature", "geometry": {"type": "Point", "coordinates": [139.873707, 35.715619]}, "properties": {"id": "bs-0777", "name": "菅原橋", "wheelchair": false}}, {"type": "Feature", "geometry": {"type": "Point", "coordinates": [139.762412, 35.673234]}, "properties": {"id": "bs-0778", "name": "数寄屋橋", "wheelchair": false}}, {"type": "Feature", "geometry": {"type": "Point", "coordinates": [139.636431, 35.69918]}, "properties": {"id": "bs-0779", "name": "杉並区役所前", "wheelchair": false}}, {"type": "Feature", "geometry": {"type": "Point", "coordinates": [139.651243, 35.697873]}, "properties": {"id": "bs-0780", "name": "杉並車庫前", "wheelchair": false}}, {"type": "Feature", "geometry": {"type": "Point", "coordinates": [139.65424, 35.696023]}, "properties": {"id": "bs-0781", "name": "セシオン杉並前", "wheelchair": false}}, {"type": "Feature", "geometry": {"type": "Point", "coordinates": [139.640133, 35.698028]}, "properties": {"id": "bs-0782", "name": "梅里中央公園入口", "wheelchair": false}}, {"type": "Feature", "geometry": {"type": "Point", "coordinates": [139.77081, 35.696305]}, "properties": {"id": "bs-0784", "name": "須田町", "wheelchair": false}}, {"type": "Feature", "geometry": {"type": "Point", "coordinates": [139.797274, 35.6975]}, "properties": {"id": "bs-0785", "name": "都営両国駅前", "wheelchair": false}}, {"type": "Feature", "geometry": {"type": "Point", "coordinates": [139.800883, 35.715346]}, "properties": {"id": "bs-0786", "name": "隅田公園", "wheelchair": false}}, {"type": "Feature", "geometry": {"type": "Point", "coordinates": [139.814925, 35.688883]}, "properties": {"id": "bs-0787", "name": "住吉駅前", "wheelchair": false}}, {"type": "Feature", "geometry": {"type": "Point", "coordinates": [139.260963, 35.788779]}, "properties": {"id": "bs-0788", "name": "住吉神社前", "wheelchair": false}}, {"type": "Feature", "geometry": {"type": "Point", "coordinates": [139.812325, 35.688726]}, "properties": {"id": "bs-0789", "name": "住吉一丁目", "wheelchair": false}}, {"type": "Feature", "geometry": {"type": "Point", "coordinates": [139.761882, 35.697284]}, "properties": {"id": "bs-0791", "name": "駿河台下", "wheelchair": false}}, {"type": "Feature", "geometry": {"type": "Point", "coordinates": [139.265437, 35.800546]}, "properties": {"id": "bs-0792", "name": "諏訪神社前", "wheelchair": false}}, {"type": "Feature", "geometry": {"type": "Point", "coordinates": [139.699113, 35.660591]}, "properties": {"id": "bs-0794", "name": "西武百貨店前", "wheelchair": false}}, {"type": "Feature", "geometry": {"type": "Point", "coordinates": [139.695168, 35.722043]}, "properties": {"id": "bs-0795", "name": "聖母病院入口", "wheelchair": false}}, {"type": "Feature", "geometry": {"type": "Point", "coordinates": [139.265056, 35.805168]}, "properties": {"id": "bs-0796", "name": "聖明福祉協会前", "wheelchair": false}}, {"type": "Feature", "geometry": {"type": "Point", "coordinates": [139.77797, 35.666859]}, "properties": {"id": "bs-0797", "name": "聖路加病院前", "wheelchair": false}}, {"type": "Feature", "geometry": {"type": "Point", "coordinates": [139.723959, 35.710481]}, "properties": {"id": "bs-0798", "name": "関口一丁目", "wheelchair": false}}, {"type": "Feature", "geometry": {"type": "Point", "coordinates": [139.725911, 35.713781]}, "properties": {"id": "bs-0799", "name": "ホテル椿山荘東京前", "wheelchair": false}}, {"type": "Feature", "geometry": {"type": "Point", "coordinates": [139.738363, 35.637662]}, "properties": {"id": "bs-0805", "name": "泉岳寺前", "wheelchair": false}}, {"type": "Feature", "geometry": {"type": "Point", "coordinates": [139.844265, 35.697449]}, "properties": {"id": "bs-0806", "name": "浅間神社", "wheelchair": false}}, {"type": "Feature", "geometry": {"type": "Point", "coordinates": [139.811771, 35.678715]}, "properties": {"id": "bs-0807", "name": "千石一丁目(せんごくいっちょうめ（こうとうく）)", "wheelchair": false}}, {"type": "Feature", "geometry": {"type": "Point", "coordinates": [139.743505, 35.728103]}, "properties": {"id": "bs-0808", "name": "千石一丁目(せんごくいっちょうめ（ぶんきょうく）)", "wheelchair": false}}, {"type": "Feature", "geometry": {"type": "Point", "coordinates": [139.816075, 35.677413]}, "properties": {"id": "bs-0809", "name": "千石二丁目(せんごくにちょうめ（こうとうく）)", "wheelchair": false}}, {"type": "Feature", "geometry": {"type": "Point", "coordinates": [139.740198, 35.725333]}, "properties": {"id": "bs-0810", "name": "千石二丁目(せんごくにちょうめ（ぶんきょうく）)", "wheelchair": false}}, {"type": "Feature", "geometry": {"type": "Point", "coordinates": [139.736873, 35.722999]}, "properties": {"id": "bs-0811", "name": "千石三丁目", "wheelchair": false}}, {"type": "Feature", "geometry": {"type": "Point", "coordinates": [139.796287, 35.736235]}, "properties": {"id": "bs-0813", "name": "千住大橋", "wheelchair": false}}, {"type": "Feature", "geometry": {"type": "Point", "coordinates": [139.789437, 35.755156]}, "properties": {"id": "bs-0814", "name": "千住桜木", "wheelchair": false}}, {"type": "Feature", "geometry": {"type": "Point", "coordinates": [139.803881, 35.764718]}, "properties": {"id": "bs-0815", "name": "千住車庫前", "wheelchair": false}}, {"type": "Feature", "geometry": {"type": "Point", "coordinates": [139.793769, 35.751416]}, "properties": {"id": "bs-0816", "name": "千住竜田町", "wheelchair": false}}, {"type": "Feature", "geometry": {"type": "Point", "coordinates": [139.796381, 35.750887]}, "properties": {"id": "bs-0817", "name": "千住中居町", "wheelchair": false}}, {"type": "Feature", "geometry": {"type": "Point", "coordinates": [139.801504, 35.750631]}, "properties": {"id": "bs-0820", "name": "千住二丁目", "wheelchair": false}}, {"type": "Feature", "geometry": {"type": "Point", "coordinates": [139.801225, 35.753975]}, "properties": {"id": "bs-0821", "name": "千住四丁目", "wheelchair": false}}, {"type": "Feature", "geometry": {"type": "Point", "coordinates": [139.791598, 35.720329]}, "properties": {"id": "bs-0822", "name": "千束", "wheelchair": false}}, {"type": "Feature", "geometry": {"type": "Point", "coordinates": [139.816149, 35.681231]}, "properties": {"id": "bs-0824", "name": "千田", "wheelchair": false}}, {"type": "Feature", "geometry": {"type": "Point", "coordinates": [139.738273, 35.606425]}, "properties": {"id": "bs-0825", "name": "仙台坂", "wheelchair": false}}, {"type": "Feature", "geometry": {"type": "Point", "coordinates": [139.73077, 35.651915]}, "properties": {"id": "bs-0826", "name": "仙台坂上", "wheelchair": false}}, {"type": "Feature", "geometry": {"type": "Point", "coordinates": [139.733739, 35.652562]}, "properties": {"id": "bs-0827", "name": "仙台坂下", "wheelchair": false}}, {"type": "Feature", "geometry": {"type": "Point", "coordinates": [139.712202, 35.680487]}, "properties": {"id": "bs-0828", "name": "千駄ヶ谷駅前", "wheelchair": false}}, {"type": "Feature", "geometry": {"type": "Point", "coordinates": [139.706851, 35.675218]}, "properties": {"id": "bs-0829", "name": "千駄ヶ谷小学校前", "wheelchair": false}}, {"type": "Feature", "geometry": {"type": "Point", "coordinates": [139.711017, 35.67872]}, "properties": {"id": "bs-0830", "name": "千駄ヶ谷八幡前", "wheelchair": false}}, {"type": "Feature", "geometry": {"type": "Point", "coordinates": [139.710156, 35.675043]}, "properties": {"id": "bs-0831", "name": "千駄ヶ谷二丁目", "wheelchair": false}}, {"type": "Feature", "geometry": {"type": "Point", "coordinates": [139.703151, 35.686473]}, "properties": {"id": "bs-0832", "name": "千駄ヶ谷五丁目", "wheelchair": false}}, {"type": "Feature", "geometry": {"type": "Point", "coordinates": [139.762026, 35.7216]}, "properties": {"id": "bs-0833", "name": "千駄木二丁目", "wheelchair": false}}, {"type": "Feature", "geometry": {"type": "Point", "coordinates": [139.763566, 35.727601]}, "properties": {"id": "bs-0834", "name": "千駄木三丁目", "wheelchair": false}}, {"type": "Feature", "geometry": {"type": "Point", "coordinates": [139.756242, 35.727354]}, "properties": {"id": "bs-0835", "name": "千駄木五丁目", "wheelchair": false}}, {"type": "Feature", "geometry": {"type": "Point", "coordinates": [139.747309, 35.610547]}, "properties": {"id": "bs-0836", "name": "都立八潮高校前", "wheelchair": false}}, {"type": "Feature", "geometry": {"type": "Point", "coordinates": [139.278866, 35.79714]}, "properties": {"id": "bs-0838", "name": "宗泉寺", "wheelchair": false}}, {"type": "Feature", "geometry": {"type": "Point", "coordinates": [139.722979, 35.709077]}, "properties": {"id": "bs-0839", "name": "早大正門", "wheelchair": false}}, {"type": "Feature", "geometry": {"type": "Point", "coordinates": [139.214271, 35.794765]}, "properties": {"id": "bs-0840", "name": "即清寺", "wheelchair": false}}, {"type": "Feature", "geometry": {"type": "Point", "coordinates": [139.841179, 35.669916]}, "properties": {"id": "bs-0841", "name": "袖ヶ浦", "wheelchair": false}}, {"type": "Feature", "geometry": {"type": "Point", "coordinates": [139.767664, 35.699309]}, "properties": {"id": "bs-0842", "name": "外神田二丁目", "wheelchair": false}}, {"type": "Feature", "geometry": {"type": "Point", "coordinates": [139.732065, 35.624254]}, "properties": {"id": "bs-0845", "name": "御殿山小学校前", "wheelchair": false}}, {"type": "Feature", "geometry": {"type": "Point", "coordinates": [139.711676, 35.723314]}, "properties": {"id": "bs-0846", "name": "南池袋一丁目", "wheelchair": false}}, {"type": "Feature", "geometry": {"type": "Point", "coordinates": [139.722762, 35.72276]}, "properties": {"id": "bs-0847", "name": "雑司ヶ谷霊園入口", "wheelchair": false}}, {"type": "Feature", "geometry": {"type": "Point", "coordinates": [139.418933, 35.754346]}, "properties": {"id": "bs-0848", "name": "蔵敷", "wheelchair": false}}, {"type": "Feature", "geometry": {"type": "Point", "coordinates": [139.811155, 35.700929]}, "properties": {"id": "bs-0850", "name": "太平一丁目", "wheelchair": false}}, {"type": "Feature", "geometry": {"type": "Point", "coordinates": [139.814537, 35.701775]}, "properties": {"id": "bs-0851", "name": "太平三丁目", "wheelchair": false}}, {"type": "Feature", "geometry": {"type": "Point", "coordinates": [139.817424, 35.701236]}, "properties": {"id": "bs-0852", "name": "太平四丁目", "wheelchair": false}}, {"type": "Feature", "geometry": {"type": "Point", "coordinates": [139.704854, 35.712928]}, "properties": {"id": "bs-0855", "name": "高田馬場駅前", "wheelchair": false}}, {"type": "Feature", "geometry": {"type": "Point", "coordinates": [139.708872, 35.707471]}, "properties": {"id": "bs-0856", "name": "学習院戸山キャンパス前", "wheelchair": false}}, {"type": "Feature", "geometry": {"type": "Point", "coordinates": [139.710071, 35.712013]}, "properties": {"id": "bs-0857", "name": "高田馬場二丁目", "wheelchair": false}}, {"type": "Feature", "geometry": {"type": "Point", "coordinates": [139.699319, 35.712286]}, "properties": {"id": "bs-0858", "name": "高田馬場三丁目", "wheelchair": false}}, {"type": "Feature", "geometry": {"type": "Point", "coordinates": [139.6965, 35.711474]}, "properties": {"id": "bs-0859", "name": "高田馬場四丁目", "wheelchair": false}}, {"type": "Feature", "geometry": {"type": "Point", "coordinates": [139.717476, 35.717017]}, "properties": {"id": "bs-0860", "name": "高田一丁目", "wheelchair": false}}, {"type": "Feature", "geometry": {"type": "Point", "coordinates": [139.215214, 35.839669]}, "properties": {"id": "bs-0861", "name": "高土戸", "wheelchair": false}}, {"type": "Feature", "geometry": {"type": "Point", "coordinates": [139.738072, 35.63445]}, "properties": {"id": "bs-0863", "name": "高輪北町", "wheelchair": false}}, {"type": "Feature", "geometry": {"type": "Point", "coordinates": [139.732953, 35.634995]}, "properties": {"id": "bs-0864", "name": "高輪警察署前", "wheelchair": false}}, {"type": "Feature", "geometry": {"type": "Point", "coordinates": [139.729468, 35.631272]}, "properties": {"id": "bs-0865", "name": "高輪台駅前", "wheelchair": false}}, {"type": "Feature", "geometry": {"type": "Point", "coordinates": [139.737417, 35.641477]}, "properties": {"id": "bs-0866", "name": "高輪一丁目", "wheelchair": false}}, {"type": "Feature", "geometry": {"type": "Point", "coordinates": [139.734879, 35.638785]}, "properties": {"id": "bs-0867", "name": "高輪二丁目", "wheelchair": false}}, {"type": "Feature", "geometry": {"type": "Point", "coordinates": [139.732529, 35.633272]}, "properties": {"id": "bs-0868", "name": "高輪三丁目", "wheelchair": false}}, {"type": "Feature", "geometry": {"type": "Point", "coordinates": [139.732327, 35.629937]}, "properties": {"id": "bs-0869", "name": "グランドプリンスホテル新高輪前", "wheelchair": false}}, {"type": "Feature", "geometry": {"type": "Point", "coordinates": [139.746716, 35.637625]}, "properties": {"id": "bs-0870", "name": "高浜橋", "wheelchair": false}}, {"type": "Feature", "geometry": {"type": "Point", "coordinates": [139.798574, 35.68513]}, "properties": {"id": "bs-0871", "name": "高橋", "wheelchair": false}}, {"type": "Feature", "geometry": {"type": "Point", "coordinates": [139.230244, 35.83152]}, "properties": {"id": "bs-0875", "name": "滝成", "wheelchair": false}}, {"type": "Feature", "geometry": {"type": "Point", "coordinates": [139.25442, 35.787582]}, "properties": {"id": "bs-0876", "name": "滝の上", "wheelchair": false}}, {"type": "Feature", "geometry": {"type": "Point", "coordinates": [139.733111, 35.747685]}, "properties": {"id": "bs-0878", "name": "滝野川二丁目", "wheelchair": false}}, {"type": "Feature", "geometry": {"type": "Point", "coordinates": [139.730856, 35.746153]}, "properties": {"id": "bs-0879", "name": "滝野川三丁目", "wheelchair": false}}, {"type": "Feature", "geometry": {"type": "Point", "coordinates": [139.761746, 35.6548]}, "properties": {"id": "bs-0880", "name": "竹芝桟橋入口", "wheelchair": false}}, {"type": "Feature", "geometry": {"type": "Point", "coordinates": [139.791228, 35.79442]}, "properties": {"id": "bs-0881", "name": "竹の塚駅前", "wheelchair": false}}, {"type": "Feature", "geometry": {"type": "Point", "coordinates": [139.824839, 35.715529]}, "properties": {"id": "bs-0885", "name": "橘通り", "wheelchair": false}}, {"type": "Feature", "geometry": {"type": "Point", "coordinates": [139.763666, 35.708237]}, "properties": {"id": "bs-0886", "name": "竜岡門", "wheelchair": false}}, {"type": "Feature", "geometry": {"type": "Point", "coordinates": [139.811925, 35.648916]}, "properties": {"id": "bs-0887", "name": "辰巳団地", "wheelchair": false}}, {"type": "Feature", "geometry": {"type": "Point", "coordinates": [139.807307, 35.650136]}, "properties": {"id": "bs-0888", "name": "辰巳橋", "wheelchair": false}}, {"type": "Feature", "geometry": {"type": "Point", "coordinates": [139.858683, 35.720352]}, "properties": {"id": "bs-0889", "name": "巽橋", "wheelchair": false}}, {"type": "Feature", "geometry": {"type": "Point", "coordinates": [139.810137, 35.650615]}, "properties": {"id": "bs-0890", "name": "辰巳一丁目", "wheelchair": false}}, {"type": "Feature", "geometry": {"type": "Point", "coordinates": [139.812221, 35.64691]}, "properties": {"id": "bs-0891", "name": "辰巳駅前", "wheelchair": false}}, {"type": "Feature", "geometry": {"type": "Point", "coordinates": [139.805645, 35.69161]}, "properties": {"id": "bs-0892", "name": "立川", "wheelchair": false}}, {"type": "Feature", "geometry": {"type": "Point", "coordinates": [139.834082, 35.695096]}, "properties": {"id": "bs-0893", "name": "竪川大橋北詰", "wheelchair": false}}, {"type": "Feature", "geometry": {"type": "Point", "coordinates": [139.760209, 35.738217]}, "properties": {"id": "bs-0898", "name": "田端駅前", "wheelchair": false}}, {"type": "Feature", "geometry": {"type": "Point", "coordinates": [139.765702, 35.738825]}, "properties": {"id": "bs-0899", "name": "田端新町", "wheelchair": false}}, {"type": "Feature", "geometry": {"type": "Point", "coordinates": [139.767812, 35.739046]}, "properties": {"id": "bs-0900", "name": "田端新町一丁目", "wheelchair": false}}, {"type": "Feature", "geometry": {"type": "Point", "coordinates": [139.76617, 35.740781]}, "properties": {"id": "bs-0901", "name": "田端新町二丁目", "wheelchair": false}}, {"type": "Feature", "geometry": {"type": "Point", "coordinates": [139.76201, 35.742998]}, "properties": {"id": "bs-0902", "name": "田端新町三丁目", "wheelchair": false}}, {"type": "Feature", "geometry": {"type": "Point", "coordinates": [139.265233, 35.802376]}, "properties": {"id": "bs-0905", "name": "多摩団地前", "wheelchair": false}}, {"type": "Feature", "geometry": {"type": "Point", "coordinates": [139.748199, 35.644568]}, "properties": {"id": "bs-0906", "name": "田町駅東口", "wheelchair": false}}, {"type": "Feature", "geometry": {"type": "Point", "coordinates": [139.746527, 35.646688]}, "properties": {"id": "bs-0907", "name": "田町駅前", "wheelchair": false}}, {"type": "Feature", "geometry": {"type": "Point", "coordinates": [139.742279, 35.670135]}, "properties": {"id": "bs-0909", "name": "溜池", "wheelchair": false}}, {"type": "Feature", "geometry": {"type": "Point", "coordinates": [139.883082, 35.690099]}, "properties": {"id": "bs-0910", "name": "共育プラザ一之江入口", "wheelchair": false}}, {"type": "Feature", "geometry": {"type": "Point", "coordinates": [139.844979, 35.688342]}, "properties": {"id": "bs-0911", "name": "第五大島小学校前", "wheelchair": false}}, {"type": "Feature", "geometry": {"type": "Point", "coordinates": [139.775329, 35.778222]}, "properties": {"id": "bs-0912", "name": "第五中学校裏", "wheelchair": false}}, {"type": "Feature", "geometry": {"type": "Point", "coordinates": [139.842344, 35.69038]}, "properties": {"id": "bs-0913", "name": "大島七丁目", "wheelchair": false}}, {"type": "Feature", "geometry": {"type": "Point", "coordinates": [139.659771, 35.673872]}, "properties": {"id": "bs-0914", "name": "代田橋", "wheelchair": false}}, {"type": "Feature", "geometry": {"type": "Point", "coordinates": [139.858991, 35.658853]}, "properties": {"id": "bs-0916", "name": "第七葛西小学校前", "wheelchair": false}}, {"type": "Feature", "geometry": {"type": "Point", "coordinates": [139.843663, 35.678604]}, "properties": {"id": "bs-0917", "name": "第七砂町小学校前", "wheelchair": false}}, {"type": "Feature", "geometry": {"type": "Point", "coordinates": [139.754606, 35.657477]}, "properties": {"id": "bs-0919", "name": "大門駅前", "wheelchair": false}}, {"type": "Feature", "geometry": {"type": "Point", "coordinates": [139.777139, 35.749522]}, "properties": {"id": "bs-0920", "name": "大門小学校前", "wheelchair": false}}, {"type": "Feature", "geometry": {"type": "Point", "coordinates": [139.87034, 35.65988]}, "properties": {"id": "bs-0921", "name": "第四葛西小学校前", "wheelchair": false}}, {"type": "Feature", "geometry": {"type": "Point", "coordinates": [139.762868, 35.72446]}, "properties": {"id": "bs-0922", "name": "団子坂下", "wheelchair": false}}, {"type": "Feature", "geometry": {"type": "Point", "coordinates": [139.272189, 35.786406]}, "properties": {"id": "bs-0923", "name": "千ヶ瀬四丁目", "wheelchair": false}}, {"type": "Feature", "geometry": {"type": "Point", "coordinates": [139.265367, 35.786553]}, "properties": {"id": "bs-0924", "name": "千ヶ瀬五丁目", "wheelchair": false}}, {"type": "Feature", "geometry": {"type": "Point", "coordinates": [139.315147, 35.783888]}, "properties": {"id": "bs-0925", "name": "新田山公園", "wheelchair": false}}, {"type": "Feature", "geometry": {"type": "Point", "coordinates": [139.712906, 35.720883]}, "properties": {"id": "bs-0926", "name": "千登世橋", "wheelchair": false}}, {"type": "Feature", "geometry": {"type": "Point", "coordinates": [139.798096, 35.690744]}, "properties": {"id": "bs-0927", "name": "千歳三丁目", "wheelchair": false}}, {"type": "Feature", "geometry": {"type": "Point", "coordinates": [139.873058, 35.69961]}, "properties": {"id": "bs-0929", "name": "中央通り", "wheelchair": false}}, {"type": "Feature", "geometry": {"type": "Point", "coordinates": [139.29369, 35.829301]}, "properties": {"id": "bs-0930", "name": "中央橋", "wheelchair": false}}, {"type": "Feature", "geometry": {"type": "Point", "coordinates": [139.874163, 35.713258]}, "properties": {"id": "bs-0931", "name": "中央三丁目", "wheelchair": false}}, {"type": "Feature", "geometry": {"type": "Point", "coordinates": [139.381137, 35.757682]}, "properties": {"id": "bs-0933", "name": "長円寺前", "wheelchair": false}}, {"type": "Feature", "geometry": {"type": "Point", "coordinates": [139.412488, 35.75618]}, "properties": {"id": "bs-0934", "name": "貯水池下", "wheelchair": false}}, {"type": "Feature", "geometry": {"type": "Point", "coordinates": [139.751837, 35.672624]}, "properties": {"id": "bs-0935", "name": "経済産業省前", "wheelchair": false}}, {"type": "Feature", "geometry": {"type": "Point", "coordinates": [139.771121, 35.655004]}, "properties": {"id": "bs-0936", "name": "山九本社前", "wheelchair": false}}, {"type": "Feature", "geometry": {"type": "Point", "coordinates": [139.781815, 35.662395]}, "properties": {"id": "bs-0937", "name": "月島三丁目", "wheelchair": false}}, {"type": "Feature", "geometry": {"type": "Point", "coordinates": [139.783595, 35.661627]}, "properties": {"id": "bs-0938", "name": "月島四丁目", "wheelchair": false}}, {"type": "Feature", "geometry": {"type": "Point", "coordinates": [139.769295, 35.667865]}, "properties": {"id": "bs-0939", "name": "築地", "wheelchair": false}}, {"type": "Feature", "geometry": {"type": "Point", "coordinates": [139.771584, 35.667445]}, "properties": {"id": "bs-0941", "name": "築地駅前", "wheelchair": false}}, {"type": "Feature", "geometry": {"type": "Point", "coordinates": [139.772389, 35.669849]}, "properties": {"id": "bs-0944", "name": "築地二丁目", "wheelchair": false}}, {"type": "Feature", "geometry": {"type": "Point", "coordinates": [139.77036, 35.666983]}, "properties": {"id": "bs-0945", "name": "築地三丁目", "wheelchair": false}}, {"type": "Feature", "geometry": {"type": "Point", "coordinates": [139.772052, 35.664928]}, "properties": {"id": "bs-0946", "name": "築地六丁目", "wheelchair": false}}, {"type": "Feature", "geometry": {"type": "Point", "coordinates": [139.77585, 35.665159]}, "properties": {"id": "bs-0947", "name": "築地七丁目", "wheelchair": false}}, {"type": "Feature", "geometry": {"type": "Point", "coordinates": [139.741688, 35.703156]}, "properties": {"id": "bs-0949", "name": "東京新宿メディカルセンター前", "wheelchair": false}}, {"type": "Feature", "geometry": {"type": "Point", "coordinates": [139.760088, 35.778141]}, "properties": {"id": "bs-0952", "name": "椿二丁目", "wheelchair": false}}, {"type": "Feature", "geometry": {"type": "Point", "coordinates": [139.726733, 35.709839]}, "properties": {"id": "bs-0953", "name": "鶴巻町", "wheelchair": false}}, {"type": "Feature", "geometry": {"type": "Point", "coordinates": [139.675723, 35.723548]}, "properties": {"id": "bs-0954", "name": "哲学堂", "wheelchair": false}}, {"type": "Feature", "geometry": {"type": "Point", "coordinates": [139.78022, 35.672478]}, "properties": {"id": "bs-0955", "name": "鉄砲洲", "wheelchair": false}}, {"type": "Feature", "geometry": {"type": "Point", "coordinates": [139.722581, 35.647169]}, "properties": {"id": "bs-0956", "name": "天現寺橋", "wheelchair": false}}, {"type": "Feature", "geometry": {"type": "Point", "coordinates": [139.494166, 35.730858]}, "properties": {"id": "bs-0957", "name": "天神町", "wheelchair": false}}, {"type": "Feature", "geometry": {"type": "Point", "coordinates": [139.497808, 35.730775]}, "properties": {"id": "bs-0958", "name": "天神町二丁目", "wheelchair": false}}, {"type": "Feature", "geometry": {"type": "Point", "coordinates": [139.871433, 35.717063]}, "properties": {"id": "bs-0959", "name": "天神橋", "wheelchair": false}}, {"type": "Feature", "geometry": {"type": "Point", "coordinates": [139.745239, 35.619649]}, "properties": {"id": "bs-0960", "name": "天王洲橋", "wheelchair": false}}, {"type": "Feature", "geometry": {"type": "Point", "coordinates": [139.746312, 35.710026]}, "properties": {"id": "bs-0961", "name": "伝通院前", "wheelchair": false}}, {"type": "Feature", "geometry": {"type": "Point", "coordinates": [139.696789, 35.660767]}, "properties": {"id": "bs-0963", "name": "東急百貨店本店前", "wheelchair": false}}, {"type": "Feature", "geometry": {"type": "Point", "coordinates": [139.692215, 35.694523]}, "properties": {"id": "bs-0964", "name": "東京医大病院前", "wheelchair": false}}, {"type": "Feature", "geometry": {"type": "Point", "coordinates": [139.765036, 35.682228]}, "properties": {"id": "bs-0965", "name": "東京駅丸の内北口", "wheelchair": false}}, {"type": "Feature", "geometry": {"type": "Point", "coordinates": [139.764696, 35.680858]}, "properties": {"id": "bs-0966", "name": "東京駅丸の内南口", "wheelchair": false}}, {"type": "Feature", "geometry": {"type": "Point", "coordinates": [139.768326, 35.679839]}, "properties": {"id": "bs-0967", "name": "東京駅八重洲口", "wheelchair": false}}, {"type": "Feature", "geometry": {"type": "Point", "coordinates": [139.79347, 35.667384]}, "properties": {"id": "bs-0969", "name": "東京海洋大学越中島校舎前", "wheelchair": false}}, {"type": "Feature", "geometry": {"type": "Point", "coordinates": [139.717572, 35.65581]}, "properties": {"id": "bs-0970", "name": "東京女学館前", "wheelchair": false}}, {"type": "Feature", "geometry": {"type": "Point", "coordinates": [139.71974, 35.697518]}, "properties": {"id": "bs-0971", "name": "東京女子医大前", "wheelchair": false}}, {"type": "Feature", "geometry": {"type": "Point", "coordinates": [139.74496, 35.624733]}, "properties": {"id": "bs-0972", "name": "楽水橋（品川車庫入口）", "wheelchair": false}}, {"type": "Feature", "geometry": {"type": "Point", "coordinates": [139.766511, 35.592886]}, "properties": {"id": "bs-0973", "name": "東京税関大井出張所前", "wheelchair": false}}, {"type": "Feature", "geometry": {"type": "Point", "coordinates": [139.756095, 35.628102]}, "properties": {"id": "bs-0974", "name": "東京出入国在留管理局前", "wheelchair": false}}, {"type": "Feature", "geometry": {"type": "Point", "coordinates": [139.745742, 35.657934]}, "properties": {"id": "bs-0975", "name": "東京タワー", "wheelchair": false}}, {"type": "Feature", "geometry": {"type": "Point", "coordinates": [139.286242, 35.823204]}, "properties": {"id": "bs-0976", "name": "東京炭坑前", "wheelchair": false}}, {"type": "Feature", "geometry": {"type": "Point", "coordinates": [139.746401, 35.604785]}, "properties": {"id": "bs-0977", "name": "鮫洲運転免許試験場前", "wheelchair": false}}, {"type": "Feature", "geometry": {"type": "Point", "coordinates": [139.746051, 35.770603]}, "properties": {"id": "bs-0978", "name": "新田東", "wheelchair": false}}, {"type": "Feature", "geometry": {"type": "Point", "coordinates": [139.760047, 35.710037]}, "properties": {"id": "bs-0979", "name": "東大赤門前", "wheelchair": false}}, {"type": "Feature", "geometry": {"type": "Point", "coordinates": [139.764125, 35.713246]}, "properties": {"id": "bs-0980", "name": "東大構内", "wheelchair": false}}, {"type": "Feature", "geometry": {"type": "Point", "coordinates": [139.759492, 35.712239]}, "properties": {"id": "bs-0981", "name": "東大正門前", "wheelchair": false}}, {"type": "Feature", "geometry": {"type": "Point", "coordinates": [139.75827, 35.715072]}, "properties": {"id": "bs-0982", "name": "東大農学部前", "wheelchair": false}}, {"type": "Feature", "geometry": {"type": "Point", "coordinates": [139.763892, 35.710937]}, "properties": {"id": "bs-0983", "name": "東大病院前", "wheelchair": false}}, {"type": "Feature", "geometry": {"type": "Point", "coordinates": [139.797657, 35.71137]}, "properties": {"id": "bs-0984", "name": "東武浅草駅前", "wheelchair": false}}, {"type": "Feature", "geometry": {"type": "Point", "coordinates": [139.746156, 35.65723]}, "properties": {"id": "bs-0985", "name": "東京タワー（公園下）", "wheelchair": false}}, {"type": "Feature", "geometry": {"type": "Point", "coordinates": [139.798154, 35.778682]}, "properties": {"id": "bs-0986", "name": "東部病院前", "wheelchair": false}}, {"type": "Feature", "geometry": {"type": "Point", "coordinates": [139.813518, 35.669319]}, "properties": {"id": "bs-0987", "name": "東陽操車所前", "wheelchair": false}}, {"type": "Feature", "geometry": {"type": "Point", "coordinates": [139.751044, 35.724167]}, "properties": {"id": "bs-0988", "name": "東洋大学前", "wheelchair": false}}, {"type": "Feature", "geometry": {"type": "Point", "coordinates": [139.81675, 35.669697]}, "properties": {"id": "bs-0989", "name": "東陽町駅前", "wheelchair": false}}, {"type": "Feature", "geometry": {"type": "Point", "coordinates": [139.810758, 35.667469]}, "properties": {"id": "bs-0990", "name": "東陽一丁目", "wheelchair": false}}, {"type": "Feature", "geometry": {"type": "Point", "coordinates": [139.810942, 35.670209]}, "properties": {"id": "bs-0991", "name": "東陽三丁目", "wheelchair": false}}, {"type": "Feature", "geometry": {"type": "Point", "coordinates": [139.811493, 35.672081]}, "properties": {"id": "bs-0992", "name": "東陽五丁目", "wheelchair": false}}, {"type": "Feature", "geometry": {"type": "Point", "coordinates": [139.812092, 35.675182]}, "properties": {"id": "bs-0993", "name": "東陽六丁目", "wheelchair": false}}, {"type": "Feature", "geometry": {"type": "Point", "coordinates": [139.70995, 35.700885]}, "properties": {"id": "bs-0996", "name": "都営戸山ハイツ前", "wheelchair": false}}, {"type": "Feature", "geometry": {"type": "Point", "coordinates": [139.770868, 35.679398]}, "properties": {"id": "bs-0997", "name": "通り三丁目", "wheelchair": false}}, {"type": "Feature", "geometry": {"type": "Point", "coordinates": [139.715533, 35.73267]}, "properties": {"id": "bs-0998", "name": "Hareza池袋", "wheelchair": false}}, {"type": "Feature", "geometry": {"type": "Point", "coordinates": [139.723499, 35.73004]}, "properties": {"id": "bs-0999", "name": "東池袋三丁目", "wheelchair": false}}, {"type": "Feature", "geometry": {"type": "Point", "coordinates": [139.757723, 35.763829]}, "properties": {"id": "bs-1000", "name": "豊島橋", "wheelchair": false}}, {"type": "Feature", "geometry": {"type": "Point", "coordinates": [139.743101, 35.757364]}, "properties": {"id": "bs-1001", "name": "豊島二丁目", "wheelchair": false}}, {"type": "Feature", "geometry": {"type": "Point", "coordinates": [139.744734, 35.759088]}, "properties": {"id": "bs-1002", "name": "豊島三丁目", "wheelchair": false}}, {"type": "Feature", "geometry": {"type": "Point", "coordinates": [139.747077, 35.761663]}, "properties": {"id": "bs-1003", "name": "豊島四丁目", "wheelchair": false}}, {"type": "Feature", "geometry": {"type": "Point", "coordinates": [139.752966, 35.763483]}, "properties": {"id": "bs-1004", "name": "豊島五丁目団地", "wheelchair": false}}, {"type": "Feature", "geometry": {"type": "Point", "coordinates": [139.742473, 35.76476]}, "properties": {"id": "bs-1005", "name": "豊島七丁目", "wheelchair": false}}, {"type": "Feature", "geometry": {"type": "Point", "coordinates": [139.741289, 35.763889]}, "properties": {"id": "bs-1006", "name": "豊島八丁目", "wheelchair": false}}, {"type": "Feature", "geometry": {"type": "Point", "coordinates": [139.748994, 35.763497]}, "properties": {"id": "bs-1007", "name": "豊島六丁目", "wheelchair": false}}, {"type": "Feature", "geometry": {"type": "Point", "coordinates": [139.763491, 35.678493]}, "properties": {"id": "bs-1008", "name": "東京国際フォーラム前", "wheelchair": false}}, {"type": "Feature", "geometry": {"type": "Point", "coordinates": [139.707304, 35.712031]}, "properties": {"id": "bs-1009", "name": "新宿区社会福祉協議会前", "wheelchair": false}}, {"type": "Feature", "geometry": {"type": "Point", "coordinates": [139.361978, 35.765801]}, "properties": {"id": "bs-1015", "name": "殿ヶ谷", "wheelchair": false}}, {"type": "Feature", "geometry": {"type": "Point", "coordinates": [139.8, 35.670276]}, "properties": {"id": "bs-1016", "name": "富岡一丁目(とみおかいっちょうめ)", "wheelchair": false}}, {"type": "Feature", "geometry": {"type": "Point", "coordinates": [139.689547, 35.667782]}, "properties": {"id": "bs-1017", "name": "富ヶ谷", "wheelchair": false}}, {"type": "Feature", "geometry": {"type": "Point", "coordinates": [139.748601, 35.709163]}, "properties": {"id": "bs-1018", "name": "富坂上", "wheelchair": false}}, {"type": "Feature", "geometry": {"type": "Point", "coordinates": [139.715769, 35.701257]}, "properties": {"id": "bs-1019", "name": "国立国際医療センター前", "wheelchair": false}}, {"type": "Feature", "geometry": {"type": "Point", "coordinates": [139.798442, 35.656019]}, "properties": {"id": "bs-1021", "name": "豊洲四丁目", "wheelchair": false}}, {"type": "Feature", "geometry": {"type": "Point", "coordinates": [139.794463, 35.656371]}, "properties": {"id": "bs-1024", "name": "豊洲二丁目", "wheelchair": false}}, {"type": "Feature", "geometry": {"type": "Point", "coordinates": [139.795068, 35.654982]}, "properties": {"id": "bs-1025", "name": "豊洲駅前", "wheelchair": false}}, {"type": "Feature", "geometry": {"type": "Point", "coordinates": [139.793225, 35.657604]}, "properties": {"id": "bs-1026", "name": "ＩＨＩ前", "wheelchair": false}}, {"type": "Feature", "geometry": {"type": "Point", "coordinates": [139.817039, 35.675891]}, "properties": {"id": "bs-1027", "name": "豊住橋", "wheelchair": false}}, {"type": "Feature", "geometry": {"type": "Point", "coordinates": [139.793523, 35.660591]}, "properties": {"id": "bs-1028", "name": "豊洲一丁目", "wheelchair": false}}, {"type": "Feature", "geometry": {"type": "Point", "coordinates": [139.664204, 35.736508]}, "properties": {"id": "bs-1029", "name": "豊玉北", "wheelchair": false}}, {"type": "Feature", "geometry": {"type": "Point", "coordinates": [139.659548, 35.735315]}, "properties": {"id": "bs-1031", "name": "豊玉北四丁目", "wheelchair": false}}, {"type": "Feature", "geometry": {"type": "Point", "coordinates": [139.656589, 35.729431]}, "properties": {"id": "bs-1032", "name": "豊玉中", "wheelchair": false}}, {"type": "Feature", "geometry": {"type": "Point", "coordinates": [139.661569, 35.728598]}, "properties": {"id": "bs-1033", "name": "豊玉中一丁目", "wheelchair": false}}, {"type": "Feature", "geometry": {"type": "Point", "coordinates": [139.659491, 35.731164]}, "properties": {"id": "bs-1034", "name": "豊玉中二丁目", "wheelchair": false}}, {"type": "Feature", "geometry": {"type": "Point", "coordinates": [139.769529, 35.653659]}, "properties": {"id": "bs-1035", "name": "豊海水産埠頭", "wheelchair": false}}, {"type": "Feature", "geometry": {"type": "Point", "coordinates": [139.750266, 35.670194]}, "properties": {"id": "bs-1036", "name": "虎ノ門", "wheelchair": false}}, {"type": "Feature", "geometry": {"type": "Point", "coordinates": [139.747037, 35.66613]}, "properties": {"id": "bs-1039", "name": "虎ノ門三丁目", "wheelchair": false}}, {"type": "Feature", "geometry": {"type": "Point", "coordinates": [139.743382, 35.661258]}, "properties": {"id": "bs-1040", "name": "虎ノ門五丁目", "wheelchair": false}}, {"type": "Feature", "geometry": {"type": "Point", "coordinates": [139.728631, 35.70742]}, "properties": {"id": "bs-1044", "name": "都立新宿山吹高校前", "wheelchair": false}}, {"type": "Feature", "geometry": {"type": "Point", "coordinates": [139.803366, 35.770179]}, "properties": {"id": "bs-1045", "name": "都立足立高校前", "wheelchair": false}}, {"type": "Feature", "geometry": {"type": "Point", "coordinates": [139.730814, 35.724178]}, "properties": {"id": "bs-1046", "name": "大塚四丁目", "wheelchair": false}}, {"type": "Feature", "geometry": {"type": "Point", "coordinates": [139.747628, 35.607016]}, "properties": {"id": "bs-1048", "name": "都立産業技術高専品川キャンパス前", "wheelchair": false}}, {"type": "Feature", "geometry": {"type": "Point", "coordinates": [139.801596, 35.723182]}, "properties": {"id": "bs-1049", "name": "東浅草", "wheelchair": false}}, {"type": "Feature", "geometry": {"type": "Point", "coordinates": [139.796821, 35.664312]}, "properties": {"id": "bs-1050", "name": "都立三商前", "wheelchair": false}}, {"type": "Feature", "geometry": {"type": "Point", "coordinates": [139.708727, 35.7064]}, "properties": {"id": "bs-1051", "name": "早大理工前", "wheelchair": false}}, {"type": "Feature", "geometry": {"type": "Point", "coordinates": [139.829091, 35.718212]}, "properties": {"id": "bs-1052", "name": "八広三丁目", "wheelchair": false}}, {"type": "Feature", "geometry": {"type": "Point", "coordinates": [139.76258, 35.729521]}, "properties": {"id": "bs-1055", "name": "道灌山下", "wheelchair": false}}, {"type": "Feature", "geometry": {"type": "Point", "coordinates": [139.758422, 35.731863]}, "properties": {"id": "bs-1057", "name": "動坂下", "wheelchair": false}}, {"type": "Feature", "geometry": {"type": "Point", "coordinates": [139.873602, 35.703712]}, "properties": {"id": "bs-1058", "name": "同潤会", "wheelchair": false}}, {"type": "Feature", "geometry": {"type": "Point", "coordinates": [139.716031, 35.684751]}, "properties": {"id": "bs-1060", "name": "内藤町大京町", "wheelchair": false}}, {"type": "Feature", "geometry": {"type": "Point", "coordinates": [139.694281, 35.758331]}, "properties": {"id": "bs-1062", "name": "中板橋駅入口", "wheelchair": false}}, {"type": "Feature", "geometry": {"type": "Point", "coordinates": [139.27681, 35.822235]}, "properties": {"id": "bs-1063", "name": "中井橋", "wheelchair": false}}, {"type": "Feature", "geometry": {"type": "Point", "coordinates": [139.826692, 35.713037]}, "properties": {"id": "bs-1064", "name": "中居堀", "wheelchair": false}}, {"type": "Feature", "geometry": {"type": "Point", "coordinates": [139.768768, 35.801783]}, "properties": {"id": "bs-1065", "name": "中入谷(なかいりや（あだちく）)", "wheelchair": false}}, {"type": "Feature", "geometry": {"type": "Point", "coordinates": [139.786509, 35.71912]}, "properties": {"id": "bs-1066", "name": "中入谷(なかいりや（たいとうく）)", "wheelchair": false}}, {"type": "Feature", "geometry": {"type": "Point", "coordinates": [139.866554, 35.661394]}, "properties": {"id": "bs-1069", "name": "中葛西五丁目", "wheelchair": false}}, {"type": "Feature", "geometry": {"type": "Point", "coordinates": [139.864222, 35.656497]}, "properties": {"id": "bs-1070", "name": "中葛西七丁目", "wheelchair": false}}, {"type": "Feature", "geometry": {"type": "Point", "coordinates": [139.853924, 35.756534]}, "properties": {"id": "bs-1071", "name": "中川大橋", "wheelchair": false}}, {"type": "Feature", "geometry": {"type": "Point", "coordinates": [139.847876, 35.698555]}, "properties": {"id": "bs-1072", "name": "中川新橋", "wheelchair": false}}, {"type": "Feature", "geometry": {"type": "Point", "coordinates": [139.271075, 35.833039]}, "properties": {"id": "bs-1075", "name": "成木二丁目自治会館前", "wheelchair": false}}, {"type": "Feature", "geometry": {"type": "Point", "coordinates": [139.27433, 35.835578]}, "properties": {"id": "bs-1076", "name": "中里橋", "wheelchair": false}}, {"type": "Feature", "geometry": {"type": "Point", "coordinates": [139.723515, 35.766425]}, "properties": {"id": "bs-1077", "name": "中十条四丁目", "wheelchair": false}}, {"type": "Feature", "geometry": {"type": "Point", "coordinates": [139.456327, 35.730888]}, "properties": {"id": "bs-1078", "name": "中宿", "wheelchair": false}}, {"type": "Feature", "geometry": {"type": "Point", "coordinates": [139.255373, 35.789953]}, "properties": {"id": "bs-1080", "name": "仲町", "wheelchair": false}}, {"type": "Feature", "geometry": {"type": "Point", "coordinates": [139.879994, 35.656925]}, "properties": {"id": "bs-1082", "name": "仲町東組", "wheelchair": false}}, {"type": "Feature", "geometry": {"type": "Point", "coordinates": [139.402377, 35.757956]}, "properties": {"id": "bs-1083", "name": "中藤", "wheelchair": false}}, {"type": "Feature", "geometry": {"type": "Point", "coordinates": [139.65397, 35.725731]}, "properties": {"id": "bs-1086", "name": "中野北郵便局前", "wheelchair": false}}, {"type": "Feature", "geometry": {"type": "Point", "coordinates": [139.681719, 35.697214]}, "properties": {"id": "bs-1089", "name": "中野坂上", "wheelchair": false}}, {"type": "Feature", "geometry": {"type": "Point", "coordinates": [139.66206, 35.697521]}, "properties": {"id": "bs-1091", "name": "中野天神前", "wheelchair": false}}, {"type": "Feature", "geometry": {"type": "Point", "coordinates": [139.67475, 35.697739]}, "properties": {"id": "bs-1092", "name": "本町三丁目(ほんちょうさんちょうめ（なかのく）)", "wheelchair": false}}, {"type": "Feature", "geometry": {"type": "Point", "coordinates": [139.881365, 35.730467]}, "properties": {"id": "bs-1093", "name": "中の橋", "wheelchair": false}}, {"type": "Feature", "geometry": {"type": "Point", "coordinates": [139.741828, 35.654448]}, "properties": {"id": "bs-1094", "name": "中ノ橋", "wheelchair": false}}, {"type": "Feature", "geometry": {"type": "Point", "coordinates": [139.837294, 35.690046]}, "properties": {"id": "bs-1095", "name": "中の橋通り", "wheelchair": false}}, {"type": "Feature", "geometry": {"type": "Point", "coordinates": [139.318113, 35.783065]}, "properties": {"id": "bs-1099", "name": "中原", "wheelchair": false}}, {"type": "Feature", "geometry": {"type": "Point", "coordinates": [139.8358, 35.716227]}, "properties": {"id": "bs-1101", "name": "中平井", "wheelchair": false}}, {"type": "Feature", "geometry": {"type": "Point", "coordinates": [139.329201, 35.779576]}, "properties": {"id": "bs-1103", "name": "長岡", "wheelchair": false}}, {"type": "Feature", "geometry": {"type": "Point", "coordinates": [139.88357, 35.668699]}, "properties": {"id": "bs-1104", "name": "東葛西三丁目", "wheelchair": false}}, {"type": "Feature", "geometry": {"type": "Point", "coordinates": [139.871042, 35.667915]}, "properties": {"id": "bs-1106", "name": "長島町交差点", "wheelchair": false}}, {"type": "Feature", "geometry": {"type": "Point", "coordinates": [139.742469, 35.677719]}, "properties": {"id": "bs-1108", "name": "永田町", "wheelchair": false}}, {"type": "Feature", "geometry": {"type": "Point", "coordinates": [139.262861, 35.782632]}, "properties": {"id": "bs-1110", "name": "長渕七丁目", "wheelchair": false}}, {"type": "Feature", "geometry": {"type": "Point", "coordinates": [139.879412, 35.646996]}, "properties": {"id": "bs-1111", "name": "なぎさニュータウン", "wheelchair": false}}, {"type": "Feature", "geometry": {"type": "Point", "coordinates": [139.671813, 35.697638]}, "properties": {"id": "bs-1112", "name": "鍋屋横丁", "wheelchair": false}}, {"type": "Feature", "geometry": {"type": "Point", "coordinates": [139.70625, 35.655683]}, "properties": {"id": "bs-1114", "name": "並木橋", "wheelchair": false}}, {"type": "Feature", "geometry": {"type": "Point", "coordinates": [139.799229, 35.729305]}, "properties": {"id": "bs-1115", "name": "泪橋", "wheelchair": false}}, {"type": "Feature", "geometry": {"type": "Point", "coordinates": [139.426967, 35.752056]}, "properties": {"id": "bs-1116", "name": "奈良橋", "wheelchair": false}}, {"type": "Feature", "geometry": {"type": "Point", "coordinates": [139.248322, 35.823152]}, "properties": {"id": "bs-1117", "name": "成木市民センター前", "wheelchair": false}}, {"type": "Feature", "geometry": {"type": "Point", "coordinates": [139.253521, 35.823527]}, "properties": {"id": "bs-1118", "name": "成木四丁目", "wheelchair": false}}, {"type": "Feature", "geometry": {"type": "Point", "coordinates": [139.245429, 35.825436]}, "properties": {"id": "bs-1119", "name": "柏木", "wheelchair": false}}, {"type": "Feature", "geometry": {"type": "Point", "coordinates": [139.809198, 35.708942]}, "properties": {"id": "bs-1120", "name": "とうきょうスカイツリー駅入口", "wheelchair": false}}, {"type": "Feature", "geometry": {"type": "Point", "coordinates": [139.814109, 35.7064]}, "properties": {"id": "bs-1121", "name": "業平四丁目", "wheelchair": false}}, {"type": "Feature", "geometry": {"type": "Point", "coordinates": [139.689228, 35.695664]}, "properties": {"id": "bs-1122", "name": "成子坂下", "wheelchair": false}}, {"type": "Feature", "geometry": {"type": "Point", "coordinates": [139.432854, 35.738242]}, "properties": {"id": "bs-1123", "name": "南街入口", "wheelchair": false}}, {"type": "Feature", "geometry": {"type": "Point", "coordinates": [139.433697, 35.736947]}, "properties": {"id": "bs-1124", "name": "南街通り", "wheelchair": false}}, {"type": "Feature", "geometry": {"type": "Point", "coordinates": [139.734042, 35.697961]}, "properties": {"id": "bs-1125", "name": "納戸町", "wheelchair": false}}, {"type": "Feature", "geometry": {"type": "Point", "coordinates": [139.858732, 35.759753]}, "properties": {"id": "bs-1126", "name": "新宿一丁目(にいじゅくいっちょうめ)", "wheelchair": false}}, {"type": "Feature", "geometry": {"type": "Point", "coordinates": [139.773291, 35.656155]}, "properties": {"id": "bs-1127", "name": "新島橋", "wheelchair": false}}, {"type": "Feature", "geometry": {"type": "Point", "coordinates": [139.865489, 35.763559]}, "properties": {"id": "bs-1128", "name": "新宿郵便局前", "wheelchair": false}}, {"type": "Feature", "geometry": {"type": "Point", "coordinates": [139.792842, 35.717751]}, "properties": {"id": "bs-1129", "name": "西浅草三丁目", "wheelchair": false}}, {"type": "Feature", "geometry": {"type": "Point", "coordinates": [139.722393, 35.659759]}, "properties": {"id": "bs-1130", "name": "西麻布", "wheelchair": false}}, {"type": "Feature", "geometry": {"type": "Point", "coordinates": [139.72187, 35.661825]}, "properties": {"id": "bs-1131", "name": "西麻布二丁目", "wheelchair": false}}, {"type": "Feature", "geometry": {"type": "Point", "coordinates": [139.790148, 35.776245]}, "properties": {"id": "bs-1132", "name": "西新井駅前", "wheelchair": false}}, {"type": "Feature", "geometry": {"type": "Point", "coordinates": [139.788537, 35.778422]}, "properties": {"id": "bs-1133", "name": "西新井陸橋", "wheelchair": false}}, {"type": "Feature", "geometry": {"type": "Point", "coordinates": [139.780537, 35.778136]}, "properties": {"id": "bs-1134", "name": "西新井大師前", "wheelchair": false}}, {"type": "Feature", "geometry": {"type": "Point", "coordinates": [139.769983, 35.795079]}, "properties": {"id": "bs-1136", "name": "舎人公園前", "wheelchair": false}}, {"type": "Feature", "geometry": {"type": "Point", "coordinates": [139.876165, 35.692304]}, "properties": {"id": "bs-1137", "name": "西一之江三丁目", "wheelchair": false}}, {"type": "Feature", "geometry": {"type": "Point", "coordinates": [139.8737, 35.694138]}, "properties": {"id": "bs-1138", "name": "西一之江四丁目", "wheelchair": false}}, {"type": "Feature", "geometry": {"type": "Point", "coordinates": [139.879147, 35.702796]}, "properties": {"id": "bs-1139", "name": "西一之江二丁目", "wheelchair": false}}, {"type": "Feature", "geometry": {"type": "Point", "coordinates": [139.826474, 35.688918]}, "properties": {"id": "bs-1140", "name": "西大島駅前", "wheelchair": false}}, {"type": "Feature", "geometry": {"type": "Point", "coordinates": [139.762773, 35.7467]}, "properties": {"id": "bs-1141", "name": "西尾久二丁目", "wheelchair": false}}, {"type": "Feature", "geometry": {"type": "Point", "coordinates": [139.762229, 35.75269]}, "properties": {"id": "bs-1142", "name": "西尾久三丁目", "wheelchair": false}}, {"type": "Feature", "geometry": {"type": "Point", "coordinates": [139.758716, 35.744975]}, "properties": {"id": "bs-1143", "name": "西尾久四丁目", "wheelchair": false}}, {"type": "Feature", "geometry": {"type": "Point", "coordinates": [139.679787, 35.723034]}, "properties": {"id": "bs-1144", "name": "西落合一丁目", "wheelchair": false}}, {"type": "Feature", "geometry": {"type": "Point", "coordinates": [139.683051, 35.722593]}, "properties": {"id": "bs-1145", "name": "落合南長崎駅前", "wheelchair": false}}, {"type": "Feature", "geometry": {"type": "Point", "coordinates": [139.859181, 35.664117]}, "properties": {"id": "bs-1146", "name": "西葛西駅前", "wheelchair": false}}, {"type": "Feature", "geometry": {"type": "Point", "coordinates": [139.855958, 35.666064]}, "properties": {"id": "bs-1147", "name": "西葛西三丁目", "wheelchair": false}}, {"type": "Feature", "geometry": {"type": "Point", "coordinates": [139.860661, 35.667987]}, "properties": {"id": "bs-1148", "name": "スポーツセンター前", "wheelchair": false}}, {"type": "Feature", "geometry": {"type": "Point", "coordinates": [139.863425, 35.661572]}, "properties": {"id": "bs-1149", "name": "西葛西六丁目", "wheelchair": false}}, {"type": "Feature", "geometry": {"type": "Point", "coordinates": [139.756483, 35.699286]}, "properties": {"id": "bs-1152", "name": "西神田一丁目", "wheelchair": false}}, {"type": "Feature", "geometry": {"type": "Point", "coordinates": [139.754187, 35.668894]}, "properties": {"id": "bs-1159", "name": "東亞合成本社前", "wheelchair": false}}, {"type": "Feature", "geometry": {"type": "Point", "coordinates": [139.72765, 35.743763]}, "properties": {"id": "bs-1162", "name": "西巣鴨", "wheelchair": false}}, {"type": "Feature", "geometry": {"type": "Point", "coordinates": [139.323786, 35.781541]}, "properties": {"id": "bs-1163", "name": "西長岡", "wheelchair": false}}, {"type": "Feature", "geometry": {"type": "Point", "coordinates": [139.766089, 35.732083]}, "properties": {"id": "bs-1164", "name": "西日暮里駅前", "wheelchair": false}}, {"type": "Feature", "geometry": {"type": "Point", "coordinates": [139.773573, 35.735157]}, "properties": {"id": "bs-1165", "name": "西日暮里一丁目", "wheelchair": false}}, {"type": "Feature", "geometry": {"type": "Point", "coordinates": [139.770449, 35.730977]}, "properties": {"id": "bs-1166", "name": "西日暮里二丁目", "wheelchair": false}}, {"type": "Feature", "geometry": {"type": "Point", "coordinates": [139.769129, 35.733419]}, "properties": {"id": "bs-1167", "name": "西日暮里五丁目", "wheelchair": false}}, {"type": "Feature", "geometry": {"type": "Point", "coordinates": [139.768544, 35.736809]}, "properties": {"id": "bs-1168", "name": "西日暮里六丁目", "wheelchair": false}}, {"type": "Feature", "geometry": {"type": "Point", "coordinates": [139.643424, 35.697798]}, "properties": {"id": "bs-1169", "name": "西馬橋", "wheelchair": false}}, {"type": "Feature", "geometry": {"type": "Point", "coordinates": [139.895736, 35.701774]}, "properties": {"id": "bs-1170", "name": "西瑞江一丁目", "wheelchair": false}}, {"type": "Feature", "geometry": {"type": "Point", "coordinates": [139.879173, 35.678289]}, "properties": {"id": "bs-1171", "name": "西瑞江五丁目", "wheelchair": false}}, {"type": "Feature", "geometry": {"type": "Point", "coordinates": [139.2655, 35.789773]}, "properties": {"id": "bs-1172", "name": "西分", "wheelchair": false}}, {"type": "Feature", "geometry": {"type": "Point", "coordinates": [139.263437, 35.789265]}, "properties": {"id": "bs-1173", "name": "西分二丁目", "wheelchair": false}}, {"type": "Feature", "geometry": {"type": "Point", "coordinates": [139.716995, 35.708952]}, "properties": {"id": "bs-1174", "name": "西早稲田", "wheelchair": false}}, {"type": "Feature", "geometry": {"type": "Point", "coordinates": [139.717661, 35.655175]}, "properties": {"id": "bs-1175", "name": "日赤医療センター前", "wheelchair": false}}, {"type": "Feature", "geometry": {"type": "Point", "coordinates": [139.723042, 35.655175]}, "properties": {"id": "bs-1176", "name": "日赤医療センター下", "wheelchair": false}}, {"type": "Feature", "geometry": {"type": "Point", "coordinates": [139.825836, 35.670773]}, "properties": {"id": "bs-1177", "name": "日曹橋", "wheelchair": false}}, {"type": "Feature", "geometry": {"type": "Point", "coordinates": [139.7717, 35.728402]}, "properties": {"id": "bs-1178", "name": "日暮里駅前", "wheelchair": false}}, {"type": "Feature", "geometry": {"type": "Point", "coordinates": [139.798187, 35.714484]}, "properties": {"id": "bs-1179", "name": "二天門", "wheelchair": false}}, {"type": "Feature", "geometry": {"type": "Point", "coordinates": [139.736011, 35.652643]}, "properties": {"id": "bs-1180", "name": "二ノ橋", "wheelchair": false}}, {"type": "Feature", "geometry": {"type": "Point", "coordinates": [139.720416, 35.716337]}, "properties": {"id": "bs-1183", "name": "日本女子大前", "wheelchair": false}}, {"type": "Feature", "geometry": {"type": "Point", "coordinates": [139.796241, 35.725897]}, "properties": {"id": "bs-1184", "name": "日本堤", "wheelchair": false}}, {"type": "Feature", "geometry": {"type": "Point", "coordinates": [139.774064, 35.683308]}, "properties": {"id": "bs-1185", "name": "日本橋", "wheelchair": false}}, {"type": "Feature", "geometry": {"type": "Point", "coordinates": [139.77397, 35.685856]}, "properties": {"id": "bs-1186", "name": "日本橋三越", "wheelchair": false}}, {"type": "Feature", "geometry": {"type": "Point", "coordinates": [139.881439, 35.722813]}, "properties": {"id": "bs-1187", "name": "二枚橋", "wheelchair": false}}, {"type": "Feature", "geometry": {"type": "Point", "coordinates": [139.781746, 35.686731]}, "properties": {"id": "bs-1188", "name": "人形町三丁目", "wheelchair": false}}, {"type": "Feature", "geometry": {"type": "Point", "coordinates": [139.712824, 35.697819]}, "properties": {"id": "bs-1189", "name": "抜弁天", "wheelchair": false}}, {"type": "Feature", "geometry": {"type": "Point", "coordinates": [139.267837, 35.797547]}, "properties": {"id": "bs-1190", "name": "根ヶ布", "wheelchair": false}}, {"type": "Feature", "geometry": {"type": "Point", "coordinates": [139.765608, 35.717565]}, "properties": {"id": "bs-1191", "name": "根津駅前", "wheelchair": false}}, {"type": "Feature", "geometry": {"type": "Point", "coordinates": [139.763361, 35.719615]}, "properties": {"id": "bs-1192", "name": "根津神社入口", "wheelchair": false}}, {"type": "Feature", "geometry": {"type": "Point", "coordinates": [139.664866, 35.738478]}, "properties": {"id": "bs-1197", "name": "練馬車庫前", "wheelchair": false}}, {"type": "Feature", "geometry": {"type": "Point", "coordinates": [139.268276, 35.790597]}, "properties": {"id": "bs-1199", "name": "青梅総合高校入口", "wheelchair": false}}, {"type": "Feature", "geometry": {"type": "Point", "coordinates": [139.2705, 35.789712]}, "properties": {"id": "bs-1200", "name": "青梅総合高校前", "wheelchair": false}}, {"type": "Feature", "geometry": {"type": "Point", "coordinates": [139.653911, 35.721165]}, "properties": {"id": "bs-1201", "name": "野方駅北口", "wheelchair": false}}, {"type": "Feature", "geometry": {"type": "Point", "coordinates": [139.653873, 35.71689]}, "properties": {"id": "bs-1202", "name": "野方駅南口", "wheelchair": false}}, {"type": "Feature", "geometry": {"type": "Point", "coordinates": [139.654009, 35.712374]}, "properties": {"id": "bs-1203", "name": "野方二丁目", "wheelchair": false}}, {"type": "Feature", "geometry": {"type": "Point", "coordinates": [139.287173, 35.79258]}, "properties": {"id": "bs-1204", "name": "野上", "wheelchair": false}}, {"type": "Feature", "geometry": {"type": "Point", "coordinates": [139.392103, 35.754728]}, "properties": {"id": "bs-1207", "name": "萩の尾薬師堂前", "wheelchair": false}}, {"type": "Feature", "geometry": {"type": "Point", "coordinates": [139.753486, 35.722922]}, "properties": {"id": "bs-1208", "name": "白山上", "wheelchair": false}}, {"type": "Feature", "geometry": {"type": "Point", "coordinates": [139.745029, 35.71702]}, "properties": {"id": "bs-1211", "name": "白山二丁目", "wheelchair": false}}, {"type": "Feature", "geometry": {"type": "Point", "coordinates": [139.748389, 35.725638]}, "properties": {"id": "bs-1212", "name": "白山五丁目", "wheelchair": false}}, {"type": "Feature", "geometry": {"type": "Point", "coordinates": [139.342489, 35.772287]}, "properties": {"id": "bs-1214", "name": "箱根ヶ崎", "wheelchair": false}}, {"type": "Feature", "geometry": {"type": "Point", "coordinates": [139.346347, 35.771291]}, "properties": {"id": "bs-1215", "name": "箱根ヶ崎駅前", "wheelchair": false}}, {"type": "Feature", "geometry": {"type": "Point", "coordinates": [139.669412, 35.741535]}, "properties": {"id": "bs-1216", "name": "羽沢", "wheelchair": false}}, {"type": "Feature", "geometry": {"type": "Point", "coordinates": [139.806207, 35.728497]}, "properties": {"id": "bs-1218", "name": "橋場二丁目", "wheelchair": false}}, {"type": "Feature", "geometry": {"type": "Point", "coordinates": [139.676348, 35.676928]}, "properties": {"id": "bs-1219", "name": "幡ヶ谷駅前", "wheelchair": false}}, {"type": "Feature", "geometry": {"type": "Point", "coordinates": [139.673654, 35.676103]}, "properties": {"id": "bs-1220", "name": "幡ヶ谷原町", "wheelchair": false}}, {"type": "Feature", "geometry": {"type": "Point", "coordinates": [139.237389, 35.78007]}, "properties": {"id": "bs-1221", "name": "畑中三丁目", "wheelchair": false}}, {"type": "Feature", "geometry": {"type": "Point", "coordinates": [139.240321, 35.781929]}, "properties": {"id": "bs-1222", "name": "畑中公会堂前", "wheelchair": false}}, {"type": "Feature", "geometry": {"type": "Point", "coordinates": [139.680802, 35.678295]}, "properties": {"id": "bs-1223", "name": "幡代", "wheelchair": false}}, {"type": "Feature", "geometry": {"type": "Point", "coordinates": [139.807992, 35.658767]}, "properties": {"id": "bs-1224", "name": "八枝橋", "wheelchair": false}}, {"type": "Feature", "geometry": {"type": "Point", "coordinates": [139.687847, 35.672349]}, "properties": {"id": "bs-1227", "name": "八幡下", "wheelchair": false}}, {"type": "Feature", "geometry": {"type": "Point", "coordinates": [139.423738, 35.753101]}, "properties": {"id": "bs-1228", "name": "八幡神社前", "wheelchair": false}}, {"type": "Feature", "geometry": {"type": "Point", "coordinates": [139.685944, 35.680788]}, "properties": {"id": "bs-1229", "name": "新国立劇場前", "wheelchair": false}}, {"type": "Feature", "geometry": {"type": "Point", "coordinates": [139.688516, 35.679581]}, "properties": {"id": "bs-1230", "name": "初台坂上", "wheelchair": false}}, {"type": "Feature", "geometry": {"type": "Point", "coordinates": [139.687905, 35.674276]}, "properties": {"id": "bs-1231", "name": "初台坂下", "wheelchair": false}}, {"type": "Feature", "geometry": {"type": "Point", "coordinates": [139.776531, 35.677904]}, "properties": {"id": "bs-1232", "name": "八丁堀二丁目", "wheelchair": false}}, {"type": "Feature", "geometry": {"type": "Point", "coordinates": [139.800406, 35.71368]}, "properties": {"id": "bs-1233", "name": "花川戸", "wheelchair": false}}, {"type": "Feature", "geometry": {"type": "Point", "coordinates": [139.508809, 35.730563]}, "properties": {"id": "bs-1234", "name": "花小金井六丁目", "wheelchair": false}}, {"type": "Feature", "geometry": {"type": "Point", "coordinates": [139.712775, 35.691112]}, "properties": {"id": "bs-1235", "name": "花園町", "wheelchair": false}}, {"type": "Feature", "geometry": {"type": "Point", "coordinates": [139.786086, 35.684724]}, "properties": {"id": "bs-1236", "name": "浜町中の橋", "wheelchair": false}}, {"type": "Feature", "geometry": {"type": "Point", "coordinates": [139.789949, 35.686549]}, "properties": {"id": "bs-1237", "name": "浜町二丁目", "wheelchair": false}}, {"type": "Feature", "geometry": {"type": "Point", "coordinates": [139.756587, 35.656694]}, "properties": {"id": "bs-1238", "name": "浜松町駅前", "wheelchair": false}}, {"type": "Feature", "geometry": {"type": "Point", "coordinates": [139.763492, 35.664933]}, "properties": {"id": "bs-1239", "name": "浜離宮前", "wheelchair": false}}, {"type": "Feature", "geometry": {"type": "Point", "coordinates": [139.70295, 35.670461]}, "properties": {"id": "bs-1241", "name": "原宿駅前", "wheelchair": false}}, {"type": "Feature", "geometry": {"type": "Point", "coordinates": [139.395185, 35.75453]}, "properties": {"id": "bs-1242", "name": "原山", "wheelchair": false}}, {"type": "Feature", "geometry": {"type": "Point", "coordinates": [139.893393, 35.701904]}, "properties": {"id": "bs-1243", "name": "春江団地前", "wheelchair": false}}, {"type": "Feature", "geometry": {"type": "Point", "coordinates": [139.875011, 35.683058]}, "properties": {"id": "bs-1246", "name": "春江町四丁目", "wheelchair": false}}, {"type": "Feature", "geometry": {"type": "Point", "coordinates": [139.872504, 35.67864]}, "properties": {"id": "bs-1247", "name": "春江町五丁目", "wheelchair": false}}, {"type": "Feature", "geometry": {"type": "Point", "coordinates": [139.783637, 35.656295]}, "properties": {"id": "bs-1248", "name": "晴海区民館前", "wheelchair": false}}, {"type": "Feature", "geometry": {"type": "Point", "coordinates": [139.773195, 35.64708]}, "properties": {"id": "bs-1249", "name": "晴海埠頭", "wheelchair": false}}, {"type": "Feature", "geometry": {"type": "Point", "coordinates": [139.775045, 35.650937]}, "properties": {"id": "bs-1250", "name": "はるみらい前", "wheelchair": false}}, {"type": "Feature", "geometry": {"type": "Point", "coordinates": [139.77946, 35.653963]}, "properties": {"id": "bs-1251", "name": "ホテルマリナーズコート東京前", "wheelchair": false}}, {"type": "Feature", "geometry": {"type": "Point", "coordinates": [139.785578, 35.659746]}, "properties": {"id": "bs-1252", "name": "晴海一丁目", "wheelchair": false}}, {"type": "Feature", "geometry": {"type": "Point", "coordinates": [139.782145, 35.655767]}, "properties": {"id": "bs-1253", "name": "晴海三丁目", "wheelchair": false}}, {"type": "Feature", "geometry": {"type": "Point", "coordinates": [139.742294, 35.683948]}, "properties": {"id": "bs-1254", "name": "半蔵門", "wheelchair": false}}, {"type": "Feature", "geometry": {"type": "Point", "coordinates": [139.220744, 35.79006]}, "properties": {"id": "bs-1255", "name": "梅郷", "wheelchair": false}}, {"type": "Feature", "geometry": {"type": "Point", "coordinates": [139.781409, 35.692737]}, "properties": {"id": "bs-1256", "name": "馬喰町", "wheelchair": false}}, {"type": "Feature", "geometry": {"type": "Point", "coordinates": [139.720228, 35.706488]}, "properties": {"id": "bs-1258", "name": "馬場下町", "wheelchair": false}}, {"type": "Feature", "geometry": {"type": "Point", "coordinates": [139.736254, 35.687056]}, "properties": {"id": "bs-1259", "name": "番町", "wheelchair": false}}, {"type": "Feature", "geometry": {"type": "Point", "coordinates": [139.227186, 35.781396]}, "properties": {"id": "bs-1261", "name": "稲荷神社前(いなりじんじゃまえ（おうめし）)", "wheelchair": false}}, {"type": "Feature", "geometry": {"type": "Point", "coordinates": [139.799458, 35.7216]}, "properties": {"id": "bs-1262", "name": "東浅草一丁目", "wheelchair": false}}, {"type": "Feature", "geometry": {"type": "Point", "coordinates": [139.743682, 35.658223]}, "properties": {"id": "bs-1263", "name": "東麻布一丁目", "wheelchair": false}}, {"type": "Feature", "geometry": {"type": "Point", "coordinates": [139.715744, 35.728162]}, "properties": {"id": "bs-1264", "name": "東池袋一丁目", "wheelchair": false}}, {"type": "Feature", "geometry": {"type": "Point", "coordinates": [139.719756, 35.725644]}, "properties": {"id": "bs-1266", "name": "東池袋四丁目", "wheelchair": false}}, {"type": "Feature", "geometry": {"type": "Point", "coordinates": [139.779188, 35.707412]}, "properties": {"id": "bs-1267", "name": "東上野一丁目", "wheelchair": false}}, {"type": "Feature", "geometry": {"type": "Point", "coordinates": [139.784514, 35.711094]}, "properties": {"id": "bs-1268", "name": "東上野六丁目", "wheelchair": false}}, {"type": "Feature", "geometry": {"type": "Point", "coordinates": [139.270658, 35.792021]}, "properties": {"id": "bs-1269", "name": "東青梅", "wheelchair": false}}, {"type": "Feature", "geometry": {"type": "Point", "coordinates": [139.272229, 35.78965]}, "properties": {"id": "bs-1270", "name": "東青梅駅前", "wheelchair": false}}, {"type": "Feature", "geometry": {"type": "Point", "coordinates": [139.277679, 35.790615]}, "properties": {"id": "bs-1271", "name": "東青梅三丁目", "wheelchair": false}}, {"type": "Feature", "geometry": {"type": "Point", "coordinates": [139.280454, 35.791152]}, "properties": {"id": "bs-1272", "name": "東青梅五丁目", "wheelchair": false}}, {"type": "Feature", "geometry": {"type": "Point", "coordinates": [139.845895, 35.690101]}, "properties": {"id": "bs-1273", "name": "東大島駅前", "wheelchair": false}}, {"type": "Feature", "geometry": {"type": "Point", "coordinates": [139.769678, 35.746484]}, "properties": {"id": "bs-1274", "name": "東尾久五丁目", "wheelchair": false}}, {"type": "Feature", "geometry": {"type": "Point", "coordinates": [139.77488, 35.749556]}, "properties": {"id": "bs-1275", "name": "東尾久六丁目", "wheelchair": false}}, {"type": "Feature", "geometry": {"type": "Point", "coordinates": [139.78008, 35.694848]}, "properties": {"id": "bs-1276", "name": "東神田", "wheelchair": false}}, {"type": "Feature", "geometry": {"type": "Point", "coordinates": [139.657531, 35.698084]}, "properties": {"id": "bs-1277", "name": "東高円寺駅前", "wheelchair": false}}, {"type": "Feature", "geometry": {"type": "Point", "coordinates": [139.798284, 35.70673]}, "properties": {"id": "bs-1278", "name": "東駒形一丁目", "wheelchair": false}}, {"type": "Feature", "geometry": {"type": "Point", "coordinates": [139.867605, 35.693046]}, "properties": {"id": "bs-1279", "name": "東小松川小学校前", "wheelchair": false}}, {"type": "Feature", "geometry": {"type": "Point", "coordinates": [139.867792, 35.699779]}, "properties": {"id": "bs-1280", "name": "東小松川一丁目", "wheelchair": false}}, {"type": "Feature", "geometry": {"type": "Point", "coordinates": [139.867693, 35.695301]}, "properties": {"id": "bs-1281", "name": "東小松川二丁目", "wheelchair": false}}, {"type": "Feature", "geometry": {"type": "Point", "coordinates": [139.738988, 35.708376]}, "properties": {"id": "bs-1282", "name": "東五軒町", "wheelchair": false}}, {"type": "Feature", "geometry": {"type": "Point", "coordinates": [139.730634, 35.62487]}, "properties": {"id": "bs-1283", "name": "東五反田三丁目", "wheelchair": false}}, {"type": "Feature", "geometry": {"type": "Point", "coordinates": [139.750107, 35.61298]}, "properties": {"id": "bs-1284", "name": "東品川ゆうゆうプラザ前", "wheelchair": false}}, {"type": "Feature", "geometry": {"type": "Point", "coordinates": [139.75037, 35.615724]}, "properties": {"id": "bs-1285", "name": "東品川橋", "wheelchair": false}}, {"type": "Feature", "geometry": {"type": "Point", "coordinates": [139.742453, 35.620621]}, "properties": {"id": "bs-1286", "name": "東品川一丁目", "wheelchair": false}}, {"type": "Feature", "geometry": {"type": "Point", "coordinates": [139.747422, 35.615252]}, "properties": {"id": "bs-1287", "name": "東品川三丁目", "wheelchair": false}}, {"type": "Feature", "geometry": {"type": "Point", "coordinates": [139.753985, 35.62373]}, "properties": {"id": "bs-1288", "name": "東品川五丁目", "wheelchair": false}}, {"type": "Feature", "geometry": {"type": "Point", "coordinates": [139.860678, 35.721738]}, "properties": {"id": "bs-1289", "name": "東新小岩一丁目", "wheelchair": false}}, {"type": "Feature", "geometry": {"type": "Point", "coordinates": [139.863123, 35.723446]}, "properties": {"id": "bs-1290", "name": "東新小岩三丁目", "wheelchair": false}}, {"type": "Feature", "geometry": {"type": "Point", "coordinates": [139.866068, 35.724825]}, "properties": {"id": "bs-1291", "name": "東新小岩四丁目", "wheelchair": false}}, {"type": "Feature", "geometry": {"type": "Point", "coordinates": [139.728064, 35.767647]}, "properties": {"id": "bs-1292", "name": "東十条四丁目", "wheelchair": false}}, {"type": "Feature", "geometry": {"type": "Point", "coordinates": [139.84483, 35.683808]}, "properties": {"id": "bs-1293", "name": "東砂二丁目", "wheelchair": false}}, {"type": "Feature", "geometry": {"type": "Point", "coordinates": [139.844431, 35.68189]}, "properties": {"id": "bs-1294", "name": "東砂三丁目", "wheelchair": false}}, {"type": "Feature", "geometry": {"type": "Point", "coordinates": [139.83822, 35.675786]}, "properties": {"id": "bs-1295", "name": "東砂四丁目", "wheelchair": false}}, {"type": "Feature", "geometry": {"type": "Point", "coordinates": [139.843207, 35.675984]}, "properties": {"id": "bs-1296", "name": "東砂五丁目", "wheelchair": false}}, {"type": "Feature", "geometry": {"type": "Point", "coordinates": [139.840828, 35.67291]}, "properties": {"id": "bs-1297", "name": "東砂六丁目", "wheelchair": false}}, {"type": "Feature", "geometry": {"type": "Point", "coordinates": [139.832935, 35.716393]}, "properties": {"id": "bs-1299", "name": "東墨田一丁目", "wheelchair": false}}, {"type": "Feature", "geometry": {"type": "Point", "coordinates": [139.830919, 35.721865]}, "properties": {"id": "bs-1300", "name": "東墨田二丁目", "wheelchair": false}}, {"type": "Feature", "geometry": {"type": "Point", "coordinates": [139.834297, 35.718465]}, "properties": {"id": "bs-1301", "name": "東墨田三丁目", "wheelchair": false}}, {"type": "Feature", "geometry": {"type": "Point", "coordinates": [139.334722, 35.777468]}, "properties": {"id": "bs-1306", "name": "東長岡", "wheelchair": false}}, {"type": "Feature", "geometry": {"type": "Point", "coordinates": [139.681873, 35.728191]}, "properties": {"id": "bs-1307", "name": "東長崎駅通り", "wheelchair": false}}, {"type": "Feature", "geometry": {"type": "Point", "coordinates": [139.778875, 35.729182]}, "properties": {"id": "bs-1308", "name": "東日暮里三丁目", "wheelchair": false}}, {"type": "Feature", "geometry": {"type": "Point", "coordinates": [139.778978, 35.726077]}, "properties": {"id": "bs-1309", "name": "東日暮里四丁目", "wheelchair": false}}, {"type": "Feature", "geometry": {"type": "Point", "coordinates": [139.775565, 35.728561]}, "properties": {"id": "bs-1310", "name": "東日暮里五丁目", "wheelchair": false}}, {"type": "Feature", "geometry": {"type": "Point", "coordinates": [139.78394, 35.691162]}, "properties": {"id": "bs-1311", "name": "東日本橋駅前", "wheelchair": false}}, {"type": "Feature", "geometry": {"type": "Point", "coordinates": [139.817773, 35.721795]}, "properties": {"id": "bs-1316", "name": "東向島広小路", "wheelchair": false}}, {"type": "Feature", "geometry": {"type": "Point", "coordinates": [139.815684, 35.720137]}, "properties": {"id": "bs-1317", "name": "東向島一丁目", "wheelchair": false}}, {"type": "Feature", "geometry": {"type": "Point", "coordinates": [139.821142, 35.725136]}, "properties": {"id": "bs-1318", "name": "東向島五丁目", "wheelchair": false}}, {"type": "Feature", "geometry": {"type": "Point", "coordinates": [139.82383, 35.727626]}, "properties": {"id": "bs-1319", "name": "東向島六丁目", "wheelchair": false}}, {"type": "Feature", "geometry": {"type": "Point", "coordinates": [139.685338, 35.752987]}, "properties": {"id": "bs-1320", "name": "東山町", "wheelchair": false}}, {"type": "Feature", "geometry": {"type": "Point", "coordinates": [139.434951, 35.734726]}, "properties": {"id": "bs-1321", "name": "東大和市駅前", "wheelchair": false}}, {"type": "Feature", "geometry": {"type": "Point", "coordinates": [139.709053, 35.65234]}, "properties": {"id": "bs-1322", "name": "東二丁目", "wheelchair": false}}, {"type": "Feature", "geometry": {"type": "Point", "coordinates": [139.713974, 35.655158]}, "properties": {"id": "bs-1323", "name": "東四丁目", "wheelchair": false}}, {"type": "Feature", "geometry": {"type": "Point", "coordinates": [139.786831, 35.6876]}, "properties": {"id": "bs-1324", "name": "久松町", "wheelchair": false}}, {"type": "Feature", "geometry": {"type": "Point", "coordinates": [139.740553, 35.692447]}, "properties": {"id": "bs-1325", "name": "一口坂", "wheelchair": false}}, {"type": "Feature", "geometry": {"type": "Point", "coordinates": [139.758972, 35.692427]}, "properties": {"id": "bs-1326", "name": "一ツ橋", "wheelchair": false}}, {"type": "Feature", "geometry": {"type": "Point", "coordinates": [139.757548, 35.647977]}, "properties": {"id": "bs-1332", "name": "海岸二丁目", "wheelchair": false}}, {"type": "Feature", "geometry": {"type": "Point", "coordinates": [139.760511, 35.674459]}, "properties": {"id": "bs-1336", "name": "日比谷", "wheelchair": false}}, {"type": "Feature", "geometry": {"type": "Point", "coordinates": [139.816195, 35.724461]}, "properties": {"id": "bs-1339", "name": "百花園前", "wheelchair": false}}, {"type": "Feature", "geometry": {"type": "Point", "coordinates": [139.72576, 35.637856]}, "properties": {"id": "bs-1340", "name": "白金台駅前", "wheelchair": false}}, {"type": "Feature", "geometry": {"type": "Point", "coordinates": [139.841793, 35.706789]}, "properties": {"id": "bs-1341", "name": "平井駅前", "wheelchair": false}}, {"type": "Feature", "geometry": {"type": "Point", "coordinates": [139.843044, 35.706366]}, "properties": {"id": "bs-1342", "name": "平井駅南口", "wheelchair": false}}, {"type": "Feature", "geometry": {"type": "Point", "coordinates": [139.84156, 35.710103]}, "properties": {"id": "bs-1343", "name": "平井小学校前", "wheelchair": false}}, {"type": "Feature", "geometry": {"type": "Point", "coordinates": [139.839838, 35.71132]}, "properties": {"id": "bs-1344", "name": "平井操車所", "wheelchair": false}}, {"type": "Feature", "geometry": {"type": "Point", "coordinates": [139.840247, 35.702695]}, "properties": {"id": "bs-1345", "name": "平井都営アパート前", "wheelchair": false}}, {"type": "Feature", "geometry": {"type": "Point", "coordinates": [139.838301, 35.71253]}, "properties": {"id": "bs-1346", "name": "平井西袋", "wheelchair": false}}, {"type": "Feature", "geometry": {"type": "Point", "coordinates": [139.844672, 35.699698]}, "properties": {"id": "bs-1348", "name": "平井二丁目", "wheelchair": false}}, {"type": "Feature", "geometry": {"type": "Point", "coordinates": [139.841957, 35.711787]}, "properties": {"id": "bs-1349", "name": "平井六丁目", "wheelchair": false}}, {"type": "Feature", "geometry": {"type": "Point", "coordinates": [139.842325, 35.714891]}, "properties": {"id": "bs-1350", "name": "平井七丁目", "wheelchair": false}}, {"type": "Feature", "geometry": {"type": "Point", "coordinates": [139.837775, 35.716774]}, "properties": {"id": "bs-1351", "name": "平井七丁目北公園前", "wheelchair": false}}, {"type": "Feature", "geometry": {"type": "Point", "coordinates": [139.738284, 35.680732]}, "properties": {"id": "bs-1353", "name": "平河町二丁目", "wheelchair": false}}, {"type": "Feature", "geometry": {"type": "Point", "coordinates": [139.798262, 35.6787]}, "properties": {"id": "bs-1354", "name": "平野一丁目", "wheelchair": false}}, {"type": "Feature", "geometry": {"type": "Point", "coordinates": [139.310835, 35.785119]}, "properties": {"id": "bs-1355", "name": "平松", "wheelchair": false}}, {"type": "Feature", "geometry": {"type": "Point", "coordinates": [139.713432, 35.653095]}, "properties": {"id": "bs-1356", "name": "広尾高校前", "wheelchair": false}}, {"type": "Feature", "geometry": {"type": "Point", "coordinates": [139.722509, 35.650336]}, "properties": {"id": "bs-1357", "name": "広尾駅前（広尾橋）", "wheelchair": false}}, {"type": "Feature", "geometry": {"type": "Point", "coordinates": [139.722364, 35.647892]}, "properties": {"id": "bs-1358", "name": "広尾病院前", "wheelchair": false}}, {"type": "Feature", "geometry": {"type": "Point", "coordinates": [139.717094, 35.648549]}, "properties": {"id": "bs-1359", "name": "広尾一丁目", "wheelchair": false}}, {"type": "Feature", "geometry": {"type": "Point", "coordinates": [139.801075, 35.645617]}, "properties": {"id": "bs-1361", "name": "深川車庫入口", "wheelchair": false}}, {"type": "Feature", "geometry": {"type": "Point", "coordinates": [139.802526, 35.643119]}, "properties": {"id": "bs-1362", "name": "深川車庫前", "wheelchair": false}}, {"type": "Feature", "geometry": {"type": "Point", "coordinates": [139.811531, 35.663924]}, "properties": {"id": "bs-1363", "name": "深川第八中学校前", "wheelchair": false}}, {"type": "Feature", "geometry": {"type": "Point", "coordinates": [139.797111, 35.675189]}, "properties": {"id": "bs-1364", "name": "深川一丁目", "wheelchair": false}}, {"type": "Feature", "geometry": {"type": "Point", "coordinates": [139.796667, 35.676728]}, "properties": {"id": "bs-1365", "name": "深川二丁目", "wheelchair": false}}, {"type": "Feature", "geometry": {"type": "Point", "coordinates": [139.281194, 35.798379]}, "properties": {"id": "bs-1368", "name": "吹上", "wheelchair": false}}, {"type": "Feature", "geometry": {"type": "Point", "coordinates": [139.828537, 35.67294]}, "properties": {"id": "bs-1370", "name": "福島橋", "wheelchair": false}}, {"type": "Feature", "geometry": {"type": "Point", "coordinates": [139.825351, 35.705078]}, "properties": {"id": "bs-1371", "name": "福神橋", "wheelchair": false}}, {"type": "Feature", "geometry": {"type": "Point", "coordinates": [139.70062, 35.760128]}, "properties": {"id": "bs-1373", "name": "富士見町都営住宅前", "wheelchair": false}}, {"type": "Feature", "geometry": {"type": "Point", "coordinates": [139.756243, 35.624605]}, "properties": {"id": "bs-1375", "name": "埠頭通り", "wheelchair": false}}, {"type": "Feature", "geometry": {"type": "Point", "coordinates": [139.79694, 35.671379]}, "properties": {"id": "bs-1376", "name": "不動尊前", "wheelchair": false}}, {"type": "Feature", "geometry": {"type": "Point", "coordinates": [139.862852, 35.682429]}, "properties": {"id": "bs-1377", "name": "船堀小学校前", "wheelchair": false}}, {"type": "Feature", "geometry": {"type": "Point", "coordinates": [139.864776, 35.680243]}, "properties": {"id": "bs-1378", "name": "船堀中組", "wheelchair": false}}, {"type": "Feature", "geometry": {"type": "Point", "coordinates": [139.736061, 35.64716]}, "properties": {"id": "bs-1380", "name": "古川橋", "wheelchair": false}}, {"type": "Feature", "geometry": {"type": "Point", "coordinates": [139.827987, 35.70968]}, "properties": {"id": "bs-1382", "name": "文花二丁目", "wheelchair": false}}, {"type": "Feature", "geometry": {"type": "Point", "coordinates": [139.824333, 35.712279]}, "properties": {"id": "bs-1383", "name": "文花三丁目", "wheelchair": false}}, {"type": "Feature", "geometry": {"type": "Point", "coordinates": [139.752475, 35.708579]}, "properties": {"id": "bs-1384", "name": "春日駅前", "wheelchair": false}}, {"type": "Feature", "geometry": {"type": "Point", "coordinates": [139.242656, 35.827611]}, "properties": {"id": "bs-1385", "name": "成木五丁目自治会館前", "wheelchair": false}}, {"type": "Feature", "geometry": {"type": "Point", "coordinates": [139.791667, 35.76186]}, "properties": {"id": "bs-1387", "name": "放水路土手下", "wheelchair": false}}, {"type": "Feature", "geometry": {"type": "Point", "coordinates": [139.67858, 35.697562]}, "properties": {"id": "bs-1388", "name": "宝仙寺前", "wheelchair": false}}, {"type": "Feature", "geometry": {"type": "Point", "coordinates": [139.694389, 35.664963]}, "properties": {"id": "bs-1389", "name": "放送センター西口", "wheelchair": false}}, {"type": "Feature", "geometry": {"type": "Point", "coordinates": [139.656688, 35.682891]}, "properties": {"id": "bs-1390", "name": "方南八幡通り", "wheelchair": false}}, {"type": "Feature", "geometry": {"type": "Point", "coordinates": [139.801946, 35.797059]}, "properties": {"id": "bs-1391", "name": "保木間", "wheelchair": false}}, {"type": "Feature", "geometry": {"type": "Point", "coordinates": [139.801407, 35.792728]}, "properties": {"id": "bs-1392", "name": "保木間仲通り", "wheelchair": false}}, {"type": "Feature", "geometry": {"type": "Point", "coordinates": [139.802532, 35.790937]}, "properties": {"id": "bs-1393", "name": "保木間一丁目", "wheelchair": false}}, {"type": "Feature", "geometry": {"type": "Point", "coordinates": [139.871586, 35.647981]}, "properties": {"id": "bs-1394", "name": "堀江団地", "wheelchair": false}}, {"type": "Feature", "geometry": {"type": "Point", "coordinates": [139.869193, 35.649457]}, "properties": {"id": "bs-1395", "name": "堀江団地入口", "wheelchair": false}}, {"type": "Feature", "geometry": {"type": "Point", "coordinates": [139.781086, 35.687509]}, "properties": {"id": "bs-1397", "name": "堀留町", "wheelchair": false}}, {"type": "Feature", "geometry": {"type": "Point", "coordinates": [139.65436, 35.69236]}, "properties": {"id": "bs-1398", "name": "堀ノ内", "wheelchair": false}}, {"type": "Feature", "geometry": {"type": "Point", "coordinates": [139.65498, 35.688879]}, "properties": {"id": "bs-1399", "name": "杏林大学杉並病院前", "wheelchair": false}}, {"type": "Feature", "geometry": {"type": "Point", "coordinates": [139.748153, 35.750719]}, "properties": {"id": "bs-1400", "name": "梶原", "wheelchair": false}}, {"type": "Feature", "geometry": {"type": "Point", "coordinates": [139.743731, 35.754099]}, "properties": {"id": "bs-1401", "name": "堀船", "wheelchair": false}}, {"type": "Feature", "geometry": {"type": "Point", "coordinates": [139.725958, 35.741899]}, "properties": {"id": "bs-1402", "name": "堀割", "wheelchair": false}}, {"type": "Feature", "geometry": {"type": "Point", "coordinates": [139.867799, 35.719313]}, "properties": {"id": "bs-1403", "name": "本一色", "wheelchair": false}}, {"type": "Feature", "geometry": {"type": "Point", "coordinates": [139.746634, 35.726722]}, "properties": {"id": "bs-1404", "name": "本駒込二丁目", "wheelchair": false}}, {"type": "Feature", "geometry": {"type": "Point", "coordinates": [139.754541, 35.725249]}, "properties": {"id": "bs-1405", "name": "本駒込三丁目", "wheelchair": false}}, {"type": "Feature", "geometry": {"type": "Point", "coordinates": [139.754983, 35.733485]}, "properties": {"id": "bs-1406", "name": "本駒込四丁目", "wheelchair": false}}, {"type": "Feature", "geometry": {"type": "Point", "coordinates": [139.741254, 35.730893]}, "properties": {"id": "bs-1407", "name": "本駒込六丁目", "wheelchair": false}}, {"type": "Feature", "geometry": {"type": "Point", "coordinates": [139.757367, 35.718764]}, "properties": {"id": "bs-1408", "name": "本郷追分", "wheelchair": false}}, {"type": "Feature", "geometry": {"type": "Point", "coordinates": [139.760909, 35.705166]}, "properties": {"id": "bs-1409", "name": "本郷二丁目", "wheelchair": false}}, {"type": "Feature", "geometry": {"type": "Point", "coordinates": [139.76083, 35.706602]}, "properties": {"id": "bs-1410", "name": "本郷三丁目駅前", "wheelchair": false}}, {"type": "Feature", "geometry": {"type": "Point", "coordinates": [139.756604, 35.713244]}, "properties": {"id": "bs-1411", "name": "本郷六丁目", "wheelchair": false}}, {"type": "Feature", "geometry": {"type": "Point", "coordinates": [139.802973, 35.708631]}, "properties": {"id": "bs-1414", "name": "本所吾妻橋", "wheelchair": false}}, {"type": "Feature", "geometry": {"type": "Point", "coordinates": [139.80448, 35.7061]}, "properties": {"id": "bs-1415", "name": "東駒形三丁目", "wheelchair": false}}, {"type": "Feature", "geometry": {"type": "Point", "coordinates": [139.797046, 35.702846]}, "properties": {"id": "bs-1416", "name": "本所一丁目", "wheelchair": false}}, {"type": "Feature", "geometry": {"type": "Point", "coordinates": [139.801233, 35.703764]}, "properties": {"id": "bs-1417", "name": "本所二丁目", "wheelchair": false}}, {"type": "Feature", "geometry": {"type": "Point", "coordinates": [139.804241, 35.703888]}, "properties": {"id": "bs-1418", "name": "本所四丁目", "wheelchair": false}}, {"type": "Feature", "geometry": {"type": "Point", "coordinates": [139.776684, 35.689687]}, "properties": {"id": "bs-1419", "name": "本町三丁目(ほんちょうさんちょうめ（ちゅうおうく）)", "wheelchair": false}}, {"type": "Feature", "geometry": {"type": "Point", "coordinates": [139.664105, 35.697511]}, "properties": {"id": "bs-1421", "name": "本町六丁目", "wheelchair": false}}, {"type": "Feature", "geometry": {"type": "Point", "coordinates": [139.83711, 35.737721]}, "properties": {"id": "bs-1422", "name": "葛飾警察署前", "wheelchair": false}}, {"type": "Feature", "geometry": {"type": "Point", "coordinates": [139.856401, 35.67929]}, "properties": {"id": "bs-1424", "name": "棒茅場", "wheelchair": false}}, {"type": "Feature", "geometry": {"type": "Point", "coordinates": [139.72358, 35.6623]}, "properties": {"id": "bs-1425", "name": "墓地下", "wheelchair": false}}, {"type": "Feature", "geometry": {"type": "Point", "coordinates": [139.756771, 35.707208]}, "properties": {"id": "bs-1429", "name": "真砂坂上", "wheelchair": false}}, {"type": "Feature", "geometry": {"type": "Point", "coordinates": [139.780088, 35.742189]}, "properties": {"id": "bs-1430", "name": "町屋駅前", "wheelchair": false}}, {"type": "Feature", "geometry": {"type": "Point", "coordinates": [139.782063, 35.745167]}, "properties": {"id": "bs-1431", "name": "町屋一丁目", "wheelchair": false}}, {"type": "Feature", "geometry": {"type": "Point", "coordinates": [139.784818, 35.749342]}, "properties": {"id": "bs-1432", "name": "町屋三丁目", "wheelchair": false}}, {"type": "Feature", "geometry": {"type": "Point", "coordinates": [139.870607, 35.696469]}, "properties": {"id": "bs-1433", "name": "松江", "wheelchair": false}}, {"type": "Feature", "geometry": {"type": "Point", "coordinates": [139.866222, 35.688716]}, "properties": {"id": "bs-1434", "name": "松江第一中学校前", "wheelchair": false}}, {"type": "Feature", "geometry": {"type": "Point", "coordinates": [139.864239, 35.712532]}, "properties": {"id": "bs-1435", "name": "松島三丁目", "wheelchair": false}}, {"type": "Feature", "geometry": {"type": "Point", "coordinates": [139.339801, 35.775912]}, "properties": {"id": "bs-1437", "name": "松原", "wheelchair": false}}, {"type": "Feature", "geometry": {"type": "Point", "coordinates": [139.660891, 35.665393]}, "properties": {"id": "bs-1438", "name": "代田六丁目", "wheelchair": false}}, {"type": "Feature", "geometry": {"type": "Point", "coordinates": [139.770015, 35.69828]}, "properties": {"id": "bs-1440", "name": "万世橋", "wheelchair": false}}, {"type": "Feature", "geometry": {"type": "Point", "coordinates": [139.24981, 35.785639]}, "properties": {"id": "bs-1441", "name": "万年橋", "wheelchair": false}}, {"type": "Feature", "geometry": {"type": "Point", "coordinates": [139.778747, 35.73331]}, "properties": {"id": "bs-1442", "name": "三河島駅前", "wheelchair": false}}, {"type": "Feature", "geometry": {"type": "Point", "coordinates": [139.78873, 35.706218]}, "properties": {"id": "bs-1444", "name": "三筋二丁目", "wheelchair": false}}, {"type": "Feature", "geometry": {"type": "Point", "coordinates": [139.883525, 35.686131]}, "properties": {"id": "bs-1445", "name": "一之江駅前", "wheelchair": false}}, {"type": "Feature", "geometry": {"type": "Point", "coordinates": [139.885243, 35.679443]}, "properties": {"id": "bs-1446", "name": "瑞江中学校前", "wheelchair": false}}, {"type": "Feature", "geometry": {"type": "Point", "coordinates": [139.354937, 35.768377]}, "properties": {"id": "bs-1447", "name": "瑞穂第一小学校前", "wheelchair": false}}, {"type": "Feature", "geometry": {"type": "Point", "coordinates": [139.352922, 35.770112]}, "properties": {"id": "bs-1448", "name": "瑞穂町役場入口", "wheelchair": false}}, {"type": "Feature", "geometry": {"type": "Point", "coordinates": [139.746817, 35.629686]}, "properties": {"id": "bs-1450", "name": "御楯橋", "wheelchair": false}}, {"type": "Feature", "geometry": {"type": "Point", "coordinates": [139.739867, 35.646169]}, "properties": {"id": "bs-1453", "name": "三田五丁目", "wheelchair": false}}, {"type": "Feature", "geometry": {"type": "Point", "coordinates": [139.375282, 35.759101]}, "properties": {"id": "bs-1454", "name": "三ツ木", "wheelchair": false}}, {"type": "Feature", "geometry": {"type": "Point", "coordinates": [139.3717, 35.760109]}, "properties": {"id": "bs-1455", "name": "三ツ木薬師前", "wheelchair": false}}, {"type": "Feature", "geometry": {"type": "Point", "coordinates": [139.798581, 35.694695]}, "properties": {"id": "bs-1458", "name": "緑一丁目", "wheelchair": false}}, {"type": "Feature", "geometry": {"type": "Point", "coordinates": [139.800987, 35.694595]}, "properties": {"id": "bs-1459", "name": "緑二丁目", "wheelchair": false}}, {"type": "Feature", "geometry": {"type": "Point", "coordinates": [139.804714, 35.69487]}, "properties": {"id": "bs-1460", "name": "緑三丁目", "wheelchair": false}}, {"type": "Feature", "geometry": {"type": "Point", "coordinates": [139.753397, 35.639722]}, "properties": {"id": "bs-1462", "name": "海岸通り", "wheelchair": false}}, {"type": "Feature", "geometry": {"type": "Point", "coordinates": [139.779455, 35.670963]}, "properties": {"id": "bs-1464", "name": "湊三丁目", "wheelchair": false}}, {"type": "Feature", "geometry": {"type": "Point", "coordinates": [139.718461, 35.667713]}, "properties": {"id": "bs-1466", "name": "南青山二丁目", "wheelchair": false}}, {"type": "Feature", "geometry": {"type": "Point", "coordinates": [139.711467, 35.662744]}, "properties": {"id": "bs-1467", "name": "南青山五丁目", "wheelchair": false}}, {"type": "Feature", "geometry": {"type": "Point", "coordinates": [139.714412, 35.661228]}, "properties": {"id": "bs-1468", "name": "南青山六丁目", "wheelchair": false}}, {"type": "Feature", "geometry": {"type": "Point", "coordinates": [139.720376, 35.659204]}, "properties": {"id": "bs-1469", "name": "南青山七丁目", "wheelchair": false}}, {"type": "Feature", "geometry": {"type": "Point", "coordinates": [139.711443, 35.725907]}, "properties": {"id": "bs-1470", "name": "南池袋三丁目", "wheelchair": false}}, {"type": "Feature", "geometry": {"type": "Point", "coordinates": [139.735365, 35.725682]}, "properties": {"id": "bs-1471", "name": "南大塚一丁目", "wheelchair": false}}, {"type": "Feature", "geometry": {"type": "Point", "coordinates": [139.87502, 35.647095]}, "properties": {"id": "bs-1472", "name": "南葛西小学校前", "wheelchair": false}}, {"type": "Feature", "geometry": {"type": "Point", "coordinates": [139.743695, 35.614606]}, "properties": {"id": "bs-1473", "name": "南品川二丁目", "wheelchair": false}}, {"type": "Feature", "geometry": {"type": "Point", "coordinates": [139.824375, 35.678703]}, "properties": {"id": "bs-1474", "name": "南砂一丁目", "wheelchair": false}}, {"type": "Feature", "geometry": {"type": "Point", "coordinates": [139.821512, 35.669647]}, "properties": {"id": "bs-1475", "name": "江東運転免許試験場前", "wheelchair": false}}, {"type": "Feature", "geometry": {"type": "Point", "coordinates": [139.826296, 35.672727]}, "properties": {"id": "bs-1476", "name": "南砂三丁目", "wheelchair": false}}, {"type": "Feature", "geometry": {"type": "Point", "coordinates": [139.834175, 35.671092]}, "properties": {"id": "bs-1477", "name": "南砂六丁目", "wheelchair": false}}, {"type": "Feature", "geometry": {"type": "Point", "coordinates": [139.798424, 35.731309]}, "properties": {"id": "bs-1478", "name": "南千住車庫前", "wheelchair": false}}, {"type": "Feature", "geometry": {"type": "Point", "coordinates": [139.800673, 35.730311]}, "properties": {"id": "bs-1479", "name": "隅田川貨物駅前", "wheelchair": false}}, {"type": "Feature", "geometry": {"type": "Point", "coordinates": [139.808368, 35.732666]}, "properties": {"id": "bs-1480", "name": "南千住三丁目", "wheelchair": false}}, {"type": "Feature", "geometry": {"type": "Point", "coordinates": [139.795299, 35.735199]}, "properties": {"id": "bs-1481", "name": "南千住六丁目", "wheelchair": false}}, {"type": "Feature", "geometry": {"type": "Point", "coordinates": [139.807887, 35.736213]}, "properties": {"id": "bs-1482", "name": "南千住八丁目", "wheelchair": false}}, {"type": "Feature", "geometry": {"type": "Point", "coordinates": [139.782594, 35.673588]}, "properties": {"id": "bs-1483", "name": "南高橋", "wheelchair": false}}, {"type": "Feature", "geometry": {"type": "Point", "coordinates": [139.690057, 35.756534]}, "properties": {"id": "bs-1485", "name": "南常盤台", "wheelchair": false}}, {"type": "Feature", "geometry": {"type": "Point", "coordinates": [139.68888, 35.722782]}, "properties": {"id": "bs-1486", "name": "南長崎二丁目", "wheelchair": false}}, {"type": "Feature", "geometry": {"type": "Point", "coordinates": [139.686178, 35.724856]}, "properties": {"id": "bs-1487", "name": "南長崎三丁目", "wheelchair": false}}, {"type": "Feature", "geometry": {"type": "Point", "coordinates": [139.681416, 35.727012]}, "properties": {"id": "bs-1488", "name": "南長崎五丁目", "wheelchair": false}}, {"type": "Feature", "geometry": {"type": "Point", "coordinates": [139.678205, 35.731193]}, "properties": {"id": "bs-1489", "name": "南長崎六丁目", "wheelchair": false}}, {"type": "Feature", "geometry": {"type": "Point", "coordinates": [139.68767, 35.676449]}, "properties": {"id": "bs-1490", "name": "南初台", "wheelchair": false}}, {"type": "Feature", "geometry": {"type": "Point", "coordinates": [139.741498, 35.613805]}, "properties": {"id": "bs-1491", "name": "南馬場", "wheelchair": false}}, {"type": "Feature", "geometry": {"type": "Point", "coordinates": [139.377415, 35.759251]}, "properties": {"id": "bs-1492", "name": "峰", "wheelchair": false}}, {"type": "Feature", "geometry": {"type": "Point", "coordinates": [139.791064, 35.729425]}, "properties": {"id": "bs-1493", "name": "三ノ輪駅前", "wheelchair": false}}, {"type": "Feature", "geometry": {"type": "Point", "coordinates": [139.792726, 35.732615]}, "properties": {"id": "bs-1494", "name": "三ノ輪橋", "wheelchair": false}}, {"type": "Feature", "geometry": {"type": "Point", "coordinates": [139.794547, 35.728661]}, "properties": {"id": "bs-1495", "name": "三ノ輪二丁目", "wheelchair": false}}, {"type": "Feature", "geometry": {"type": "Point", "coordinates": [139.756943, 35.76034]}, "properties": {"id": "bs-1497", "name": "宮城小学校前", "wheelchair": false}}, {"type": "Feature", "geometry": {"type": "Point", "coordinates": [139.757196, 35.757527]}, "properties": {"id": "bs-1498", "name": "宮城都営住宅前", "wheelchair": false}}, {"type": "Feature", "geometry": {"type": "Point", "coordinates": [139.758293, 35.762362]}, "properties": {"id": "bs-1499", "name": "宮城土手上", "wheelchair": false}}, {"type": "Feature", "geometry": {"type": "Point", "coordinates": [139.755129, 35.76237]}, "properties": {"id": "bs-1500", "name": "宮城二丁目", "wheelchair": false}}, {"type": "Feature", "geometry": {"type": "Point", "coordinates": [139.744977, 35.681529]}, "properties": {"id": "bs-1501", "name": "三宅坂", "wheelchair": false}}, {"type": "Feature", "geometry": {"type": "Point", "coordinates": [139.796844, 35.642839]}, "properties": {"id": "bs-1502", "name": "都橋住宅前", "wheelchair": false}}, {"type": "Feature", "geometry": {"type": "Point", "coordinates": [139.702156, 35.664052]}, "properties": {"id": "bs-1504", "name": "宮下公園", "wheelchair": false}}, {"type": "Feature", "geometry": {"type": "Point", "coordinates": [139.737208, 35.71765]}, "properties": {"id": "bs-1507", "name": "茗荷谷駅前", "wheelchair": false}}, {"type": "Feature", "geometry": {"type": "Point", "coordinates": [139.276523, 35.794487]}, "properties": {"id": "bs-1508", "name": "妙光院", "wheelchair": false}}, {"type": "Feature", "geometry": {"type": "Point", "coordinates": [139.806983, 35.678743]}, "properties": {"id": "bs-1510", "name": "東京都現代美術館前", "wheelchair": false}}, {"type": "Feature", "geometry": {"type": "Point", "coordinates": [139.755742, 35.720731]}, "properties": {"id": "bs-1511", "name": "向丘一丁目", "wheelchair": false}}, {"type": "Feature", "geometry": {"type": "Point", "coordinates": [139.754283, 35.722705]}, "properties": {"id": "bs-1512", "name": "向丘二丁目", "wheelchair": false}}, {"type": "Feature", "geometry": {"type": "Point", "coordinates": [139.809412, 35.71539]}, "properties": {"id": "bs-1513", "name": "向島二丁目", "wheelchair": false}}, {"type": "Feature", "geometry": {"type": "Point", "coordinates": [139.812413, 35.717192]}, "properties": {"id": "bs-1514", "name": "向島五丁目", "wheelchair": false}}, {"type": "Feature", "geometry": {"type": "Point", "coordinates": [139.725391, 35.728676]}, "properties": {"id": "bs-1515", "name": "向原", "wheelchair": false}}, {"type": "Feature", "geometry": {"type": "Point", "coordinates": [139.668887, 35.737485]}, "properties": {"id": "bs-1516", "name": "武蔵大学前", "wheelchair": false}}, {"type": "Feature", "geometry": {"type": "Point", "coordinates": [139.675651, 35.746049]}, "properties": {"id": "bs-1517", "name": "武蔵野病院前", "wheelchair": false}}, {"type": "Feature", "geometry": {"type": "Point", "coordinates": [139.387205, 35.755474]}, "properties": {"id": "bs-1518", "name": "武蔵村山市役所前", "wheelchair": false}}, {"type": "Feature", "geometry": {"type": "Point", "coordinates": [139.773876, 35.688773]}, "properties": {"id": "bs-1519", "name": "室町三丁目", "wheelchair": false}}, {"type": "Feature", "geometry": {"type": "Point", "coordinates": [139.731267, 35.636402]}, "properties": {"id": "bs-1520", "name": "明治学院前", "wheelchair": false}}, {"type": "Feature", "geometry": {"type": "Point", "coordinates": [139.712753, 35.67739]}, "properties": {"id": "bs-1521", "name": "明治公園前", "wheelchair": false}}, {"type": "Feature", "geometry": {"type": "Point", "coordinates": [139.822098, 35.718365]}, "properties": {"id": "bs-1522", "name": "明治通り", "wheelchair": false}}, {"type": "Feature", "geometry": {"type": "Point", "coordinates": [139.233623, 35.779127]}, "properties": {"id": "bs-1523", "name": "明治橋", "wheelchair": false}}, {"type": "Feature", "geometry": {"type": "Point", "coordinates": [139.716651, 35.633996]}, "properties": {"id": "bs-1526", "name": "目黒駅前", "wheelchair": false}}, {"type": "Feature", "geometry": {"type": "Point", "coordinates": [139.706559, 35.72164]}, "properties": {"id": "bs-1529", "name": "目白駅前", "wheelchair": false}}, {"type": "Feature", "geometry": {"type": "Point", "coordinates": [139.711001, 35.719874]}, "properties": {"id": "bs-1530", "name": "目白警察署前", "wheelchair": false}}, {"type": "Feature", "geometry": {"type": "Point", "coordinates": [139.724506, 35.715055]}, "properties": {"id": "bs-1531", "name": "目白台三丁目", "wheelchair": false}}, {"type": "Feature", "geometry": {"type": "Point", "coordinates": [139.693861, 35.72234]}, "properties": {"id": "bs-1532", "name": "目白五丁目", "wheelchair": false}}, {"type": "Feature", "geometry": {"type": "Point", "coordinates": [139.815557, 35.691907]}, "properties": {"id": "bs-1533", "name": "毛利二丁目", "wheelchair": false}}, {"type": "Feature", "geometry": {"type": "Point", "coordinates": [139.746332, 35.643155]}, "properties": {"id": "bs-1534", "name": "藻塩橋", "wheelchair": false}}, {"type": "Feature", "geometry": {"type": "Point", "coordinates": [139.781074, 35.707211]}, "properties": {"id": "bs-1535", "name": "新御徒町駅前", "wheelchair": false}}, {"type": "Feature", "geometry": {"type": "Point", "coordinates": [139.78566, 35.706559]}, "properties": {"id": "bs-1536", "name": "元浅草三丁目", "wheelchair": false}}, {"type": "Feature", "geometry": {"type": "Point", "coordinates": [139.728548, 35.652584]}, "properties": {"id": "bs-1537", "name": "元麻布二丁目", "wheelchair": false}}, {"type": "Feature", "geometry": {"type": "Point", "coordinates": [139.837603, 35.669865]}, "properties": {"id": "bs-1539", "name": "元八幡", "wheelchair": false}}, {"type": "Feature", "geometry": {"type": "Point", "coordinates": [139.79911, 35.688138]}, "properties": {"id": "bs-1541", "name": "森下駅前", "wheelchair": false}}, {"type": "Feature", "geometry": {"type": "Point", "coordinates": [139.806206, 35.685343]}, "properties": {"id": "bs-1542", "name": "森下五丁目", "wheelchair": false}}, {"type": "Feature", "geometry": {"type": "Point", "coordinates": [139.282819, 35.788895]}, "properties": {"id": "bs-1543", "name": "青梅消防署前", "wheelchair": false}}, {"type": "Feature", "geometry": {"type": "Point", "coordinates": [139.794775, 35.672039]}, "properties": {"id": "bs-1544", "name": "門前仲町", "wheelchair": false}}, {"type": "Feature", "geometry": {"type": "Point", "coordinates": [139.72509, 35.696049]}, "properties": {"id": "bs-1547", "name": "薬王寺町", "wheelchair": false}}, {"type": "Feature", "geometry": {"type": "Point", "coordinates": [139.770124, 35.786848]}, "properties": {"id": "bs-1550", "name": "谷在家一丁目", "wheelchair": false}}, {"type": "Feature", "geometry": {"type": "Point", "coordinates": [139.770144, 35.784615]}, "properties": {"id": "bs-1551", "name": "谷在家二丁目", "wheelchair": false}}, {"type": "Feature", "geometry": {"type": "Point", "coordinates": [139.747638, 35.640842]}, "properties": {"id": "bs-1552", "name": "八千代橋", "wheelchair": false}}, {"type": "Feature", "geometry": {"type": "Point", "coordinates": [139.737901, 35.624237]}, "properties": {"id": "bs-1553", "name": "八ツ山橋", "wheelchair": false}}, {"type": "Feature", "geometry": {"type": "Point", "coordinates": [139.771049, 35.721114]}, "properties": {"id": "bs-1554", "name": "谷中", "wheelchair": false}}, {"type": "Feature", "geometry": {"type": "Point", "coordinates": [139.259402, 35.809858]}, "properties": {"id": "bs-1555", "name": "柳川", "wheelchair": false}}, {"type": "Feature", "geometry": {"type": "Point", "coordinates": [139.819899, 35.707425]}, "properties": {"id": "bs-1556", "name": "柳島", "wheelchair": false}}, {"type": "Feature", "geometry": {"type": "Point", "coordinates": [139.828645, 35.725458]}, "properties": {"id": "bs-1559", "name": "八広", "wheelchair": false}}, {"type": "Feature", "geometry": {"type": "Point", "coordinates": [139.828641, 35.716824]}, "properties": {"id": "bs-1560", "name": "八広二丁目", "wheelchair": false}}, {"type": "Feature", "geometry": {"type": "Point", "coordinates": [139.829966, 35.720957]}, "properties": {"id": "bs-1561", "name": "八広四丁目", "wheelchair": false}}, {"type": "Feature", "geometry": {"type": "Point", "coordinates": [139.830434, 35.723733]}, "properties": {"id": "bs-1562", "name": "八広六丁目", "wheelchair": false}}, {"type": "Feature", "geometry": {"type": "Point", "coordinates": [139.426652, 35.749319]}, "properties": {"id": "bs-1563", "name": "大和操車所前", "wheelchair": false}}, {"type": "Feature", "geometry": {"type": "Point", "coordinates": [139.708689, 35.761958]}, "properties": {"id": "bs-1564", "name": "大和町", "wheelchair": false}}, {"type": "Feature", "geometry": {"type": "Point", "coordinates": [139.431176, 35.74126]}, "properties": {"id": "bs-1565", "name": "東大和病院前", "wheelchair": false}}, {"type": "Feature", "geometry": {"type": "Point", "coordinates": [139.731254, 35.707805]}, "properties": {"id": "bs-1566", "name": "山吹町", "wheelchair": false}}, {"type": "Feature", "geometry": {"type": "Point", "coordinates": [139.728998, 35.699341]}, "properties": {"id": "bs-1567", "name": "山伏町", "wheelchair": false}}, {"type": "Feature", "geometry": {"type": "Point", "coordinates": [139.803258, 35.772495]}, "properties": {"id": "bs-1568", "name": "弥生町", "wheelchair": false}}, {"type": "Feature", "geometry": {"type": "Point", "coordinates": [139.762715, 35.675401]}, "properties": {"id": "bs-1570", "name": "有楽町駅前", "wheelchair": false}}, {"type": "Feature", "geometry": {"type": "Point", "coordinates": [139.213583, 35.796631]}, "properties": {"id": "bs-1572", "name": "柚木", "wheelchair": false}}, {"type": "Feature", "geometry": {"type": "Point", "coordinates": [139.764738, 35.702442]}, "properties": {"id": "bs-1573", "name": "湯島一丁目", "wheelchair": false}}, {"type": "Feature", "geometry": {"type": "Point", "coordinates": [139.769409, 35.708194]}, "properties": {"id": "bs-1574", "name": "湯島三丁目", "wheelchair": false}}, {"type": "Feature", "geometry": {"type": "Point", "coordinates": [139.7645, 35.707363]}, "properties": {"id": "bs-1575", "name": "湯島四丁目", "wheelchair": false}}, {"type": "Feature", "geometry": {"type": "Point", "coordinates": [139.740365, 35.720514]}, "properties": {"id": "bs-1576", "name": "湯立坂下", "wheelchair": false}}, {"type": "Feature", "geometry": {"type": "Point", "coordinates": [139.82497, 35.649533]}, "properties": {"id": "bs-1577", "name": "夢の島", "wheelchair": false}}, {"type": "Feature", "geometry": {"type": "Point", "coordinates": [139.809547, 35.704038]}, "properties": {"id": "bs-1578", "name": "横川橋", "wheelchair": false}}, {"type": "Feature", "geometry": {"type": "Point", "coordinates": [139.813699, 35.704389]}, "properties": {"id": "bs-1579", "name": "横川三丁目", "wheelchair": false}}, {"type": "Feature", "geometry": {"type": "Point", "coordinates": [139.384944, 35.756225]}, "properties": {"id": "bs-1580", "name": "横田", "wheelchair": false}}, {"type": "Feature", "geometry": {"type": "Point", "coordinates": [139.209449, 35.802299]}, "properties": {"id": "bs-1582", "name": "吉野", "wheelchair": false}}, {"type": "Feature", "geometry": {"type": "Point", "coordinates": [139.223233, 35.787218]}, "properties": {"id": "bs-1584", "name": "吉野梅林", "wheelchair": false}}, {"type": "Feature", "geometry": {"type": "Point", "coordinates": [139.797863, 35.723776]}, "properties": {"id": "bs-1585", "name": "吉原大門", "wheelchair": false}}, {"type": "Feature", "geometry": {"type": "Point", "coordinates": [139.716117, 35.698368]}, "properties": {"id": "bs-1586", "name": "余丁町", "wheelchair": false}}, {"type": "Feature", "geometry": {"type": "Point", "coordinates": [139.835014, 35.73613]}, "properties": {"id": "bs-1587", "name": "よつぎ小学校前", "wheelchair": false}}, {"type": "Feature", "geometry": {"type": "Point", "coordinates": [139.833331, 35.735284]}, "properties": {"id": "bs-1588", "name": "四ツ木橋", "wheelchair": false}}, {"type": "Feature", "geometry": {"type": "Point", "coordinates": [139.82547, 35.729117]}, "properties": {"id": "bs-1589", "name": "四ツ木橋南詰", "wheelchair": false}}, {"type": "Feature", "geometry": {"type": "Point", "coordinates": [139.731691, 35.685585]}, "properties": {"id": "bs-1590", "name": "四谷駅前", "wheelchair": false}}, {"type": "Feature", "geometry": {"type": "Point", "coordinates": [139.730074, 35.686429]}, "properties": {"id": "bs-1592", "name": "四谷駅", "wheelchair": false}}, {"type": "Feature", "geometry": {"type": "Point", "coordinates": [139.728006, 35.686189]}, "properties": {"id": "bs-1593", "name": "四谷一丁目", "wheelchair": false}}, {"type": "Feature", "geometry": {"type": "Point", "coordinates": [139.724587, 35.687667]}, "properties": {"id": "bs-1594", "name": "四谷二丁目", "wheelchair": false}}, {"type": "Feature", "geometry": {"type": "Point", "coordinates": [139.72041, 35.687258]}, "properties": {"id": "bs-1595", "name": "四谷三丁目", "wheelchair": false}}, {"type": "Feature", "geometry": {"type": "Point", "coordinates": [139.716111, 35.686812]}, "properties": {"id": "bs-1596", "name": "四谷四丁目", "wheelchair": false}}, {"type": "Feature", "geometry": {"type": "Point", "coordinates": [139.688039, 35.669737]}, "properties": {"id": "bs-1597", "name": "代々木八幡駅入口", "wheelchair": false}}, {"type": "Feature", "geometry": {"type": "Point", "coordinates": [139.654789, 35.697457]}, "properties": {"id": "bs-1598", "name": "高円寺陸橋", "wheelchair": false}}, {"type": "Feature", "geometry": {"type": "Point", "coordinates": [139.790886, 35.724205]}, "properties": {"id": "bs-1599", "name": "竜泉", "wheelchair": false}}, {"type": "Feature", "geometry": {"type": "Point", "coordinates": [139.791988, 35.695257]}, "properties": {"id": "bs-1601", "name": "両国駅前", "wheelchair": false}}, {"type": "Feature", "geometry": {"type": "Point", "coordinates": [139.793971, 35.699023]}, "properties": {"id": "bs-1602", "name": "旧安田庭園前", "wheelchair": false}}, {"type": "Feature", "geometry": {"type": "Point", "coordinates": [139.795376, 35.69449]}, "properties": {"id": "bs-1603", "name": "両国四丁目", "wheelchair": false}}, {"type": "Feature", "geometry": {"type": "Point", "coordinates": [139.793059, 35.694361]}, "properties": {"id": "bs-1604", "name": "両国駅入口", "wheelchair": false}}, {"type": "Feature", "geometry": {"type": "Point", "coordinates": [139.295758, 35.788103]}, "properties": {"id": "bs-1605", "name": "鈴法寺跡", "wheelchair": false}}, {"type": "Feature", "geometry": {"type": "Point", "coordinates": [139.802949, 35.788604]}, "properties": {"id": "bs-1606", "name": "六月町", "wheelchair": false}}, {"type": "Feature", "geometry": {"type": "Point", "coordinates": [139.275135, 35.790136]}, "properties": {"id": "bs-1607", "name": "六万公園前", "wheelchair": false}}, {"type": "Feature", "geometry": {"type": "Point", "coordinates": [139.853296, 35.677426]}, "properties": {"id": "bs-1608", "name": "六軒町", "wheelchair": false}}, {"type": "Feature", "geometry": {"type": "Point", "coordinates": [139.733091, 35.662936]}, "properties": {"id": "bs-1609", "name": "六本木駅前", "wheelchair": false}}, {"type": "Feature", "geometry": {"type": "Point", "coordinates": [139.737652, 35.6663]}, "properties": {"id": "bs-1610", "name": "六本木一丁目駅前", "wheelchair": false}}, {"type": "Feature", "geometry": {"type": "Point", "coordinates": [139.73581, 35.665185]}, "properties": {"id": "bs-1611", "name": "六本木四丁目", "wheelchair": false}}, {"type": "Feature", "geometry": {"type": "Point", "coordinates": [139.735571, 35.661991]}, "properties": {"id": "bs-1612", "name": "六本木五丁目", "wheelchair": false}}, {"type": "Feature", "geometry": {"type": "Point", "coordinates": [139.72757, 35.661225]}, "properties": {"id": "bs-1613", "name": "EXシアター六本木前", "wheelchair": false}}, {"type": "Feature", "geometry": {"type": "Point", "coordinates": [139.720402, 35.699991]}, "properties": {"id": "bs-1617", "name": "若松町", "wheelchair": false}}, {"type": "Feature", "geometry": {"type": "Point", "coordinates": [139.720859, 35.711158]}, "properties": {"id": "bs-1618", "name": "早稲田", "wheelchair": false}}, {"type": "Feature", "geometry": {"type": "Point", "coordinates": [139.22959, 35.779904]}, "properties": {"id": "bs-1619", "name": "和田町会館前", "wheelchair": false}}, {"type": "Feature", "geometry": {"type": "Point", "coordinates": [139.655694, 35.686923]}, "properties": {"id": "bs-1620", "name": "和田堀橋", "wheelchair": false}}, {"type": "Feature", "geometry": {"type": "Point", "coordinates": [139.758448, 35.608346]}, "properties": {"id": "bs-1622", "name": "２号バース前", "wheelchair": false}}, {"type": "Feature", "geometry": {"type": "Point", "coordinates": [139.760881, 35.604104]}, "properties": {"id": "bs-1624", "name": "４号バース前", "wheelchair": false}}, {"type": "Feature", "geometry": {"type": "Point", "coordinates": [139.761994, 35.600812]}, "properties": {"id": "bs-1625", "name": "５号バース前", "wheelchair": false}}, {"type": "Feature", "geometry": {"type": "Point", "coordinates": [139.763661, 35.597457]}, "properties": {"id": "bs-1626", "name": "６号バース前", "wheelchair": false}}, {"type": "Feature", "geometry": {"type": "Point", "coordinates": [139.872779, 35.661159]}, "properties": {"id": "bs-1801", "name": "仲町西組", "wheelchair": false}}, {"type": "Feature", "geometry": {"type": "Point", "coordinates": [139.774038, 35.707807]}, "properties": {"id": "bs-2000", "name": "上野松坂屋前", "wheelchair": false}}, {"type": "Feature", "geometry": {"type": "Point", "coordinates": [139.704164, 35.691238]}, "properties": {"id": "bs-2001", "name": "新宿追分", "wheelchair": false}}, {"type": "Feature", "geometry": {"type": "Point", "coordinates": [139.80798, 35.663044]}, "properties": {"id": "bs-2003", "name": "塩浜東", "wheelchair": false}}, {"type": "Feature", "geometry": {"type": "Point", "coordinates": [139.754291, 35.628029]}, "properties": {"id": "bs-2005", "name": "京浜運河", "wheelchair": false}}, {"type": "Feature", "geometry": {"type": "Point", "coordinates": [139.723224, 35.73923]}, "properties": {"id": "bs-2006", "name": "上池袋四丁目", "wheelchair": false}}, {"type": "Feature", "geometry": {"type": "Point", "coordinates": [139.732064, 35.639544]}, "properties": {"id": "bs-2009", "name": "白金台一丁目", "wheelchair": false}}, {"type": "Feature", "geometry": {"type": "Point", "coordinates": [139.747562, 35.613538]}, "properties": {"id": "bs-2010", "name": "品川警察署入口", "wheelchair": false}}, {"type": "Feature", "geometry": {"type": "Point", "coordinates": [139.753401, 35.605363]}, "properties": {"id": "bs-2011", "name": "品川総合福祉センター前", "wheelchair": false}}, {"type": "Feature", "geometry": {"type": "Point", "coordinates": [139.752307, 35.602289]}, "properties": {"id": "bs-2012", "name": "八潮北", "wheelchair": false}}, {"type": "Feature", "geometry": {"type": "Point", "coordinates": [139.75078, 35.59966]}, "properties": {"id": "bs-2013", "name": "八潮パークタウン", "wheelchair": false}}, {"type": "Feature", "geometry": {"type": "Point", "coordinates": [139.751279, 35.597774]}, "properties": {"id": "bs-2014", "name": "八潮南", "wheelchair": false}}, {"type": "Feature", "geometry": {"type": "Point", "coordinates": [139.752574, 35.597388]}, "properties": {"id": "bs-2015", "name": "大井消防署八潮出張所前", "wheelchair": false}}, {"type": "Feature", "geometry": {"type": "Point", "coordinates": [139.754283, 35.598793]}, "properties": {"id": "bs-2016", "name": "八潮東", "wheelchair": false}}, {"type": "Feature", "geometry": {"type": "Point", "coordinates": [139.754322, 35.601585]}, "properties": {"id": "bs-2017", "name": "八潮公園前", "wheelchair": false}}, {"type": "Feature", "geometry": {"type": "Point", "coordinates": [139.730888, 35.633723]}, "properties": {"id": "bs-2019", "name": "白金台二丁目", "wheelchair": false}}, {"type": "Feature", "geometry": {"type": "Point", "coordinates": [139.754084, 35.706234]}, "properties": {"id": "bs-2021", "name": "東京ドームシティ", "wheelchair": false}}, {"type": "Feature", "geometry": {"type": "Point", "coordinates": [139.765353, 35.663115]}, "properties": {"id": "bs-2024", "name": "築地五丁目", "wheelchair": false}}, {"type": "Feature", "geometry": {"type": "Point", "coordinates": [139.701782, 35.666048]}, "properties": {"id": "bs-2025", "name": "国立代々木競技場前", "wheelchair": false}}, {"type": "Feature", "geometry": {"type": "Point", "coordinates": [139.808586, 35.710247]}, "properties": {"id": "bs-2028", "name": "とうきょうスカイツリー駅前", "wheelchair": false}}, {"type": "Feature", "geometry": {"type": "Point", "coordinates": [139.872021, 35.650742]}, "properties": {"id": "bs-2030", "name": "総合レクリエーション公園前", "wheelchair": false}}, {"type": "Feature", "geometry": {"type": "Point", "coordinates": [139.872316, 35.654806]}, "properties": {"id": "bs-2031", "name": "葛西南高校入口", "wheelchair": false}}, {"type": "Feature", "geometry": {"type": "Point", "coordinates": [139.864282, 35.683409]}, "properties": {"id": "bs-2032", "name": "船堀駅前", "wheelchair": false}}, {"type": "Feature", "geometry": {"type": "Point", "coordinates": [139.747804, 35.670429]}, "properties": {"id": "bs-2033", "name": "商船三井本社ビル前", "wheelchair": false}}, {"type": "Feature", "geometry": {"type": "Point", "coordinates": [139.756858, 35.668054]}, "properties": {"id": "bs-2034", "name": "新橋駅北口", "wheelchair": false}}, {"type": "Feature", "geometry": {"type": "Point", "coordinates": [139.832063, 35.645249]}, "properties": {"id": "bs-2036", "name": "新木場一丁目", "wheelchair": false}}, {"type": "Feature", "geometry": {"type": "Point", "coordinates": [139.835705, 35.644309]}, "properties": {"id": "bs-2037", "name": "新木場東", "wheelchair": false}}, {"type": "Feature", "geometry": {"type": "Point", "coordinates": [139.835115, 35.640098]}, "properties": {"id": "bs-2038", "name": "東千石橋", "wheelchair": false}}, {"type": "Feature", "geometry": {"type": "Point", "coordinates": [139.834645, 35.634663]}, "properties": {"id": "bs-2039", "name": "新木場三丁目", "wheelchair": false}}, {"type": "Feature", "geometry": {"type": "Point", "coordinates": [139.82916, 35.632893]}, "properties": {"id": "bs-2040", "name": "新木場南", "wheelchair": false}}, {"type": "Feature", "geometry": {"type": "Point", "coordinates": [139.823108, 35.637428]}, "properties": {"id": "bs-2041", "name": "新木場二丁目", "wheelchair": false}}, {"type": "Feature", "geometry": {"type": "Point", "coordinates": [139.736508, 35.735568]}, "properties": {"id": "bs-2042", "name": "とげぬき地蔵前", "wheelchair": false}}, {"type": "Feature", "geometry": {"type": "Point", "coordinates": [139.754129, 35.757482]}, "properties": {"id": "bs-2043", "name": "江南中学校前", "wheelchair": false}}, {"type": "Feature", "geometry": {"type": "Point", "coordinates": [139.752949, 35.759849]}, "properties": {"id": "bs-2044", "name": "みやぎ水再生センター前", "wheelchair": false}}, {"type": "Feature", "geometry": {"type": "Point", "coordinates": [139.753546, 35.603125]}, "properties": {"id": "bs-2046", "name": "明晴学園前", "wheelchair": false}}, {"type": "Feature", "geometry": {"type": "Point", "coordinates": [139.700915, 35.662694]}, "properties": {"id": "bs-2052", "name": "神南一丁目", "wheelchair": false}}, {"type": "Feature", "geometry": {"type": "Point", "coordinates": [139.862626, 35.649815]}, "properties": {"id": "bs-2061", "name": "中央卸売市場葛西市場前", "wheelchair": false}}, {"type": "Feature", "geometry": {"type": "Point", "coordinates": [139.86357, 35.647942]}, "properties": {"id": "bs-2062", "name": "葛西トラックターミナル", "wheelchair": false}}, {"type": "Feature", "geometry": {"type": "Point", "coordinates": [139.855348, 35.661276]}, "properties": {"id": "bs-2065", "name": "清新町一丁目", "wheelchair": false}}, {"type": "Feature", "geometry": {"type": "Point", "coordinates": [139.855566, 35.658953]}, "properties": {"id": "bs-2066", "name": "清新町二丁目", "wheelchair": false}}, {"type": "Feature", "geometry": {"type": "Point", "coordinates": [139.853692, 35.657227]}, "properties": {"id": "bs-2067", "name": "清新ふたば小学校前", "wheelchair": false}}, {"type": "Feature", "geometry": {"type": "Point", "coordinates": [139.862215, 35.67975]}, "properties": {"id": "bs-2080", "name": "葛西第二中学校前", "wheelchair": false}}, {"type": "Feature", "geometry": {"type": "Point", "coordinates": [139.866024, 35.676598]}, "properties": {"id": "bs-2081", "name": "新渡橋", "wheelchair": false}}, {"type": "Feature", "geometry": {"type": "Point", "coordinates": [139.864152, 35.674924]}, "properties": {"id": "bs-2082", "name": "宇喜田小学校", "wheelchair": false}}, {"type": "Feature", "geometry": {"type": "Point", "coordinates": [139.866032, 35.672213]}, "properties": {"id": "bs-2083", "name": "宇喜田第一住宅", "wheelchair": false}}, {"type": "Feature", "geometry": {"type": "Point", "coordinates": [139.866138, 35.669288]}, "properties": {"id": "bs-2084", "name": "葛西郵便局", "wheelchair": false}}, {"type": "Feature", "geometry": {"type": "Point", "coordinates": [139.865582, 35.667149]}, "properties": {"id": "bs-2085", "name": "第六葛西小学校前", "wheelchair": false}}, {"type": "Feature", "geometry": {"type": "Point", "coordinates": [139.819217, 35.723362]}, "properties": {"id": "bs-2086", "name": "向島消防署前", "wheelchair": false}}, {"type": "Feature", "geometry": {"type": "Point", "coordinates": [139.784639, 35.776299]}, "properties": {"id": "bs-2087", "name": "西新井駅入口", "wheelchair": false}}, {"type": "Feature", "geometry": {"type": "Point", "coordinates": [139.726022, 35.71326]}, "properties": {"id": "bs-2090", "name": "ホテル椿山荘東京前", "wheelchair": false}}, {"type": "Feature", "geometry": {"type": "Point", "coordinates": [139.751091, 35.631509]}, "properties": {"id": "bs-2091", "name": "港南四丁目", "wheelchair": false}}, {"type": "Feature", "geometry": {"type": "Point", "coordinates": [139.864135, 35.673346]}, "properties": {"id": "bs-2092", "name": "法蓮寺", "wheelchair": false}}, {"type": "Feature", "geometry": {"type": "Point", "coordinates": [139.742843, 35.597902]}, "properties": {"id": "bs-2097", "name": "勝島", "wheelchair": false}}, {"type": "Feature", "geometry": {"type": "Point", "coordinates": [139.811992, 35.642148]}, "properties": {"id": "bs-2101", "name": "辰巳三丁目", "wheelchair": false}}, {"type": "Feature", "geometry": {"type": "Point", "coordinates": [139.804632, 35.640986]}, "properties": {"id": "bs-2102", "name": "東雲駅前", "wheelchair": false}}, {"type": "Feature", "geometry": {"type": "Point", "coordinates": [139.794351, 35.632003]}, "properties": {"id": "bs-2103", "name": "東京ビッグサイト東棟前", "wheelchair": false}}, {"type": "Feature", "geometry": {"type": "Point", "coordinates": [139.855973, 35.653617]}, "properties": {"id": "bs-2109", "name": "臨海町一丁目", "wheelchair": false}}, {"type": "Feature", "geometry": {"type": "Point", "coordinates": [139.87282, 35.64375]}, "properties": {"id": "bs-2110", "name": "コーシャハイム南葛西", "wheelchair": false}}, {"type": "Feature", "geometry": {"type": "Point", "coordinates": [139.853628, 35.650596]}, "properties": {"id": "bs-2111", "name": "葛西水再生センター前", "wheelchair": false}}, {"type": "Feature", "geometry": {"type": "Point", "coordinates": [139.744372, 35.618297]}, "properties": {"id": "bs-2112", "name": "北品川二丁目", "wheelchair": false}}, {"type": "Feature", "geometry": {"type": "Point", "coordinates": [139.808515, 35.727299]}, "properties": {"id": "bs-2114", "name": "橋場二丁目アパート前", "wheelchair": false}}, {"type": "Feature", "geometry": {"type": "Point", "coordinates": [139.807924, 35.725361]}, "properties": {"id": "bs-2115", "name": "橋場一丁目", "wheelchair": false}}, {"type": "Feature", "geometry": {"type": "Point", "coordinates": [139.807488, 35.723324]}, "properties": {"id": "bs-2116", "name": "浅草病院前", "wheelchair": false}}, {"type": "Feature", "geometry": {"type": "Point", "coordinates": [139.806077, 35.720073]}, "properties": {"id": "bs-2117", "name": "桜橋中学校前", "wheelchair": false}}, {"type": "Feature", "geometry": {"type": "Point", "coordinates": [139.804449, 35.71817]}, "properties": {"id": "bs-2118", "name": "リバーサイドスポーツセンター前", "wheelchair": false}}, {"type": "Feature", "geometry": {"type": "Point", "coordinates": [139.804174, 35.720445]}, "properties": {"id": "bs-2119", "name": "今戸一丁目", "wheelchair": false}}, {"type": "Feature", "geometry": {"type": "Point", "coordinates": [139.804888, 35.726]}, "properties": {"id": "bs-2120", "name": "清川一丁目", "wheelchair": false}}, {"type": "Feature", "geometry": {"type": "Point", "coordinates": [139.805205, 35.728058]}, "properties": {"id": "bs-2121", "name": "清川清掃車庫前", "wheelchair": false}}, {"type": "Feature", "geometry": {"type": "Point", "coordinates": [139.780264, 35.675847]}, "properties": {"id": "bs-2122", "name": "新川", "wheelchair": false}}, {"type": "Feature", "geometry": {"type": "Point", "coordinates": [139.429369, 35.744292]}, "properties": {"id": "bs-2123", "name": "東大和市役所入口", "wheelchair": false}}, {"type": "Feature", "geometry": {"type": "Point", "coordinates": [139.287891, 35.799235]}, "properties": {"id": "bs-2126", "name": "慶友病院前", "wheelchair": false}}, {"type": "Feature", "geometry": {"type": "Point", "coordinates": [139.306618, 35.786541]}, "properties": {"id": "bs-2127", "name": "新町小学校入口", "wheelchair": false}}, {"type": "Feature", "geometry": {"type": "Point", "coordinates": [139.275648, 35.820961]}, "properties": {"id": "bs-2128", "name": "青梅第六中学校前", "wheelchair": false}}, {"type": "Feature", "geometry": {"type": "Point", "coordinates": [139.812222, 35.701153]}, "properties": {"id": "bs-2129", "name": "太平二丁目", "wheelchair": false}}, {"type": "Feature", "geometry": {"type": "Point", "coordinates": [139.706068, 35.708608]}, "properties": {"id": "bs-2130", "name": "新宿スポーツセンター入口", "wheelchair": false}}, {"type": "Feature", "geometry": {"type": "Point", "coordinates": [139.880213, 35.70698]}, "properties": {"id": "bs-2132", "name": "大杉第二小学校前", "wheelchair": false}}, {"type": "Feature", "geometry": {"type": "Point", "coordinates": [139.87988, 35.709404]}, "properties": {"id": "bs-2133", "name": "大杉四丁目", "wheelchair": false}}, {"type": "Feature", "geometry": {"type": "Point", "coordinates": [139.878821, 35.712694]}, "properties": {"id": "bs-2134", "name": "松本弁天", "wheelchair": false}}, {"type": "Feature", "geometry": {"type": "Point", "coordinates": [139.878152, 35.715538]}, "properties": {"id": "bs-2135", "name": "松本児童遊園前", "wheelchair": false}}, {"type": "Feature", "geometry": {"type": "Point", "coordinates": [139.873763, 35.723318]}, "properties": {"id": "bs-2137", "name": "上一色中学校前", "wheelchair": false}}, {"type": "Feature", "geometry": {"type": "Point", "coordinates": [139.872034, 35.724828]}, "properties": {"id": "bs-2138", "name": "上一色コミュニティセンター前", "wheelchair": false}}, {"type": "Feature", "geometry": {"type": "Point", "coordinates": [139.870523, 35.724213]}, "properties": {"id": "bs-2139", "name": "上一色", "wheelchair": false}}, {"type": "Feature", "geometry": {"type": "Point", "coordinates": [139.867896, 35.722118]}, "properties": {"id": "bs-2140", "name": "小岩高校入口", "wheelchair": false}}, {"type": "Feature", "geometry": {"type": "Point", "coordinates": [139.867286, 35.719886]}, "properties": {"id": "bs-2141", "name": "新小岩四丁目", "wheelchair": false}}, {"type": "Feature", "geometry": {"type": "Point", "coordinates": [139.78495, 35.635215]}, "properties": {"id": "bs-2144", "name": "有明一丁目", "wheelchair": false}}, {"type": "Feature", "geometry": {"type": "Point", "coordinates": [139.860693, 35.648359]}, "properties": {"id": "bs-2145", "name": "臨海町三丁目", "wheelchair": false}}, {"type": "Feature", "geometry": {"type": "Point", "coordinates": [139.862785, 35.653235]}, "properties": {"id": "bs-2146", "name": "中左近橋", "wheelchair": false}}, {"type": "Feature", "geometry": {"type": "Point", "coordinates": [139.297198, 35.833987]}, "properties": {"id": "bs-2147", "name": "富岡一丁目(とみおかいっちょうめ（おうめし）)", "wheelchair": false}}, {"type": "Feature", "geometry": {"type": "Point", "coordinates": [139.703617, 35.709741]}, "properties": {"id": "bs-2149", "name": "高田馬場駅通り", "wheelchair": false}}, {"type": "Feature", "geometry": {"type": "Point", "coordinates": [139.838892, 35.705539]}, "properties": {"id": "bs-2150", "name": "平井五丁目", "wheelchair": false}}, {"type": "Feature", "geometry": {"type": "Point", "coordinates": [139.777082, 35.777258]}, "properties": {"id": "bs-2151", "name": "足立第五中学校前", "wheelchair": false}}, {"type": "Feature", "geometry": {"type": "Point", "coordinates": [139.767506, 35.585603]}, "properties": {"id": "bs-2152", "name": "大井埠頭バンプール前", "wheelchair": false}}, {"type": "Feature", "geometry": {"type": "Point", "coordinates": [139.771597, 35.589045]}, "properties": {"id": "bs-2153", "name": "大井シャシープール前", "wheelchair": false}}, {"type": "Feature", "geometry": {"type": "Point", "coordinates": [139.768572, 35.593092]}, "properties": {"id": "bs-2154", "name": "八潮二丁目", "wheelchair": false}}, {"type": "Feature", "geometry": {"type": "Point", "coordinates": [139.770109, 35.592279]}, "properties": {"id": "bs-2155", "name": "ニチレイ前", "wheelchair": false}}, {"type": "Feature", "geometry": {"type": "Point", "coordinates": [139.769433, 35.591458]}, "properties": {"id": "bs-2156", "name": "セントラルビル前", "wheelchair": false}}, {"type": "Feature", "geometry": {"type": "Point", "coordinates": [139.766694, 35.590061]}, "properties": {"id": "bs-2157", "name": "鴻池運輸前", "wheelchair": false}}, {"type": "Feature", "geometry": {"type": "Point", "coordinates": [139.766028, 35.587561]}, "properties": {"id": "bs-2158", "name": "丸全昭和前", "wheelchair": false}}, {"type": "Feature", "geometry": {"type": "Point", "coordinates": [139.866281, 35.646953]}, "properties": {"id": "bs-2160", "name": "臨海町四丁目", "wheelchair": false}}, {"type": "Feature", "geometry": {"type": "Point", "coordinates": [139.880842, 35.704348]}, "properties": {"id": "bs-2161", "name": "大杉三丁目", "wheelchair": false}}, {"type": "Feature", "geometry": {"type": "Point", "coordinates": [139.78321, 35.673396]}, "properties": {"id": "bs-2162", "name": "住友ツインビル前", "wheelchair": false}}, {"type": "Feature", "geometry": {"type": "Point", "coordinates": [139.833314, 35.675066]}, "properties": {"id": "bs-2163", "name": "南砂五丁目団地", "wheelchair": false}}, {"type": "Feature", "geometry": {"type": "Point", "coordinates": [139.832304, 35.673617]}, "properties": {"id": "bs-2164", "name": "南砂四丁目住宅", "wheelchair": false}}, {"type": "Feature", "geometry": {"type": "Point", "coordinates": [139.829516, 35.674258]}, "properties": {"id": "bs-2165", "name": "福島橋南詰", "wheelchair": false}}, {"type": "Feature", "geometry": {"type": "Point", "coordinates": [139.824026, 35.675453]}, "properties": {"id": "bs-2166", "name": "南砂四丁目", "wheelchair": false}}, {"type": "Feature", "geometry": {"type": "Point", "coordinates": [139.822417, 35.675576]}, "properties": {"id": "bs-2167", "name": "南砂二丁目", "wheelchair": false}}, {"type": "Feature", "geometry": {"type": "Point", "coordinates": [139.836817, 35.636596]}, "properties": {"id": "bs-2169", "name": "東京ヘリポート前", "wheelchair": false}}, {"type": "Feature", "geometry": {"type": "Point", "coordinates": [139.824864, 35.63254]}, "properties": {"id": "bs-2170", "name": "南千石橋", "wheelchair": false}}, {"type": "Feature", "geometry": {"type": "Point", "coordinates": [139.789563, 35.629425]}, "properties": {"id": "bs-2171", "name": "フェリー埠頭入口", "wheelchair": false}}, {"type": "Feature", "geometry": {"type": "Point", "coordinates": [139.802192, 35.67517]}, "properties": {"id": "bs-2172", "name": "冬木", "wheelchair": false}}, {"type": "Feature", "geometry": {"type": "Point", "coordinates": [139.843053, 35.684621]}, "properties": {"id": "bs-2179", "name": "東砂団地", "wheelchair": false}}, {"type": "Feature", "geometry": {"type": "Point", "coordinates": [139.840601, 35.684483]}, "properties": {"id": "bs-2180", "name": "東砂一丁目", "wheelchair": false}}, {"type": "Feature", "geometry": {"type": "Point", "coordinates": [139.832826, 35.684154]}, "properties": {"id": "bs-2181", "name": "北砂五丁目団地", "wheelchair": false}}, {"type": "Feature", "geometry": {"type": "Point", "coordinates": [139.780006, 35.660813]}, "properties": {"id": "bs-2182", "name": "月島第一小学校前", "wheelchair": false}}, {"type": "Feature", "geometry": {"type": "Point", "coordinates": [139.875587, 35.645124]}, "properties": {"id": "bs-2184", "name": "南葛西中学校前", "wheelchair": false}}, {"type": "Feature", "geometry": {"type": "Point", "coordinates": [139.788937, 35.637364]}, "properties": {"id": "bs-2185", "name": "有明コロシアム前", "wheelchair": false}}, {"type": "Feature", "geometry": {"type": "Point", "coordinates": [139.744406, 35.764065]}, "properties": {"id": "bs-2186", "name": "豊島七丁目南", "wheelchair": false}}, {"type": "Feature", "geometry": {"type": "Point", "coordinates": [139.747544, 35.764725]}, "properties": {"id": "bs-2187", "name": "新豊橋南", "wheelchair": false}}, {"type": "Feature", "geometry": {"type": "Point", "coordinates": [139.867981, 35.644194]}, "properties": {"id": "bs-2188", "name": "臨海町五丁目", "wheelchair": false}}, {"type": "Feature", "geometry": {"type": "Point", "coordinates": [139.862432, 35.643891]}, "properties": {"id": "bs-2189", "name": "葛西臨海公園駅前", "wheelchair": false}}, {"type": "Feature", "geometry": {"type": "Point", "coordinates": [139.712713, 35.675119]}, "properties": {"id": "bs-2191", "name": "霞ヶ丘", "wheelchair": false}}, {"type": "Feature", "geometry": {"type": "Point", "coordinates": [139.787238, 35.75218]}, "properties": {"id": "bs-2192", "name": "尾竹橋", "wheelchair": false}}, {"type": "Feature", "geometry": {"type": "Point", "coordinates": [139.861439, 35.650784]}, "properties": {"id": "bs-2196", "name": "臨海第一保育園前", "wheelchair": false}}, {"type": "Feature", "geometry": {"type": "Point", "coordinates": [139.860155, 35.653381]}, "properties": {"id": "bs-2197", "name": "臨海町二丁目団地前", "wheelchair": false}}, {"type": "Feature", "geometry": {"type": "Point", "coordinates": [139.764201, 35.584383]}, "properties": {"id": "bs-2198", "name": "大田市場北", "wheelchair": false}}, {"type": "Feature", "geometry": {"type": "Point", "coordinates": [139.764245, 35.580171]}, "properties": {"id": "bs-2199", "name": "水産棟前", "wheelchair": false}}, {"type": "Feature", "geometry": {"type": "Point", "coordinates": [139.758601, 35.579281]}, "properties": {"id": "bs-2200", "name": "大田市場", "wheelchair": false}}, {"type": "Feature", "geometry": {"type": "Point", "coordinates": [139.741735, 35.719216]}, "properties": {"id": "bs-2203", "name": "白山三丁目", "wheelchair": false}}, {"type": "Feature", "geometry": {"type": "Point", "coordinates": [139.799412, 35.661635]}, "properties": {"id": "bs-2204", "name": "浜園橋", "wheelchair": false}}, {"type": "Feature", "geometry": {"type": "Point", "coordinates": [139.836216, 35.714718]}, "properties": {"id": "bs-2205", "name": "平井七丁目第三アパート前", "wheelchair": false}}, {"type": "Feature", "geometry": {"type": "Point", "coordinates": [139.759405, 35.605651]}, "properties": {"id": "bs-2207", "name": "３号バース前", "wheelchair": false}}, {"type": "Feature", "geometry": {"type": "Point", "coordinates": [139.816969, 35.658541]}, "properties": {"id": "bs-2208", "name": "潮見駅前", "wheelchair": false}}, {"type": "Feature", "geometry": {"type": "Point", "coordinates": [139.823717, 35.66019]}, "properties": {"id": "bs-2209", "name": "新東京郵便局前", "wheelchair": false}}, {"type": "Feature", "geometry": {"type": "Point", "coordinates": [139.823837, 35.66273]}, "properties": {"id": "bs-2210", "name": "東京地下鉄総合運動場前", "wheelchair": false}}, {"type": "Feature", "geometry": {"type": "Point", "coordinates": [139.849433, 35.69424]}, "properties": {"id": "bs-2211", "name": "小松川二丁目", "wheelchair": false}}, {"type": "Feature", "geometry": {"type": "Point", "coordinates": [139.848945, 35.695626]}, "properties": {"id": "bs-2212", "name": "小松川健康サポートセンター前", "wheelchair": false}}, {"type": "Feature", "geometry": {"type": "Point", "coordinates": [139.850265, 35.697593]}, "properties": {"id": "bs-2213", "name": "小松川第二小学校前", "wheelchair": false}}, {"type": "Feature", "geometry": {"type": "Point", "coordinates": [139.84834, 35.697219]}, "properties": {"id": "bs-2214", "name": "小松川三丁目アパート前", "wheelchair": false}}, {"type": "Feature", "geometry": {"type": "Point", "coordinates": [139.721054, 35.648196]}, "properties": {"id": "bs-2215", "name": "広尾五丁目", "wheelchair": false}}, {"type": "Feature", "geometry": {"type": "Point", "coordinates": [139.76282, 35.71637]}, "properties": {"id": "bs-2217", "name": "弥生二丁目", "wheelchair": false}}, {"type": "Feature", "geometry": {"type": "Point", "coordinates": [139.821023, 35.696184]}, "properties": {"id": "bs-2218", "name": "亀戸一丁目", "wheelchair": false}}, {"type": "Feature", "geometry": {"type": "Point", "coordinates": [139.799405, 35.709315]}, "properties": {"id": "bs-2219", "name": "リバーピア吾妻橋前", "wheelchair": false}}, {"type": "Feature", "geometry": {"type": "Point", "coordinates": [139.193758, 35.802962]}, "properties": {"id": "bs-2230", "name": "寒山寺", "wheelchair": false}}, {"type": "Feature", "geometry": {"type": "Point", "coordinates": [139.183644, 35.799735]}, "properties": {"id": "bs-2231", "name": "玉堂美術館", "wheelchair": false}}, {"type": "Feature", "geometry": {"type": "Point", "coordinates": [139.765847, 35.585398]}, "properties": {"id": "bs-2232", "name": "ダイトー大井物流センター前", "wheelchair": false}}, {"type": "Feature", "geometry": {"type": "Point", "coordinates": [139.859011, 35.647387]}, "properties": {"id": "bs-2233", "name": "臨海車庫前", "wheelchair": false}}, {"type": "Feature", "geometry": {"type": "Point", "coordinates": [139.826727, 35.728231]}, "properties": {"id": "bs-2237", "name": "新四ツ木橋", "wheelchair": false}}, {"type": "Feature", "geometry": {"type": "Point", "coordinates": [139.801991, 35.710531]}, "properties": {"id": "bs-2238", "name": "墨田区役所前", "wheelchair": false}}, {"type": "Feature", "geometry": {"type": "Point", "coordinates": [139.691452, 35.690269]}, "properties": {"id": "bs-2248", "name": "都庁第一本庁舎", "wheelchair": false}}, {"type": "Feature", "geometry": {"type": "Point", "coordinates": [139.692158, 35.68886]}, "properties": {"id": "bs-2249", "name": "都庁第二本庁舎", "wheelchair": false}}, {"type": "Feature", "geometry": {"type": "Point", "coordinates": [139.693583, 35.689589]}, "properties": {"id": "bs-2250", "name": "都議会議事堂", "wheelchair": false}}, {"type": "Feature", "geometry": {"type": "Point", "coordinates": [139.864545, 35.688313]}, "properties": {"id": "bs-2251", "name": "東小松川車庫前", "wheelchair": false}}, {"type": "Feature", "geometry": {"type": "Point", "coordinates": [139.864386, 35.68529]}, "properties": {"id": "bs-2252", "name": "船堀一丁目", "wheelchair": false}}, {"type": "Feature", "geometry": {"type": "Point", "coordinates": [139.807954, 35.734341]}, "properties": {"id": "bs-2253", "name": "都立産業技術高専荒川キャンパス前", "wheelchair": false}}, {"type": "Feature", "geometry": {"type": "Point", "coordinates": [139.823348, 35.635707]}, "properties": {"id": "bs-2254", "name": "南千石橋北詰", "wheelchair": false}}, {"type": "Feature", "geometry": {"type": "Point", "coordinates": [139.817795, 35.734352]}, "properties": {"id": "bs-2262", "name": "墨田二丁目", "wheelchair": false}}, {"type": "Feature", "geometry": {"type": "Point", "coordinates": [139.815268, 35.731697]}, "properties": {"id": "bs-2263", "name": "水神前", "wheelchair": false}}, {"type": "Feature", "geometry": {"type": "Point", "coordinates": [139.813298, 35.728838]}, "properties": {"id": "bs-2264", "name": "白鬚橋", "wheelchair": false}}, {"type": "Feature", "geometry": {"type": "Point", "coordinates": [139.818583, 35.718524]}, "properties": {"id": "bs-2265", "name": "墨田区曳舟文化センター前", "wheelchair": false}}, {"type": "Feature", "geometry": {"type": "Point", "coordinates": [139.814454, 35.714982]}, "properties": {"id": "bs-2266", "name": "押上二丁目", "wheelchair": false}}, {"type": "Feature", "geometry": {"type": "Point", "coordinates": [139.811859, 35.71279]}, "properties": {"id": "bs-2267", "name": "向島三丁目", "wheelchair": false}}, {"type": "Feature", "geometry": {"type": "Point", "coordinates": [139.835555, 35.629463]}, "properties": {"id": "bs-2268", "name": "若洲ゴルフリンクス前", "wheelchair": false}}, {"type": "Feature", "geometry": {"type": "Point", "coordinates": [139.834562, 35.619529]}, "properties": {"id": "bs-2269", "name": "若洲キャンプ場前", "wheelchair": false}}, {"type": "Feature", "geometry": {"type": "Point", "coordinates": [139.750689, 35.623057]}, "properties": {"id": "bs-2271", "name": "天王洲アイル", "wheelchair": false}}, {"type": "Feature", "geometry": {"type": "Point", "coordinates": [139.848664, 35.691376]}, "properties": {"id": "bs-2272", "name": "小松川一丁目アパート前", "wheelchair": false}}, {"type": "Feature", "geometry": {"type": "Point", "coordinates": [139.7187, 35.732529]}, "properties": {"id": "bs-2273", "name": "六ツ又陸橋", "wheelchair": false}}, {"type": "Feature", "geometry": {"type": "Point", "coordinates": [139.875711, 35.646395]}, "properties": {"id": "bs-2274", "name": "南葛西会館前", "wheelchair": false}}, {"type": "Feature", "geometry": {"type": "Point", "coordinates": [139.87134, 35.642442]}, "properties": {"id": "bs-2275", "name": "南葛西第三小学校前", "wheelchair": false}}, {"type": "Feature", "geometry": {"type": "Point", "coordinates": [139.801436, 35.642094]}, "properties": {"id": "bs-2276", "name": "東雲二丁目", "wheelchair": false}}, {"type": "Feature", "geometry": {"type": "Point", "coordinates": [139.750157, 35.626094]}, "properties": {"id": "bs-2283", "name": "天王洲運河", "wheelchair": false}}, {"type": "Feature", "geometry": {"type": "Point", "coordinates": [139.790654, 35.659121]}, "properties": {"id": "bs-2288", "name": "春海橋", "wheelchair": false}}, {"type": "Feature", "geometry": {"type": "Point", "coordinates": [139.869942, 35.645993]}, "properties": {"id": "bs-2289", "name": "江戸川臨海郵便局前", "wheelchair": false}}, {"type": "Feature", "geometry": {"type": "Point", "coordinates": [139.733503, 35.771333]}, "properties": {"id": "bs-2290", "name": "神谷陸橋", "wheelchair": false}}, {"type": "Feature", "geometry": {"type": "Point", "coordinates": [139.733336, 35.775058]}, "properties": {"id": "bs-2294", "name": "北車庫入口", "wheelchair": false}}, {"type": "Feature", "geometry": {"type": "Point", "coordinates": [139.818296, 35.675758]}, "properties": {"id": "bs-2298", "name": "東陽七丁目", "wheelchair": false}}, {"type": "Feature", "geometry": {"type": "Point", "coordinates": [139.785027, 35.669007]}, "properties": {"id": "bs-2305", "name": "リバーシティ２１", "wheelchair": false}}, {"type": "Feature", "geometry": {"type": "Point", "coordinates": [139.785879, 35.66738]}, "properties": {"id": "bs-2306", "name": "佃二丁目", "wheelchair": false}}, {"type": "Feature", "geometry": {"type": "Point", "coordinates": [139.832366, 35.628827]}, "properties": {"id": "bs-2308", "name": "シャシー整理場前", "wheelchair": false}}, {"type": "Feature", "geometry": {"type": "Point", "coordinates": [139.831042, 35.627524]}, "properties": {"id": "bs-2309", "name": "若洲中央", "wheelchair": false}}, {"type": "Feature", "geometry": {"type": "Point", "coordinates": [139.832387, 35.626297]}, "properties": {"id": "bs-2310", "name": "江東倉庫組合前", "wheelchair": false}}, {"type": "Feature", "geometry": {"type": "Point", "coordinates": [139.833547, 35.624922]}, "properties": {"id": "bs-2311", "name": "江東倉庫会館前", "wheelchair": false}}, {"type": "Feature", "geometry": {"type": "Point", "coordinates": [139.78827, 35.659457]}, "properties": {"id": "bs-2312", "name": "新月島公園前", "wheelchair": false}}, {"type": "Feature", "geometry": {"type": "Point", "coordinates": [139.752459, 35.645609]}, "properties": {"id": "bs-2319", "name": "芝浦一丁目", "wheelchair": false}}, {"type": "Feature", "geometry": {"type": "Point", "coordinates": [139.75296, 35.696158]}, "properties": {"id": "bs-2320", "name": "まないた橋", "wheelchair": false}}, {"type": "Feature", "geometry": {"type": "Point", "coordinates": [139.791573, 35.633634]}, "properties": {"id": "bs-2323", "name": "国際展示場駅前", "wheelchair": false}}, {"type": "Feature", "geometry": {"type": "Point", "coordinates": [139.793056, 35.630234]}, "properties": {"id": "bs-2324", "name": "東京ビッグサイト", "wheelchair": false}}, {"type": "Feature", "geometry": {"type": "Point", "coordinates": [139.79141, 35.630418]}, "properties": {"id": "bs-2325", "name": "東京ビッグサイト駅前", "wheelchair": false}}, {"type": "Feature", "geometry": {"type": "Point", "coordinates": [139.779062, 35.627213]}, "properties": {"id": "bs-2326", "name": "東京テレポート駅前", "wheelchair": false}}, {"type": "Feature", "geometry": {"type": "Point", "coordinates": [139.778878, 35.617403]}, "properties": {"id": "bs-2327", "name": "テレコムセンター駅前", "wheelchair": false}}, {"type": "Feature", "geometry": {"type": "Point", "coordinates": [139.770533, 35.624391]}, "properties": {"id": "bs-2328", "name": "潮風公園入口", "wheelchair": false}}, {"type": "Feature", "geometry": {"type": "Point", "coordinates": [139.771384, 35.626008]}, "properties": {"id": "bs-2329", "name": "台場駅前", "wheelchair": false}}, {"type": "Feature", "geometry": {"type": "Point", "coordinates": [139.803766, 35.775389]}, "properties": {"id": "bs-2330", "name": "足立区役所", "wheelchair": false}}, {"type": "Feature", "geometry": {"type": "Point", "coordinates": [139.859148, 35.6532]}, "properties": {"id": "bs-2331", "name": "紅葉川高校前", "wheelchair": false}}, {"type": "Feature", "geometry": {"type": "Point", "coordinates": [139.785634, 35.63288]}, "properties": {"id": "bs-2333", "name": "有明クリーンセンター前", "wheelchair": false}}, {"type": "Feature", "geometry": {"type": "Point", "coordinates": [139.750961, 35.620148]}, "properties": {"id": "bs-2334", "name": "りんかい線天王洲アイル駅前", "wheelchair": false}}, {"type": "Feature", "geometry": {"type": "Point", "coordinates": [139.750722, 35.619796]}, "properties": {"id": "bs-2335", "name": "天王洲公園前", "wheelchair": false}}, {"type": "Feature", "geometry": {"type": "Point", "coordinates": [139.714688, 35.648202]}, "properties": {"id": "bs-2339", "name": "恵比寿橋", "wheelchair": false}}, {"type": "Feature", "geometry": {"type": "Point", "coordinates": [139.478972, 35.730613]}, "properties": {"id": "bs-2341", "name": "小平消防署前", "wheelchair": false}}, {"type": "Feature", "geometry": {"type": "Point", "coordinates": [139.400794, 35.756767]}, "properties": {"id": "bs-2342", "name": "三ツ橋", "wheelchair": false}}, {"type": "Feature", "geometry": {"type": "Point", "coordinates": [139.264994, 35.78552]}, "properties": {"id": "bs-2343", "name": "千ヶ瀬", "wheelchair": false}}, {"type": "Feature", "geometry": {"type": "Point", "coordinates": [139.283251, 35.798825]}, "properties": {"id": "bs-2344", "name": "吹上中学校入口", "wheelchair": false}}, {"type": "Feature", "geometry": {"type": "Point", "coordinates": [139.207156, 35.803516]}, "properties": {"id": "bs-2345", "name": "柚木町三丁目", "wheelchair": false}}, {"type": "Feature", "geometry": {"type": "Point", "coordinates": [139.774644, 35.627785]}, "properties": {"id": "bs-2346", "name": "フジテレビ前", "wheelchair": false}}, {"type": "Feature", "geometry": {"type": "Point", "coordinates": [139.753716, 35.622297]}, "properties": {"id": "bs-2353", "name": "品川ふ頭橋", "wheelchair": false}}, {"type": "Feature", "geometry": {"type": "Point", "coordinates": [139.291131, 35.79529]}, "properties": {"id": "bs-2358", "name": "大門市民センター前", "wheelchair": false}}, {"type": "Feature", "geometry": {"type": "Point", "coordinates": [139.271896, 35.79099]}, "properties": {"id": "bs-2359", "name": "東青梅駅北口", "wheelchair": false}}, {"type": "Feature", "geometry": {"type": "Point", "coordinates": [139.693251, 35.710259]}, "properties": {"id": "bs-2361", "name": "小滝橋車庫前", "wheelchair": false}}, {"type": "Feature", "geometry": {"type": "Point", "coordinates": [139.741915, 35.612156]}, "properties": {"id": "bs-2364", "name": "南品川五丁目", "wheelchair": false}}, {"type": "Feature", "geometry": {"type": "Point", "coordinates": [139.867449, 35.681673]}, "properties": {"id": "bs-2365", "name": "船堀スポーツ公園前", "wheelchair": false}}, {"type": "Feature", "geometry": {"type": "Point", "coordinates": [139.870426, 35.686168]}, "properties": {"id": "bs-2366", "name": "松江六丁目", "wheelchair": false}}, {"type": "Feature", "geometry": {"type": "Point", "coordinates": [139.871837, 35.690844]}, "properties": {"id": "bs-2367", "name": "松江コミュニティ会館前", "wheelchair": false}}, {"type": "Feature", "geometry": {"type": "Point", "coordinates": [139.87233, 35.693007]}, "properties": {"id": "bs-2368", "name": "銀杏並木通り", "wheelchair": false}}, {"type": "Feature", "geometry": {"type": "Point", "coordinates": [139.875291, 35.695324]}, "properties": {"id": "bs-2369", "name": "松江四中通り", "wheelchair": false}}, {"type": "Feature", "geometry": {"type": "Point", "coordinates": [139.876835, 35.697282]}, "properties": {"id": "bs-2370", "name": "松江第四中学校前", "wheelchair": false}}, {"type": "Feature", "geometry": {"type": "Point", "coordinates": [139.878149, 35.699973]}, "properties": {"id": "bs-2371", "name": "大杉東小学校前", "wheelchair": false}}, {"type": "Feature", "geometry": {"type": "Point", "coordinates": [139.744712, 35.606722]}, "properties": {"id": "bs-2372", "name": "東京工科専門学校前", "wheelchair": false}}, {"type": "Feature", "geometry": {"type": "Point", "coordinates": [139.756054, 35.629698]}, "properties": {"id": "bs-2373", "name": "港南大橋東詰", "wheelchair": false}}, {"type": "Feature", "geometry": {"type": "Point", "coordinates": [139.246974, 35.790529]}, "properties": {"id": "bs-2375", "name": "多摩高校前", "wheelchair": false}}, {"type": "Feature", "geometry": {"type": "Point", "coordinates": [139.244939, 35.79024]}, "properties": {"id": "bs-2376", "name": "青梅第一中学校前", "wheelchair": false}}, {"type": "Feature", "geometry": {"type": "Point", "coordinates": [139.243235, 35.789827]}, "properties": {"id": "bs-2377", "name": "裏宿町", "wheelchair": false}}, {"type": "Feature", "geometry": {"type": "Point", "coordinates": [139.803091, 35.784901]}, "properties": {"id": "bs-2379", "name": "平野町", "wheelchair": false}}, {"type": "Feature", "geometry": {"type": "Point", "coordinates": [139.19701, 35.803113]}, "properties": {"id": "bs-2380", "name": "櫛かんざし美術館前", "wheelchair": false}}, {"type": "Feature", "geometry": {"type": "Point", "coordinates": [139.86958, 35.676924]}, "properties": {"id": "bs-2382", "name": "船堀七丁目", "wheelchair": false}}, {"type": "Feature", "geometry": {"type": "Point", "coordinates": [139.764656, 35.595366]}, "properties": {"id": "bs-2383", "name": "みなとが丘ふ頭公園前", "wheelchair": false}}, {"type": "Feature", "geometry": {"type": "Point", "coordinates": [139.279358, 35.785628]}, "properties": {"id": "bs-2384", "name": "東青梅四丁目", "wheelchair": false}}, {"type": "Feature", "geometry": {"type": "Point", "coordinates": [139.282668, 35.782373]}, "properties": {"id": "bs-2385", "name": "総合医療センター前", "wheelchair": false}}, {"type": "Feature", "geometry": {"type": "Point", "coordinates": [139.284424, 35.784063]}, "properties": {"id": "bs-2386", "name": "河辺駅南口", "wheelchair": false}}, {"type": "Feature", "geometry": {"type": "Point", "coordinates": [139.781227, 35.624911]}, "properties": {"id": "bs-2387", "name": "青海駅前", "wheelchair": false}}, {"type": "Feature", "geometry": {"type": "Point", "coordinates": [139.849394, 35.696542]}, "properties": {"id": "bs-2388", "name": "小松川さくらホール前", "wheelchair": false}}, {"type": "Feature", "geometry": {"type": "Point", "coordinates": [139.850997, 35.696923]}, "properties": {"id": "bs-2389", "name": "小松川第二保育園前", "wheelchair": false}}, {"type": "Feature", "geometry": {"type": "Point", "coordinates": [139.851691, 35.695449]}, "properties": {"id": "bs-2390", "name": "チェリーガーデン前", "wheelchair": false}}, {"type": "Feature", "geometry": {"type": "Point", "coordinates": [139.850983, 35.694523]}, "properties": {"id": "bs-2391", "name": "自由の広場前", "wheelchair": false}}, {"type": "Feature", "geometry": {"type": "Point", "coordinates": [139.87733, 35.65979]}, "properties": {"id": "bs-2392", "name": "第二葛西小学校入口", "wheelchair": false}}, {"type": "Feature", "geometry": {"type": "Point", "coordinates": [139.879778, 35.659425]}, "properties": {"id": "bs-2394", "name": "東葛西六丁目", "wheelchair": false}}, {"type": "Feature", "geometry": {"type": "Point", "coordinates": [139.881102, 35.658059]}, "properties": {"id": "bs-2395", "name": "東葛西七丁目", "wheelchair": false}}, {"type": "Feature", "geometry": {"type": "Point", "coordinates": [139.880741, 35.655948]}, "properties": {"id": "bs-2396", "name": "東葛西八丁目", "wheelchair": false}}, {"type": "Feature", "geometry": {"type": "Point", "coordinates": [139.880088, 35.652185]}, "properties": {"id": "bs-2397", "name": "東葛西九丁目", "wheelchair": false}}, {"type": "Feature", "geometry": {"type": "Point", "coordinates": [139.879635, 35.64884]}, "properties": {"id": "bs-2398", "name": "魔法の文学館入口", "wheelchair": false}}, {"type": "Feature", "geometry": {"type": "Point", "coordinates": [139.274385, 35.792632]}, "properties": {"id": "bs-2399", "name": "城前橋", "wheelchair": false}}, {"type": "Feature", "geometry": {"type": "Point", "coordinates": [139.276644, 35.793136]}, "properties": {"id": "bs-2400", "name": "山城橋", "wheelchair": false}}, {"type": "Feature", "geometry": {"type": "Point", "coordinates": [139.843559, 35.690447]}, "properties": {"id": "bs-2401", "name": "大島八丁目", "wheelchair": false}}, {"type": "Feature", "geometry": {"type": "Point", "coordinates": [139.795978, 35.673882]}, "properties": {"id": "bs-2403", "name": "門前仲町二丁目", "wheelchair": false}}, {"type": "Feature", "geometry": {"type": "Point", "coordinates": [139.714097, 35.731542]}, "properties": {"id": "bs-2405", "name": "池袋駅東口（⑩のりば）", "wheelchair": false}}, {"type": "Feature", "geometry": {"type": "Point", "coordinates": [139.776382, 35.617548]}, "properties": {"id": "bs-2407", "name": "東京港湾合同庁舎前", "wheelchair": false}}, {"type": "Feature", "geometry": {"type": "Point", "coordinates": [139.845066, 35.706708]}, "properties": {"id": "bs-2409", "name": "平井四丁目", "wheelchair": false}}, {"type": "Feature", "geometry": {"type": "Point", "coordinates": [139.772958, 35.693662]}, "properties": {"id": "bs-2410", "name": "神田富山町", "wheelchair": false}}, {"type": "Feature", "geometry": {"type": "Point", "coordinates": [139.746197, 35.730135]}, "properties": {"id": "bs-2412", "name": "文京グリーンコート前", "wheelchair": false}}, {"type": "Feature", "geometry": {"type": "Point", "coordinates": [139.809002, 35.738345]}, "properties": {"id": "bs-2413", "name": "はなみずき通り中央", "wheelchair": false}}, {"type": "Feature", "geometry": {"type": "Point", "coordinates": [139.810959, 35.738049]}, "properties": {"id": "bs-2414", "name": "荒川区立第三中学校前", "wheelchair": false}}, {"type": "Feature", "geometry": {"type": "Point", "coordinates": [139.739353, 35.621138]}, "properties": {"id": "bs-2434", "name": "北品川", "wheelchair": false}}, {"type": "Feature", "geometry": {"type": "Point", "coordinates": [139.876005, 35.649892]}, "properties": {"id": "bs-2435", "name": "富士公園前", "wheelchair": false}}, {"type": "Feature", "geometry": {"type": "Point", "coordinates": [139.87277, 35.652123]}, "properties": {"id": "bs-2436", "name": "南葛西四丁目", "wheelchair": false}}, {"type": "Feature", "geometry": {"type": "Point", "coordinates": [139.783393, 35.658226]}, "properties": {"id": "bs-2437", "name": "晴海トリトンスクエア中央", "wheelchair": false}}, {"type": "Feature", "geometry": {"type": "Point", "coordinates": [139.831324, 35.669219]}, "properties": {"id": "bs-2439", "name": "南砂町駅前", "wheelchair": false}}, {"type": "Feature", "geometry": {"type": "Point", "coordinates": [139.832113, 35.671047]}, "properties": {"id": "bs-2440", "name": "南砂三丁目みどり団地前", "wheelchair": false}}, {"type": "Feature", "geometry": {"type": "Point", "coordinates": [139.78056, 35.656745]}, "properties": {"id": "bs-2442", "name": "晴海トリトンスクエア前", "wheelchair": false}}, {"type": "Feature", "geometry": {"type": "Point", "coordinates": [139.799893, 35.733487]}, "properties": {"id": "bs-2443", "name": "南千住駅東口", "wheelchair": false}}, {"type": "Feature", "geometry": {"type": "Point", "coordinates": [139.80459, 35.735527]}, "properties": {"id": "bs-2444", "name": "南千住四丁目", "wheelchair": false}}, {"type": "Feature", "geometry": {"type": "Point", "coordinates": [139.816824, 35.735065]}, "properties": {"id": "bs-2445", "name": "梅若橋コミュニティ会館前", "wheelchair": false}}, {"type": "Feature", "geometry": {"type": "Point", "coordinates": [139.863975, 35.658078]}, "properties": {"id": "bs-2448", "name": "葛西第三中学校入口", "wheelchair": false}}, {"type": "Feature", "geometry": {"type": "Point", "coordinates": [139.854996, 35.651536]}, "properties": {"id": "bs-2449", "name": "東京臨海病院前", "wheelchair": false}}, {"type": "Feature", "geometry": {"type": "Point", "coordinates": [139.865926, 35.680151]}, "properties": {"id": "bs-2450", "name": "船堀三丁目", "wheelchair": false}}, {"type": "Feature", "geometry": {"type": "Point", "coordinates": [139.861465, 35.672634]}, "properties": {"id": "bs-2451", "name": "くすのきカルチャーセンター前", "wheelchair": false}}, {"type": "Feature", "geometry": {"type": "Point", "coordinates": [139.86032, 35.671636]}, "properties": {"id": "bs-2452", "name": "行船公園前", "wheelchair": false}}, {"type": "Feature", "geometry": {"type": "Point", "coordinates": [139.867339, 35.65294]}, "properties": {"id": "bs-2453", "name": "南葛西住宅前", "wheelchair": false}}, {"type": "Feature", "geometry": {"type": "Point", "coordinates": [139.72411, 35.689741]}, "properties": {"id": "bs-2454", "name": "三栄町", "wheelchair": false}}, {"type": "Feature", "geometry": {"type": "Point", "coordinates": [139.694237, 35.706201]}, "properties": {"id": "bs-2455", "name": "新宿消防署", "wheelchair": false}}, {"type": "Feature", "geometry": {"type": "Point", "coordinates": [139.747435, 35.628996]}, "properties": {"id": "bs-2456", "name": "東京海洋大学本部前", "wheelchair": false}}, {"type": "Feature", "geometry": {"type": "Point", "coordinates": [139.277836, 35.796029]}, "properties": {"id": "bs-2457", "name": "吹上しょうぶ公園入口", "wheelchair": false}}, {"type": "Feature", "geometry": {"type": "Point", "coordinates": [139.834188, 35.665158]}, "properties": {"id": "bs-2458", "name": "江東高齢者医療センター", "wheelchair": false}}, {"type": "Feature", "geometry": {"type": "Point", "coordinates": [139.829707, 35.683933]}, "properties": {"id": "bs-2459", "name": "小名木川小学校入口", "wheelchair": false}}, {"type": "Feature", "geometry": {"type": "Point", "coordinates": [139.833071, 35.666742]}, "properties": {"id": "bs-2460", "name": "新砂三丁目アパート", "wheelchair": false}}, {"type": "Feature", "geometry": {"type": "Point", "coordinates": [139.764257, 35.738275]}, "properties": {"id": "bs-2462", "name": "東田端一丁目", "wheelchair": false}}, {"type": "Feature", "geometry": {"type": "Point", "coordinates": [139.749621, 35.609057]}, "properties": {"id": "bs-2463", "name": "品川シーサイド駅前", "wheelchair": false}}, {"type": "Feature", "geometry": {"type": "Point", "coordinates": [139.796238, 35.709559]}, "properties": {"id": "bs-2464", "name": "浅草雷門南", "wheelchair": false}}, {"type": "Feature", "geometry": {"type": "Point", "coordinates": [139.793637, 35.709304]}, "properties": {"id": "bs-2465", "name": "雷門一丁目", "wheelchair": false}}, {"type": "Feature", "geometry": {"type": "Point", "coordinates": [139.765341, 35.77518]}, "properties": {"id": "bs-2467", "name": "江北小学校前", "wheelchair": false}}, {"type": "Feature", "geometry": {"type": "Point", "coordinates": [139.765006, 35.78017]}, "properties": {"id": "bs-2468", "name": "鹿浜菜の花中学校入口", "wheelchair": false}}, {"type": "Feature", "geometry": {"type": "Point", "coordinates": [139.765119, 35.78215]}, "properties": {"id": "bs-2469", "name": "東京北部病院前", "wheelchair": false}}, {"type": "Feature", "geometry": {"type": "Point", "coordinates": [139.762847, 35.785782]}, "properties": {"id": "bs-2470", "name": "押部", "wheelchair": false}}, {"type": "Feature", "geometry": {"type": "Point", "coordinates": [139.762108, 35.789551]}, "properties": {"id": "bs-2471", "name": "鹿浜八丁目", "wheelchair": false}}, {"type": "Feature", "geometry": {"type": "Point", "coordinates": [139.761908, 35.791009]}, "properties": {"id": "bs-2472", "name": "皿沼一丁目", "wheelchair": false}}, {"type": "Feature", "geometry": {"type": "Point", "coordinates": [139.761726, 35.794226]}, "properties": {"id": "bs-2473", "name": "加賀団地", "wheelchair": false}}, {"type": "Feature", "geometry": {"type": "Point", "coordinates": [139.654091, 35.738581]}, "properties": {"id": "bs-2474", "name": "練馬駅", "wheelchair": false}}, {"type": "Feature", "geometry": {"type": "Point", "coordinates": [139.770469, 35.81249]}, "properties": {"id": "bs-2476", "name": "氷川神社前", "wheelchair": false}}, {"type": "Feature", "geometry": {"type": "Point", "coordinates": [139.770193, 35.808121]}, "properties": {"id": "bs-2477", "name": "放射１１号舎人", "wheelchair": false}}, {"type": "Feature", "geometry": {"type": "Point", "coordinates": [139.770307, 35.803721]}, "properties": {"id": "bs-2478", "name": "入谷一丁目", "wheelchair": false}}, {"type": "Feature", "geometry": {"type": "Point", "coordinates": [139.729633, 35.660541]}, "properties": {"id": "bs-2480", "name": "六本木ヒルズ", "wheelchair": false}}, {"type": "Feature", "geometry": {"type": "Point", "coordinates": [139.730604, 35.659235]}, "properties": {"id": "bs-2481", "name": "六本木けやき坂", "wheelchair": false}}, {"type": "Feature", "geometry": {"type": "Point", "coordinates": [139.716976, 35.711481]}, "properties": {"id": "bs-2482", "name": "甘泉園公園前", "wheelchair": false}}, {"type": "Feature", "geometry": {"type": "Point", "coordinates": [139.802777, 35.665873]}, "properties": {"id": "bs-2489", "name": "木場一丁目", "wheelchair": false}}, {"type": "Feature", "geometry": {"type": "Point", "coordinates": [139.804767, 35.662268]}, "properties": {"id": "bs-2490", "name": "塩崎荘前", "wheelchair": false}}, {"type": "Feature", "geometry": {"type": "Point", "coordinates": [139.815472, 35.658102]}, "properties": {"id": "bs-2491", "name": "潮見二丁目", "wheelchair": false}}, {"type": "Feature", "geometry": {"type": "Point", "coordinates": [139.81672, 35.647258]}, "properties": {"id": "bs-2493", "name": "港湾住宅前", "wheelchair": false}}, {"type": "Feature", "geometry": {"type": "Point", "coordinates": [139.802956, 35.646707]}, "properties": {"id": "bs-2495", "name": "キャナルコート３街区前", "wheelchair": false}}, {"type": "Feature", "geometry": {"type": "Point", "coordinates": [139.804561, 35.646468]}, "properties": {"id": "bs-2496", "name": "キャナルコート２街区前", "wheelchair": false}}, {"type": "Feature", "geometry": {"type": "Point", "coordinates": [139.804369, 35.647886]}, "properties": {"id": "bs-2497", "name": "キャナルコート４街区前", "wheelchair": false}}, {"type": "Feature", "geometry": {"type": "Point", "coordinates": [139.749487, 35.644402]}, "properties": {"id": "bs-2498", "name": "田町駅東口前", "wheelchair": false}}, {"type": "Feature", "geometry": {"type": "Point", "coordinates": [139.744533, 35.771346]}, "properties": {"id": "bs-2499", "name": "ハートアイランド入口", "wheelchair": false}}, {"type": "Feature", "geometry": {"type": "Point", "coordinates": [139.858875, 35.646933]}, "properties": {"id": "bs-2500", "name": "臨海車庫", "wheelchair": false}}, {"type": "Feature", "geometry": {"type": "Point", "coordinates": [139.859546, 35.67599]}, "properties": {"id": "bs-2501", "name": "宇喜田公園前", "wheelchair": false}}, {"type": "Feature", "geometry": {"type": "Point", "coordinates": [139.857411, 35.671643]}, "properties": {"id": "bs-2502", "name": "区立自然動物園前", "wheelchair": false}}, {"type": "Feature", "geometry": {"type": "Point", "coordinates": [139.842845, 35.674157]}, "properties": {"id": "bs-2503", "name": "東砂六丁目北", "wheelchair": false}}, {"type": "Feature", "geometry": {"type": "Point", "coordinates": [139.881959, 35.674889]}, "properties": {"id": "bs-2504", "name": "江戸川区口腔保健センター入口", "wheelchair": false}}, {"type": "Feature", "geometry": {"type": "Point", "coordinates": [139.794422, 35.633504]}, "properties": {"id": "bs-2505", "name": "がん研有明病院前", "wheelchair": false}}, {"type": "Feature", "geometry": {"type": "Point", "coordinates": [139.858561, 35.66123]}, "properties": {"id": "bs-2506", "name": "西葛西駅南", "wheelchair": false}}, {"type": "Feature", "geometry": {"type": "Point", "coordinates": [139.856028, 35.66316]}, "properties": {"id": "bs-2507", "name": "清新町健康サポートセンター前", "wheelchair": false}}, {"type": "Feature", "geometry": {"type": "Point", "coordinates": [139.8371, 35.665784]}, "properties": {"id": "bs-2508", "name": "清砂大橋西", "wheelchair": false}}, {"type": "Feature", "geometry": {"type": "Point", "coordinates": [139.830206, 35.66766]}, "properties": {"id": "bs-2509", "name": "南砂町駅入口", "wheelchair": false}}, {"type": "Feature", "geometry": {"type": "Point", "coordinates": [139.76609, 35.796106]}, "properties": {"id": "bs-2510", "name": "足立流通センター南", "wheelchair": false}}, {"type": "Feature", "geometry": {"type": "Point", "coordinates": [139.206159, 35.805398]}, "properties": {"id": "bs-2512", "name": "軍畑駅入口", "wheelchair": false}}, {"type": "Feature", "geometry": {"type": "Point", "coordinates": [139.193089, 35.8046]}, "properties": {"id": "bs-2513", "name": "沢井駅入口", "wheelchair": false}}, {"type": "Feature", "geometry": {"type": "Point", "coordinates": [139.186337, 35.804944]}, "properties": {"id": "bs-2514", "name": "鵜の瀬橋入口", "wheelchair": false}}, {"type": "Feature", "geometry": {"type": "Point", "coordinates": [139.1836, 35.801287]}, "properties": {"id": "bs-2515", "name": "御嶽駅前", "wheelchair": false}}, {"type": "Feature", "geometry": {"type": "Point", "coordinates": [139.747788, 35.769335]}, "properties": {"id": "bs-2519", "name": "ハートアイランド西", "wheelchair": false}}, {"type": "Feature", "geometry": {"type": "Point", "coordinates": [139.834439, 35.666362]}, "properties": {"id": "bs-2520", "name": "江東高齢者医療センター入口", "wheelchair": false}}, {"type": "Feature", "geometry": {"type": "Point", "coordinates": [139.749371, 35.628744]}, "properties": {"id": "bs-2522", "name": "港南小学校前", "wheelchair": false}}, {"type": "Feature", "geometry": {"type": "Point", "coordinates": [139.814615, 35.658468]}, "properties": {"id": "bs-2523", "name": "深川暁橋南", "wheelchair": false}}, {"type": "Feature", "geometry": {"type": "Point", "coordinates": [139.816072, 35.656491]}, "properties": {"id": "bs-2524", "name": "潮見一丁目アパート前", "wheelchair": false}}, {"type": "Feature", "geometry": {"type": "Point", "coordinates": [139.816043, 35.652357]}, "properties": {"id": "bs-2525", "name": "漣橋南詰", "wheelchair": false}}, {"type": "Feature", "geometry": {"type": "Point", "coordinates": [139.809729, 35.648988]}, "properties": {"id": "bs-2526", "name": "第二辰巳小学校前", "wheelchair": false}}, {"type": "Feature", "geometry": {"type": "Point", "coordinates": [139.808699, 35.651057]}, "properties": {"id": "bs-2527", "name": "辰巳中央", "wheelchair": false}}, {"type": "Feature", "geometry": {"type": "Point", "coordinates": [139.809083, 35.652001]}, "properties": {"id": "bs-2528", "name": "辰巳一丁目北", "wheelchair": false}}, {"type": "Feature", "geometry": {"type": "Point", "coordinates": [139.833546, 35.66429]}, "properties": {"id": "bs-2529", "name": "東部療育センター前", "wheelchair": false}}, {"type": "Feature", "geometry": {"type": "Point", "coordinates": [139.810939, 35.659916]}, "properties": {"id": "bs-2530", "name": "枝川三丁目", "wheelchair": false}}, {"type": "Feature", "geometry": {"type": "Point", "coordinates": [139.767275, 35.766188]}, "properties": {"id": "bs-2533", "name": "江北一丁目アパート前", "wheelchair": false}}, {"type": "Feature", "geometry": {"type": "Point", "coordinates": [139.766363, 35.76922]}, "properties": {"id": "bs-2534", "name": "江北二丁目", "wheelchair": false}}, {"type": "Feature", "geometry": {"type": "Point", "coordinates": [139.761271, 35.790756]}, "properties": {"id": "bs-2535", "name": "加賀一丁目", "wheelchair": false}}, {"type": "Feature", "geometry": {"type": "Point", "coordinates": [139.759249, 35.790421]}, "properties": {"id": "bs-2536", "name": "加賀", "wheelchair": false}}, {"type": "Feature", "geometry": {"type": "Point", "coordinates": [139.758563, 35.793103]}, "properties": {"id": "bs-2537", "name": "加賀中学校入口", "wheelchair": false}}, {"type": "Feature", "geometry": {"type": "Point", "coordinates": [139.748196, 35.634003]}, "properties": {"id": "bs-2538", "name": "浜路橋", "wheelchair": false}}, {"type": "Feature", "geometry": {"type": "Point", "coordinates": [139.75447, 35.638721]}, "properties": {"id": "bs-2539", "name": "海岸通り裏", "wheelchair": false}}, {"type": "Feature", "geometry": {"type": "Point", "coordinates": [139.756723, 35.640033]}, "properties": {"id": "bs-2540", "name": "芝浦埠頭", "wheelchair": false}}, {"type": "Feature", "geometry": {"type": "Point", "coordinates": [139.75599, 35.642213]}, "properties": {"id": "bs-2541", "name": "埠頭公園入口", "wheelchair": false}}, {"type": "Feature", "geometry": {"type": "Point", "coordinates": [139.781694, 35.618002]}, "properties": {"id": "bs-2542", "name": "青海二丁目", "wheelchair": false}}, {"type": "Feature", "geometry": {"type": "Point", "coordinates": [139.799159, 35.59873]}, "properties": {"id": "bs-2543", "name": "環境局中防合同庁舎前", "wheelchair": false}}, {"type": "Feature", "geometry": {"type": "Point", "coordinates": [139.797433, 35.600865]}, "properties": {"id": "bs-2544", "name": "中央防波堤", "wheelchair": false}}, {"type": "Feature", "geometry": {"type": "Point", "coordinates": [139.77524, 35.618961]}, "properties": {"id": "bs-2546", "name": "日本科学未来館前", "wheelchair": false}}, {"type": "Feature", "geometry": {"type": "Point", "coordinates": [139.777191, 35.620482]}, "properties": {"id": "bs-2547", "name": "シンボルプロムナード公園前", "wheelchair": false}}, {"type": "Feature", "geometry": {"type": "Point", "coordinates": [139.250877, 35.790174]}, "properties": {"id": "bs-2548", "name": "青梅車庫前", "wheelchair": false}}, {"type": "Feature", "geometry": {"type": "Point", "coordinates": [139.727198, 35.705721]}, "properties": {"id": "bs-2549", "name": "榎町特別出張所前", "wheelchair": false}}, {"type": "Feature", "geometry": {"type": "Point", "coordinates": [139.746272, 35.771432]}, "properties": {"id": "bs-2555", "name": "ハートアイランド北", "wheelchair": false}}, {"type": "Feature", "geometry": {"type": "Point", "coordinates": [139.747785, 35.770671]}, "properties": {"id": "bs-2556", "name": "ハートアイランド東", "wheelchair": false}}, {"type": "Feature", "geometry": {"type": "Point", "coordinates": [139.747998, 35.765836]}, "properties": {"id": "bs-2557", "name": "新豊橋", "wheelchair": false}}, {"type": "Feature", "geometry": {"type": "Point", "coordinates": [139.776246, 35.628369]}, "properties": {"id": "bs-2558", "name": "台場二丁目", "wheelchair": false}}, {"type": "Feature", "geometry": {"type": "Point", "coordinates": [139.776037, 35.619297]}, "properties": {"id": "bs-2560", "name": "日本科学未来館", "wheelchair": false}}, {"type": "Feature", "geometry": {"type": "Point", "coordinates": [139.737523, 35.660424]}, "properties": {"id": "bs-2562", "name": "飯倉片町", "wheelchair": false}}, {"type": "Feature", "geometry": {"type": "Point", "coordinates": [139.749635, 35.768612]}, "properties": {"id": "bs-2564", "name": "ハートアイランド南", "wheelchair": false}}, {"type": "Feature", "geometry": {"type": "Point", "coordinates": [139.770866, 35.774139]}, "properties": {"id": "bs-2566", "name": "江北駅前", "wheelchair": false}}, {"type": "Feature", "geometry": {"type": "Point", "coordinates": [139.770058, 35.754916]}, "properties": {"id": "bs-2567", "name": "足立小台駅前", "wheelchair": false}}, {"type": "Feature", "geometry": {"type": "Point", "coordinates": [139.770981, 35.762939]}, "properties": {"id": "bs-2568", "name": "扇大橋駅前", "wheelchair": false}}, {"type": "Feature", "geometry": {"type": "Point", "coordinates": [139.770276, 35.81428]}, "properties": {"id": "bs-2569", "name": "見沼代親水公園駅前", "wheelchair": false}}, {"type": "Feature", "geometry": {"type": "Point", "coordinates": [139.807127, 35.676789]}, "properties": {"id": "bs-2570", "name": "木場公園", "wheelchair": false}}, {"type": "Feature", "geometry": {"type": "Point", "coordinates": [139.810487, 35.690644]}, "properties": {"id": "bs-2571", "name": "江東橋五丁目", "wheelchair": false}}, {"type": "Feature", "geometry": {"type": "Point", "coordinates": [139.740007, 35.667632]}, "properties": {"id": "bs-2572", "name": "赤坂アークヒルズ", "wheelchair": false}}, {"type": "Feature", "geometry": {"type": "Point", "coordinates": [139.438931, 35.732517]}, "properties": {"id": "bs-2573", "name": "小川町一丁目アパート前", "wheelchair": false}}, {"type": "Feature", "geometry": {"type": "Point", "coordinates": [139.801664, 35.734864]}, "properties": {"id": "bs-2574", "name": "ドナウ通り", "wheelchair": false}}, {"type": "Feature", "geometry": {"type": "Point", "coordinates": [139.872513, 35.657693]}, "properties": {"id": "bs-2575", "name": "仲町会館入口", "wheelchair": false}}, {"type": "Feature", "geometry": {"type": "Point", "coordinates": [139.712654, 35.701462]}, "properties": {"id": "bs-2578", "name": "新宿ここ・から広場前", "wheelchair": false}}, {"type": "Feature", "geometry": {"type": "Point", "coordinates": [139.767355, 35.663871]}, "properties": {"id": "bs-2579", "name": "国立がん研究センター前", "wheelchair": false}}, {"type": "Feature", "geometry": {"type": "Point", "coordinates": [139.835126, 35.673023]}, "properties": {"id": "bs-2580", "name": "江東図書館入口", "wheelchair": false}}, {"type": "Feature", "geometry": {"type": "Point", "coordinates": [139.754423, 35.630298]}, "properties": {"id": "bs-2581", "name": "港南大橋下", "wheelchair": false}}, {"type": "Feature", "geometry": {"type": "Point", "coordinates": [139.798607, 35.732958]}, "properties": {"id": "bs-2582", "name": "南千住駅西口", "wheelchair": false}}, {"type": "Feature", "geometry": {"type": "Point", "coordinates": [139.826133, 35.705796]}, "properties": {"id": "bs-2583", "name": "立花一丁目", "wheelchair": false}}, {"type": "Feature", "geometry": {"type": "Point", "coordinates": [139.744836, 35.655808]}, "properties": {"id": "bs-2584", "name": "赤羽橋交差点", "wheelchair": false}}, {"type": "Feature", "geometry": {"type": "Point", "coordinates": [139.887049, 35.680878]}, "properties": {"id": "bs-2585", "name": "今井児童交通公園前", "wheelchair": false}}, {"type": "Feature", "geometry": {"type": "Point", "coordinates": [139.787727, 35.630737]}, "properties": {"id": "bs-2586", "name": "武蔵野大学前", "wheelchair": false}}, {"type": "Feature", "geometry": {"type": "Point", "coordinates": [139.812426, 35.663491]}, "properties": {"id": "bs-2587", "name": "深川八中南", "wheelchair": false}}, {"type": "Feature", "geometry": {"type": "Point", "coordinates": [139.737201, 35.763703]}, "properties": {"id": "bs-2588", "name": "王子消防署前", "wheelchair": false}}, {"type": "Feature", "geometry": {"type": "Point", "coordinates": [139.788552, 35.648294]}, "properties": {"id": "bs-2589", "name": "新豊洲駅前", "wheelchair": false}}, {"type": "Feature", "geometry": {"type": "Point", "coordinates": [139.793858, 35.633599]}, "properties": {"id": "bs-2590", "name": "国際展示場駅入口", "wheelchair": false}}, {"type": "Feature", "geometry": {"type": "Point", "coordinates": [139.796549, 35.65164]}, "properties": {"id": "bs-2591", "name": "昭和大学江東豊洲病院前", "wheelchair": false}}, {"type": "Feature", "geometry": {"type": "Point", "coordinates": [139.816003, 35.663836]}, "properties": {"id": "bs-2592", "name": "東陽橋南", "wheelchair": false}}, {"type": "Feature", "geometry": {"type": "Point", "coordinates": [139.753845, 35.733551]}, "properties": {"id": "bs-2593", "name": "本駒込五丁目", "wheelchair": false}}, {"type": "Feature", "geometry": {"type": "Point", "coordinates": [139.79368, 35.639726]}, "properties": {"id": "bs-2594", "name": "かえつ学園西", "wheelchair": false}}, {"type": "Feature", "geometry": {"type": "Point", "coordinates": [139.51309, 35.726457]}, "properties": {"id": "bs-2595", "name": "花小金井駅北口", "wheelchair": false}}, {"type": "Feature", "geometry": {"type": "Point", "coordinates": [139.78699, 35.6464]}, "properties": {"id": "bs-2596", "name": "市場前駅前", "wheelchair": false}}, {"type": "Feature", "geometry": {"type": "Point", "coordinates": [139.784051, 35.643522]}, "properties": {"id": "bs-2597", "name": "豊洲市場", "wheelchair": false}}, {"type": "Feature", "geometry": {"type": "Point", "coordinates": [139.781963, 35.645227]}, "properties": {"id": "bs-2598", "name": "水産仲卸棟", "wheelchair": false}}, {"type": "Feature", "geometry": {"type": "Point", "coordinates": [139.72111, 35.728778]}, "properties": {"id": "bs-2604", "name": "池袋サンシャインシティ", "wheelchair": false}}, {"type": "Feature", "geometry": {"type": "Point", "coordinates": [139.804479, 35.723328]}, "properties": {"id": "bs-2605", "name": "今戸二丁目", "wheelchair": false}}, {"type": "Feature", "geometry": {"type": "Point", "coordinates": [139.76276, 35.582766]}, "properties": {"id": "bs-2606", "name": "大田市場北門東", "wheelchair": false}}, {"type": "Feature", "geometry": {"type": "Point", "coordinates": [139.760987, 35.582756]}, "properties": {"id": "bs-2607", "name": "大田市場北門西", "wheelchair": false}}, {"type": "Feature", "geometry": {"type": "Point", "coordinates": [139.720389, 35.716311]}, "properties": {"id": "bs-2608", "name": "日本女子大（構内）", "wheelchair": false}}, {"type": "Feature", "geometry": {"type": "Point", "coordinates": [139.793311, 35.638641]}, "properties": {"id": "bs-2610", "name": "有明ガーデン", "wheelchair": false}}, {"type": "Feature", "geometry": {"type": "Point", "coordinates": [139.765984, 35.77273]}, "properties": {"id": "bs-2617", "name": "東京女子医大足立医療センター", "wheelchair": false}}, {"type": "Feature", "geometry": {"type": "Point", "coordinates": [139.765527, 35.773551]}, "properties": {"id": "bs-2622", "name": "東京女子医大足立医療センター前", "wheelchair": false}}, {"type": "Feature", "geometry": {"type": "Point", "coordinates": [139.816477, 35.60806]}, "properties": {"id": "bs-2623", "name": "海の森水上競技場", "wheelchair": false}}, {"type": "Feature", "geometry": {"type": "Point", "coordinates": [139.873213, 35.716214]}, "properties": {"id": "bs-2625", "name": "菅原橋西", "wheelchair": false}}, {"type": "Feature", "geometry": {"type": "Point", "coordinates": [139.773363, 35.652299]}, "properties": {"id": "bs-2627", "name": "晴海五丁目ターミナル", "wheelchair": false}}, {"type": "Feature", "geometry": {"type": "Point", "coordinates": [139.771797, 35.648823]}, "properties": {"id": "bs-2628", "name": "晴海ふ頭公園北", "wheelchair": false}}, {"type": "Feature", "geometry": {"type": "Point", "coordinates": [139.772342, 35.648287]}, "properties": {"id": "bs-2629", "name": "晴海ふ頭公園南", "wheelchair": false}}, {"type": "Feature", "geometry": {"type": "Point", "coordinates": [139.810113, 35.605312]}, "properties": {"id": "bs-2630", "name": "海の森公園", "wheelchair": false}}, {"type": "Feature", "geometry": {"type": "Point", "coordinates": [139.704691, 35.681918]}, "properties": {"id": "bs-2631", "name": "鳩森小学校西", "wheelchair": false}}, {"type": "Feature", "geometry": {"type": "Point", "coordinates": [139.719117, 35.716309]}, "properties": {"id": "bs-3334", "name": "日本女子大前（豊明小学校前）", "wheelchair": false}}]}