{"type": "FeatureCollection", "features": [{"type": "Feature", "geometry": {"type": "Point", "coordinates": [139.74026, 35.690219]}, "properties": {"id": "lw-0", "kind": "water", "name": "区立東郷元帥記念公園", "category": "震災対策用応急給水槽（1500立方メートル槽）", "capacity": "1500", "address": "東京都千代田区三番町18"}}, {"type": "Feature", "geometry": {"type": "Point", "coordinates": [139.756192, 35.676068]}, "properties": {"id": "lw-1", "kind": "water", "name": "都立日比谷公園", "category": "震災対策用応急給水槽（1500立方メートル槽）", "capacity": "1500", "address": "東京都千代田区日比谷公園1"}}, {"type": "Feature", "geometry": {"type": "Point", "coordinates": [139.781041, 35.6945844]}, "properties": {"id": "lw-2", "kind": "water", "name": "都立一橋高等学校", "category": "小規模応急給水槽（100立方メートル槽）", "capacity": "100", "address": "東京都千代田区東神田1-12-13"}}, {"type": "Feature", "geometry": {"type": "Point", "coordinates": [139.78408, 35.65832]}, "properties": {"id": "lw-3", "kind": "water", "name": "晴海給水所", "category": "浄水場・給水所", "capacity": "1300", "address": "東京都中央区晴海1-6-3"}}, {"type": "Feature", "geometry": {"type": "Point", "coordinates": [139.776889, 35.665987]}, "properties": {"id": "lw-4", "kind": "water", "name": "区立あかつき公園", "category": "震災対策用応急給水槽（1500立方メートル槽）", "capacity": "1500", "address": "東京都中央区築地7-19-1"}}, {"type": "Feature", "geometry": {"type": "Point", "coordinates": [139.779214, 35.6871001]}, "properties": {"id": "lw-5", "kind": "water", "name": "区立堀留児童公園", "category": "小規模応急給水槽（100立方メートル槽）", "capacity": "100", "address": "東京都中央区日本橋堀留町1-1-16"}}, {"type": "Feature", "geometry": {"type": "Point", "coordinates": [139.745108, 35.6612205]}, "properties": {"id": "lw-6", "kind": "water", "name": "芝給水所", "category": "浄水場・給水所", "capacity": "26600", "address": "東京都港区芝公園3-6-7"}}, {"type": "Feature", "geometry": {"type": "Point", "coordinates": [139.724887, 35.66437]}, "properties": {"id": "lw-7", "kind": "water", "name": "都立青山公園", "category": "震災対策用応急給水槽（1500立方メートル槽）", "capacity": "1500", "address": "東京都港区六本木7-23"}}, {"type": "Feature", "geometry": {"type": "Point", "coordinates": [139.738064, 35.634688]}, "properties": {"id": "lw-8", "kind": "water", "name": "シティハイツ桂坂 (港区防災活動拠点)", "category": "小規模応急給水槽（100立方メートル槽）", "capacity": "100", "address": "東京都港区高輪2-13-8"}}, {"type": "Feature", "geometry": {"type": "Point", "coordinates": [139.690673, 35.6881427]}, "properties": {"id": "lw-9", "kind": "water", "name": "淀橋給水所", "category": "浄水場・給水所", "capacity": "24000", "address": "東京都新宿区西新宿2-10-1"}}, {"type": "Feature", "geometry": {"type": "Point", "coordinates": [139.724088, 35.706243]}, "properties": {"id": "lw-10", "kind": "water", "name": "区立鶴巻南公園", "category": "震災対策用応急給水槽（1500立方メートル槽）", "capacity": "1500", "address": "東京都新宿区早稲田鶴巻町507"}}, {"type": "Feature", "geometry": {"type": "Point", "coordinates": [139.695779, 35.706365]}, "properties": {"id": "lw-11", "kind": "water", "name": "区立百人町ふれあい公園", "category": "震災対策用応急給水槽（1500立方メートル槽）", "capacity": "1500", "address": "東京都新宿区百人町3-28"}}, {"type": "Feature", "geometry": {"type": "Point", "coordinates": [139.760411, 35.7038488]}, "properties": {"id": "lw-12", "kind": "water", "name": "本郷給水所", "category": "浄水場・給水所", "capacity": "20000", "address": "東京都文京区本郷2-7-29"}}, {"type": "Feature", "geometry": {"type": "Point", "coordinates": [139.73559, 35.7208]}, "properties": {"id": "lw-13", "kind": "water", "name": "区立教育の森公園", "category": "震災対策用応急給水槽（1500立方メートル槽）", "capacity": "1500", "address": "東京都文京区大塚3-29"}}, {"type": "Feature", "geometry": {"type": "Point", "coordinates": [139.774526, 35.717343]}, "properties": {"id": "lw-14", "kind": "water", "name": "都立上野恩賜公園", "category": "震災対策用応急給水槽（1500立方メートル槽）", "capacity": "1500", "address": "東京都台東区上野公園8-51"}}, {"type": "Feature", "geometry": {"type": "Point", "coordinates": [139.804179, 35.7169585]}, "properties": {"id": "lw-15", "kind": "water", "name": "区立隅田公園山谷堀広場", "category": "小規模応急給水槽（100立方メートル槽）", "capacity": "100", "address": "東京都台東区浅草7-1"}}, {"type": "Feature", "geometry": {"type": "Point", "coordinates": [139.82186, 35.70891]}, "properties": {"id": "lw-16", "kind": "water", "name": "区立文花公園", "category": "震災対策用応急給水槽（1500立方メートル槽）", "capacity": "1500", "address": "東京都墨田区文花1-27-5"}}, {"type": "Feature", "geometry": {"type": "Point", "coordinates": [139.795728, 35.693666]}, "properties": {"id": "lw-17", "kind": "water", "name": "区立両国公園", "category": "小規模応急給水槽（100立方メートル槽）", "capacity": "100", "address": "東京都墨田区両国4-25-3"}}, {"type": "Feature", "geometry": {"type": "Point", "coordinates": [139.81999, 35.7001343]}, "properties": {"id": "lw-18", "kind": "water", "name": "亀戸給水所", "category": "浄水場・給水所", "capacity": "20000", "address": "東京都江東区亀戸2-6-50"}}, {"type": "Feature", "geometry": {"type": "Point", "coordinates": [139.810955, 35.67504]}, "properties": {"id": "lw-19", "kind": "water", "name": "豊住給水所", "category": "浄水場・給水所", "capacity": "13300", "address": "東京都江東区東陽6-1-8"}}, {"type": "Feature", "geometry": {"type": "Point", "coordinates": [139.841327, 35.6654223]}, "properties": {"id": "lw-20", "kind": "water", "name": "江東給水所", "category": "浄水場・給水所", "capacity": "22000", "address": "東京都江東区新砂3-6-17"}}, {"type": "Feature", "geometry": {"type": "Point", "coordinates": [139.78544, 35.6308274]}, "properties": {"id": "lw-21", "kind": "water", "name": "有明給水所", "category": "浄水場・給水所", "capacity": "6600", "address": "東京都江東区有明3-1-8"}}, {"type": "Feature", "geometry": {"type": "Point", "coordinates": [139.832646, 35.670954]}, "properties": {"id": "lw-22", "kind": "water", "name": "区立南砂三丁目公園", "category": "震災対策用応急給水槽（1500立方メートル槽）", "capacity": "1500", "address": "東京都江東区南砂3-14-21"}}, {"type": "Feature", "geometry": {"type": "Point", "coordinates": [139.812798, 35.648004]}, "properties": {"id": "lw-23", "kind": "water", "name": "都立辰巳の森海浜公園", "category": "震災対策用応急給水槽（1500立方メートル槽）", "capacity": "1500", "address": "東京都江東区辰巳2-1"}}, {"type": "Feature", "geometry": {"type": "Point", "coordinates": [139.72284, 35.61059]}, "properties": {"id": "lw-24", "kind": "water", "name": "区立戸越公園", "category": "震災対策用応急給水槽（1500立方メートル槽）", "capacity": "1500", "address": "東京都品川区豊町2-1-30"}}, {"type": "Feature", "geometry": {"type": "Point", "coordinates": [139.75039, 35.59629]}, "properties": {"id": "lw-25", "kind": "water", "name": "区立しおじ公園", "category": "震災対策用応急給水槽（1500立方メートル槽）", "capacity": "1500", "address": "東京都品川区八潮5-6"}}, {"type": "Feature", "geometry": {"type": "Point", "coordinates": [139.74661, 35.611851]}, "properties": {"id": "lw-26", "kind": "water", "name": "都立八潮高等学校", "category": "小規模応急給水槽（100立方メートル槽）", "capacity": "100", "address": "東京都品川区東品川3-27-22"}}, {"type": "Feature", "geometry": {"type": "Point", "coordinates": [139.670911, 35.620566]}, "properties": {"id": "lw-27", "kind": "water", "name": "八雲給水所", "category": "浄水場・給水所", "capacity": "16600", "address": "東京都目黒区八雲1-1"}}, {"type": "Feature", "geometry": {"type": "Point", "coordinates": [139.705384, 35.625388]}, "properties": {"id": "lw-28", "kind": "water", "name": "都立林試の森公園", "category": "震災対策用応急給水槽（1500立方メートル槽）", "capacity": "1500", "address": "東京都目黒区下目黒5-37"}}, {"type": "Feature", "geometry": {"type": "Point", "coordinates": [139.70192, 35.5886364]}, "properties": {"id": "lw-29", "kind": "water", "name": "馬込給水所", "category": "浄水場・給水所", "capacity": "12080", "address": "東京都大田区西馬込2-15-6"}}, {"type": "Feature", "geometry": {"type": "Point", "coordinates": [139.699734, 35.6004761]}, "properties": {"id": "lw-30", "kind": "water", "name": "上池台給水所", "category": "浄水場・給水所", "capacity": "11000", "address": "東京都大田区上池台1-48-25"}}, {"type": "Feature", "geometry": {"type": "Point", "coordinates": [139.75335, 35.5852378]}, "properties": {"id": "lw-31", "kind": "water", "name": "東海給水所", "category": "浄水場・給水所", "capacity": "13300", "address": "東京都大田区東海1-3-12"}}, {"type": "Feature", "geometry": {"type": "Point", "coordinates": [139.705564, 35.5463837]}, "properties": {"id": "lw-32", "kind": "water", "name": "区立西六郷三丁目公園", "category": "震災対策用応急給水槽（1500立方メートル槽）", "capacity": "1500", "address": "東京都大田区西六郷3-16-16"}}, {"type": "Feature", "geometry": {"type": "Point", "coordinates": [139.737397, 35.5507281]}, "properties": {"id": "lw-33", "kind": "water", "name": "区立萩中公園", "category": "震災対策用応急給水槽（1500立方メートル槽）", "capacity": "1500", "address": "東京都大田区萩中3-25-26"}}, {"type": "Feature", "geometry": {"type": "Point", "coordinates": [139.7384, 35.57786]}, "properties": {"id": "lw-34", "kind": "water", "name": "区立都堀公園", "category": "震災対策用応急給水槽（1500立方メートル槽）", "capacity": "1500", "address": "東京都大田区大森東1-30"}}, {"type": "Feature", "geometry": {"type": "Point", "coordinates": [139.681378, 35.569444]}, "properties": {"id": "lw-35", "kind": "water", "name": "区立下丸子公園", "category": "震災対策用応急給水槽（1500立方メートル槽）", "capacity": "1500", "address": "東京都大田区下丸子4-21"}}, {"type": "Feature", "geometry": {"type": "Point", "coordinates": [139.711054, 35.5727504]}, "properties": {"id": "lw-36", "kind": "water", "name": "区立女塚なかよし公園", "category": "小規模応急給水槽（100立方メートル槽）", "capacity": "100", "address": "東京都大田区池上5-24"}}, {"type": "Feature", "geometry": {"type": "Point", "coordinates": [139.593948, 35.623056]}, "properties": {"id": "lw-37", "kind": "water", "name": "砧浄水場", "category": "浄水場・給水所", "capacity": "8300", "address": "東京都世田谷区喜多見2-9-1"}}, {"type": "Feature", "geometry": {"type": "Point", "coordinates": [139.610803, 35.617936]}, "properties": {"id": "lw-38", "kind": "water", "name": "砧下浄水所", "category": "浄水場・給水所", "capacity": "700", "address": "東京都世田谷区鎌田2-4-1"}}, {"type": "Feature", "geometry": {"type": "Point", "coordinates": [139.657061, 35.670036]}, "properties": {"id": "lw-39", "kind": "water", "name": "和田堀給水所", "category": "浄水場・給水所", "capacity": "20300", "address": "東京都世田谷区大原2-30-43"}}, {"type": "Feature", "geometry": {"type": "Point", "coordinates": [139.66272, 35.599819]}, "properties": {"id": "lw-40", "kind": "water", "name": "玉川給水所", "category": "浄水場・給水所", "capacity": "20000", "address": "東京都世田谷区玉川田園調布1-19-1"}}, {"type": "Feature", "geometry": {"type": "Point", "coordinates": [139.616369, 35.642887]}, "properties": {"id": "lw-41", "kind": "water", "name": "大蔵給水所", "category": "浄水場・給水所", "capacity": "13300", "address": "東京都世田谷区砧2-8-1"}}, {"type": "Feature", "geometry": {"type": "Point", "coordinates": [139.650269, 35.633124]}, "properties": {"id": "lw-42", "kind": "water", "name": "駒沢給水所", "category": "浄水場・給水所", "capacity": "3200", "address": "東京都世田谷区弦巻2-41-5"}}, {"type": "Feature", "geometry": {"type": "Point", "coordinates": [139.678642, 35.6427401]}, "properties": {"id": "lw-43", "kind": "water", "name": "区立こどものひろば公園", "category": "震災対策用応急給水槽（1500立方メートル槽）", "capacity": "1500", "address": "東京都世田谷区下馬2-31-4"}}, {"type": "Feature", "geometry": {"type": "Point", "coordinates": [139.622471, 35.6580311]}, "properties": {"id": "lw-44", "kind": "water", "name": "区立葭根公園", "category": "震災対策用応急給水槽（1500立方メートル槽）", "capacity": "1500", "address": "東京都世田谷区船橋6-21"}}, {"type": "Feature", "geometry": {"type": "Point", "coordinates": [139.59928, 35.6531]}, "properties": {"id": "lw-45", "kind": "water", "name": "都立祖師谷公園", "category": "震災対策用応急給水槽（1500立方メートル槽）", "capacity": "1500", "address": "東京都世田谷区上祖師谷4-2"}}, {"type": "Feature", "geometry": {"type": "Point", "coordinates": [139.641169, 35.6116002]}, "properties": {"id": "lw-46", "kind": "water", "name": "区立中町二丁目公園", "category": "小規模応急給水槽（100立方メートル槽）", "capacity": "100", "address": "東京都世田谷区中町2-34-1"}}, {"type": "Feature", "geometry": {"type": "Point", "coordinates": [139.62241, 35.6718443]}, "properties": {"id": "lw-47", "kind": "water", "name": "上北沢給水所", "category": "浄水場・給水所", "capacity": "13300", "address": "東京都世田谷区上北沢5-2-1"}}, {"type": "Feature", "geometry": {"type": "Point", "coordinates": [139.695398, 35.668993]}, "properties": {"id": "lw-48", "kind": "water", "name": "都立代々木公園", "category": "震災対策用応急給水槽（1500立方メートル槽）", "capacity": "1500", "address": "東京都渋谷区代々木神園町2-1"}}, {"type": "Feature", "geometry": {"type": "Point", "coordinates": [139.698585, 35.650164]}, "properties": {"id": "lw-49", "kind": "water", "name": "都立第一商業高等学校", "category": "小規模応急給水槽（100立方メートル槽）", "capacity": "100", "address": "東京都渋谷区鉢山町8-1"}}, {"type": "Feature", "geometry": {"type": "Point", "coordinates": [139.713581, 35.6437963]}, "properties": {"id": "lw-50", "kind": "water", "name": "区立景丘公園", "category": "小規模応急給水槽（100立方メートル槽）", "capacity": "100", "address": "東京都渋谷区恵比寿4-19-21"}}, {"type": "Feature", "geometry": {"type": "Point", "coordinates": [139.6669699, 35.6863389]}, "properties": {"id": "lw-51", "kind": "water", "name": "区立弥生公園", "category": "小規模応急給水槽（100立方メートル槽）", "capacity": "100", "address": "東京都中野区弥生町5-4"}}, {"type": "Feature", "geometry": {"type": "Point", "coordinates": [139.66623, 35.73]}, "properties": {"id": "lw-52", "kind": "water", "name": "区立江古田の森公園", "category": "小規模応急給水槽（100立方メートル槽）", "capacity": "100", "address": "東京都中野区江古田3-14"}}, {"type": "Feature", "geometry": {"type": "Point", "coordinates": [139.674948, 35.724759]}, "properties": {"id": "lw-53", "kind": "water", "name": "区立みずのとう公園", "category": "小規模応急給水槽（100立方メートル槽）", "capacity": "100", "address": "東京都中野区江古田1-3"}}, {"type": "Feature", "geometry": {"type": "Point", "coordinates": [139.652962, 35.671071]}, "properties": {"id": "lw-54", "kind": "water", "name": "和泉水圧調整所", "category": "浄水場・給水所", "capacity": "16600", "address": "東京都杉並区和泉2-5-23"}}, {"type": "Feature", "geometry": {"type": "Point", "coordinates": [139.601235, 35.7216352]}, "properties": {"id": "lw-55", "kind": "water", "name": "上井草給水所", "category": "浄水場・給水所", "capacity": "60000", "address": "東京都杉並区上井草3-22-12"}}, {"type": "Feature", "geometry": {"type": "Point", "coordinates": [139.6415107, 35.6849095]}, "properties": {"id": "lw-56", "kind": "water", "name": "都立和田堀公園", "category": "震災対策用応急給水槽（1500立方メートル槽）", "capacity": "1500", "address": "東京都杉並区大宮2-26"}}, {"type": "Feature", "geometry": {"type": "Point", "coordinates": [139.65699, 35.69637]}, "properties": {"id": "lw-57", "kind": "water", "name": "区立蚕糸の森公園", "category": "震災対策用応急給水槽（1500立方メートル槽）", "capacity": "1500", "address": "東京都杉並区和田3-55"}}, {"type": "Feature", "geometry": {"type": "Point", "coordinates": [139.6083509, 35.680084]}, "properties": {"id": "lw-58", "kind": "water", "name": "区立昭栄公園", "category": "震災対策用応急給水槽（1500立方メートル槽）", "capacity": "1500", "address": "東京都杉並区高井戸西1-12"}}, {"type": "Feature", "geometry": {"type": "Point", "coordinates": [139.6117369, 35.7269509]}, "properties": {"id": "lw-59", "kind": "water", "name": "区立井草森公園", "category": "震災対策用応急給水槽（1500立方メートル槽）", "capacity": "1500", "address": "東京都杉並区井草4-12-1"}}, {"type": "Feature", "geometry": {"type": "Point", "coordinates": [139.643056, 35.709583]}, "properties": {"id": "lw-60", "kind": "water", "name": "区立馬橋公園", "category": "小規模応急給水槽（100立方メートル槽）", "capacity": "100", "address": "東京都杉並区高円寺北4-35-5"}}, {"type": "Feature", "geometry": {"type": "Point", "coordinates": [139.628662, 35.692188]}, "properties": {"id": "lw-61", "kind": "water", "name": "都立善福寺川緑地", "category": "小規模応急給水槽（100立方メートル槽）", "capacity": "100", "address": "東京都杉並区成田西3-14"}}, {"type": "Feature", "geometry": {"type": "Point", "coordinates": [139.7064044, 35.7291806]}, "properties": {"id": "lw-62", "kind": "water", "name": "区立西池袋公園", "category": "震災対策用応急給水槽（1500立方メートル槽）", "capacity": "1500", "address": "東京都豊島区西池袋3-20-1"}}, {"type": "Feature", "geometry": {"type": "Point", "coordinates": [139.728987, 35.7358562]}, "properties": {"id": "lw-63", "kind": "water", "name": "都立文京高等学校", "category": "小規模応急給水槽（100立方メートル槽）", "capacity": "100", "address": "東京都豊島区西巣鴨1-1-5"}}, {"type": "Feature", "geometry": {"type": "Point", "coordinates": [139.7067568, 35.7771033]}, "properties": {"id": "lw-64", "kind": "water", "name": "区立桐ケ丘中央公園", "category": "震災対策用応急給水槽（1500立方メートル槽）", "capacity": "1500", "address": "東京都北区桐ケ丘1-8"}}, {"type": "Feature", "geometry": {"type": "Point", "coordinates": [139.7441294, 35.7447843]}, "properties": {"id": "lw-65", "kind": "water", "name": "区立滝野川公園", "category": "震災対策用応急給水槽（1500立方メートル槽）", "capacity": "1500", "address": "東京都北区西ケ原2-1"}}, {"type": "Feature", "geometry": {"type": "Point", "coordinates": [139.7279613, 35.7738574]}, "properties": {"id": "lw-66", "kind": "water", "name": "区立北運動公園", "category": "震災対策用応急給水槽（1500立方メートル槽）", "capacity": "1500", "address": "東京都北区神谷2-47-6"}}, {"type": "Feature", "geometry": {"type": "Point", "coordinates": [139.807672, 35.735711]}, "properties": {"id": "lw-67", "kind": "water", "name": "南千住給水所", "category": "浄水場・給水所", "capacity": "33300", "address": "東京都荒川区南千住8-2-6"}}, {"type": "Feature", "geometry": {"type": "Point", "coordinates": [139.7773452, 35.7270315]}, "properties": {"id": "lw-68", "kind": "water", "name": "区立日暮里南公園", "category": "震災対策用応急給水槽（1500立方メートル槽）", "capacity": "1500", "address": "東京都荒川区東日暮里5-19-1"}}, {"type": "Feature", "geometry": {"type": "Point", "coordinates": [139.641979, 35.7948321]}, "properties": {"id": "lw-69", "kind": "water", "name": "三園浄水場", "category": "浄水場・給水所", "capacity": "15600", "address": "東京都板橋区三園2-10-1"}}, {"type": "Feature", "geometry": {"type": "Point", "coordinates": [139.718612, 35.755489]}, "properties": {"id": "lw-70", "kind": "water", "name": "板橋給水所", "category": "浄水場・給水所", "capacity": "26600", "address": "東京都板橋区加賀1-17-1"}}, {"type": "Feature", "geometry": {"type": "Point", "coordinates": [139.690848, 35.745615]}, "properties": {"id": "lw-71", "kind": "water", "name": "大谷口給水所", "category": "浄水場・給水所", "capacity": "11600", "address": "東京都板橋区大谷口1-4"}}, {"type": "Feature", "geometry": {"type": "Point", "coordinates": [139.6776669, 35.7536508]}, "properties": {"id": "lw-72", "kind": "water", "name": "都立城北中央公園", "category": "震災対策用応急給水槽（1500立方メートル槽）", "capacity": "1500", "address": "東京都板橋区桜川1-1"}}, {"type": "Feature", "geometry": {"type": "Point", "coordinates": [139.6814502, 35.7825806]}, "properties": {"id": "lw-73", "kind": "water", "name": "区立城北公園", "category": "震災対策用応急給水槽（1500立方メートル槽）", "capacity": "1500", "address": "東京都板橋区坂下2-19-1"}}, {"type": "Feature", "geometry": {"type": "Point", "coordinates": [139.689637, 35.7439]}, "properties": {"id": "lw-74", "kind": "water", "name": "都立板橋高等学校", "category": "小規模応急給水槽（100立方メートル槽）", "capacity": "100", "address": "東京都板橋区大谷ロ1-54-1"}}, {"type": "Feature", "geometry": {"type": "Point", "coordinates": [139.65724, 35.785528]}, "properties": {"id": "lw-75", "kind": "water", "name": "都立赤塚公園", "category": "小規模応急給水槽（100立方メートル槽）", "capacity": "100", "address": "東京都板橋区高島平3-1"}}, {"type": "Feature", "geometry": {"type": "Point", "coordinates": [139.6673924, 35.7766684]}, "properties": {"id": "lw-76", "kind": "water", "name": "区立西徳第二公園", "category": "小規模応急給水槽（100立方メートル槽）", "capacity": "100", "address": "東京都板橋区西台3-42-1"}}, {"type": "Feature", "geometry": {"type": "Point", "coordinates": [139.631914, 35.7633861]}, "properties": {"id": "lw-77", "kind": "water", "name": "練馬給水所", "category": "浄水場・給水所", "capacity": "66600", "address": "東京都練馬区光が丘2-4-1"}}, {"type": "Feature", "geometry": {"type": "Point", "coordinates": [139.582711, 35.7720555]}, "properties": {"id": "lw-78", "kind": "water", "name": "区立大泉公園", "category": "震災対策用応急給水槽（1500立方メートル槽）", "capacity": "1500", "address": "東京都練馬区大泉学園町6-25"}}, {"type": "Feature", "geometry": {"type": "Point", "coordinates": [139.6491262, 35.7305605]}, "properties": {"id": "lw-79", "kind": "water", "name": "区立学田公園", "category": "震災対策用応急給水槽（1500立方メートル槽）", "capacity": "1500", "address": "東京都練馬区豊玉南3-32"}}, {"type": "Feature", "geometry": {"type": "Point", "coordinates": [139.656532, 35.753025]}, "properties": {"id": "lw-80", "kind": "water", "name": "区立はやいち公園", "category": "小規模応急給水槽（100立方メートル槽）", "capacity": "100", "address": "東京都練馬区早宮1-47-11"}}, {"type": "Feature", "geometry": {"type": "Point", "coordinates": [139.5986648, 35.7479365]}, "properties": {"id": "lw-81", "kind": "water", "name": "区立みんなの広場公園", "category": "小規模応急給水槽（100立方メートル槽）", "capacity": "100", "address": "東京都練馬区石神井町8-41"}}, {"type": "Feature", "geometry": {"type": "Point", "coordinates": [139.807309, 35.7721511]}, "properties": {"id": "lw-82", "kind": "water", "name": "小右衛門給水所", "category": "浄水場・給水所", "capacity": "16600", "address": "東京都足立区中央本町3-8-1"}}, {"type": "Feature", "geometry": {"type": "Point", "coordinates": [139.8140941, 35.791311]}, "properties": {"id": "lw-83", "kind": "water", "name": "区総合スポーツセンター", "category": "震災対策用応急給水槽（1500立方メートル槽）", "capacity": "1500", "address": "東京都足立区東保木間2-27-1"}}, {"type": "Feature", "geometry": {"type": "Point", "coordinates": [139.7951426, 35.7440262]}, "properties": {"id": "lw-84", "kind": "water", "name": "区立千住スポーツ公園", "category": "震災対策用応急給水槽（1500立方メートル槽）", "capacity": "1500", "address": "東京都足立区千住緑町2-1-1"}}, {"type": "Feature", "geometry": {"type": "Point", "coordinates": [139.779992, 35.7899898]}, "properties": {"id": "lw-85", "kind": "water", "name": "区立諏訪木東公園", "category": "震災対策用応急給水槽（1500立方メートル槽）", "capacity": "1500", "address": "東京都足立区西新井3-25"}}, {"type": "Feature", "geometry": {"type": "Point", "coordinates": [139.8493937, 35.7721532]}, "properties": {"id": "lw-86", "kind": "water", "name": "区立大谷田南公園", "category": "震災対策用応急給水槽（1500立方メートル槽）", "capacity": "1500", "address": "東京都足立区中川4-42-1"}}, {"type": "Feature", "geometry": {"type": "Point", "coordinates": [139.7536455, 35.7821245]}, "properties": {"id": "lw-87", "kind": "water", "name": "区立北鹿浜公園", "category": "震災対策用応急給水槽（1500立方メートル槽）", "capacity": "1500", "address": "東京都足立区鹿浜3-26"}}, {"type": "Feature", "geometry": {"type": "Point", "coordinates": [139.7681512, 35.7967372]}, "properties": {"id": "lw-88", "kind": "water", "name": "都立舎人公園", "category": "小規模応急給水槽（100立方メートル槽）", "capacity": "100", "address": "東京都足立区舎人公園1-1"}}, {"type": "Feature", "geometry": {"type": "Point", "coordinates": [139.7702, 35.7669098]}, "properties": {"id": "lw-89", "kind": "water", "name": "区立北宮城町公園", "category": "小規模応急給水槽（100立方メートル槽）", "capacity": "100", "address": "東京都足立区扇2-37-1"}}, {"type": "Feature", "geometry": {"type": "Point", "coordinates": [139.76945, 35.77803]}, "properties": {"id": "lw-90", "kind": "water", "name": "江北給水所", "category": "浄水場・給水所", "capacity": "16600", "address": "東京都足立区江北5-5"}}, {"type": "Feature", "geometry": {"type": "Point", "coordinates": [139.878351, 35.7625165]}, "properties": {"id": "lw-91", "kind": "water", "name": "金町浄水場", "category": "浄水場・給水所", "capacity": "48700", "address": "東京都葛飾区金町浄水場1-1"}}, {"type": "Feature", "geometry": {"type": "Point", "coordinates": [139.862382, 35.7933213]}, "properties": {"id": "lw-92", "kind": "water", "name": "水元給水所（都立水元公園内自由広場）", "category": "浄水場・給水所", "capacity": "33300", "address": "東京都葛飾区水元公園4"}}, {"type": "Feature", "geometry": {"type": "Point", "coordinates": [139.839038, 35.7549733]}, "properties": {"id": "lw-93", "kind": "water", "name": "区立上干葉公園", "category": "震災対策用応急給水槽（1500立方メートル槽）", "capacity": "1500", "address": "東京都葛飾区東堀切3-25-1"}}, {"type": "Feature", "geometry": {"type": "Point", "coordinates": [139.8550625, 35.7158814]}, "properties": {"id": "lw-94", "kind": "water", "name": "区立新小岩公園", "category": "震災対策用応急給水槽（1500立方メートル槽）", "capacity": "1500", "address": "東京都葛飾区西新小岩1-1-3"}}, {"type": "Feature", "geometry": {"type": "Point", "coordinates": [139.843497, 35.7307623]}, "properties": {"id": "lw-95", "kind": "water", "name": "区立渋江東公園", "category": "小規模応急給水槽（100立方メートル槽）", "capacity": "100", "address": "東京都葛飾区東四つ木2-15"}}, {"type": "Feature", "geometry": {"type": "Point", "coordinates": [139.898084, 35.691352]}, "properties": {"id": "lw-96", "kind": "water", "name": "西瑞江給水所", "category": "浄水場・給水所", "capacity": "6600", "address": "東京都江戸川区東瑞江1-26-2"}}, {"type": "Feature", "geometry": {"type": "Point", "coordinates": [139.86078, 35.67497]}, "properties": {"id": "lw-97", "kind": "water", "name": "葛西給水所", "category": "浄水場・給水所", "capacity": "13300", "address": "東京都江戸川区北葛西3-9"}}, {"type": "Feature", "geometry": {"type": "Point", "coordinates": [139.8967471, 35.7143763]}, "properties": {"id": "lw-98", "kind": "water", "name": "都立篠崎公園", "category": "震災対策用応急給水槽（1500立方メートル槽）", "capacity": "1500", "address": "東京都江戸川区上篠崎1-25"}}, {"type": "Feature", "geometry": {"type": "Point", "coordinates": [139.8637841, 35.6703527]}, "properties": {"id": "lw-99", "kind": "water", "name": "区立宇喜田中央公園", "category": "震災対策用応急給水槽（1500立方メートル槽）", "capacity": "1500", "address": "東京都江戸川区北葛西4-15"}}, {"type": "Feature", "geometry": {"type": "Point", "coordinates": [139.8867233, 35.7462886]}, "properties": {"id": "lw-100", "kind": "water", "name": "区立小岩公園", "category": "震災対策用応急給水槽（1500立方メートル槽）", "capacity": "1500", "address": "東京都江戸川区北小岩6-43"}}, {"type": "Feature", "geometry": {"type": "Point", "coordinates": [139.852674, 35.693831]}, "properties": {"id": "lw-101", "kind": "water", "name": "都立大島小松川公園", "category": "震災対策用応急給水槽（1500立方メートル槽）", "capacity": "1500", "address": "東京都江戸川区小松川1-7"}}, {"type": "Feature", "geometry": {"type": "Point", "coordinates": [139.870792, 35.653675]}, "properties": {"id": "lw-102", "kind": "water", "name": "都立葛西南高等学校", "category": "小規模応急給水槽（100立方メートル槽）", "capacity": "100", "address": "東京都江戸川区南葛西1-11-1"}}, {"type": "Feature", "geometry": {"type": "Point", "coordinates": [139.8819413, 35.6968671]}, "properties": {"id": "lw-103", "kind": "water", "name": "一之江抹香亭", "category": "小規模応急給水槽（100立方メートル槽）", "capacity": "100", "address": "東京都江戸川区一之江5-14"}}, {"type": "Feature", "geometry": {"type": "Point", "coordinates": [139.815874, 35.733876]}, "properties": {"id": "lw-104", "kind": "water", "name": "白髭東地区防災拠点", "category": "", "capacity": "2700", "address": "東京都墨田区堤通2"}}, {"type": "Feature", "geometry": {"type": "Point", "coordinates": [139.349782, 35.6241461]}, "properties": {"id": "lw-105", "kind": "water", "name": "鑓水給水所", "category": "浄水場・給水所", "capacity": "1660", "address": "東京都八王子市鑓水401"}}, {"type": "Feature", "geometry": {"type": "Point", "coordinates": [139.26638, 35.68939]}, "properties": {"id": "lw-106", "kind": "water", "name": "西寺方給水所", "category": "浄水場・給水所", "capacity": "1660", "address": "東京都八王子市西寺方町1006-167"}}, {"type": "Feature", "geometry": {"type": "Point", "coordinates": [139.278766, 35.6302942]}, "properties": {"id": "lw-107", "kind": "water", "name": "狭間給水所", "category": "浄水場・給水所", "capacity": "5000", "address": "東京都八王子市狭間町1994-478"}}, {"type": "Feature", "geometry": {"type": "Point", "coordinates": [139.302661, 35.6993634]}, "properties": {"id": "lw-108", "kind": "water", "name": "犬目第二給水所", "category": "浄水場・給水所", "capacity": "1760", "address": "東京都八王子市犬目町710"}}, {"type": "Feature", "geometry": {"type": "Point", "coordinates": [139.32019, 35.7061]}, "properties": {"id": "lw-109", "kind": "water", "name": "高月給水所", "category": "浄水場・給水所", "capacity": "5000", "address": "東京都八王子市高月町2240"}}, {"type": "Feature", "geometry": {"type": "Point", "coordinates": [139.315081, 35.651316]}, "properties": {"id": "lw-110", "kind": "water", "name": "散田給水所", "category": "浄水場・給水所", "capacity": "6660", "address": "東京都八王子市散田町2-6-1"}}, {"type": "Feature", "geometry": {"type": "Point", "coordinates": [139.299999, 35.6405654]}, "properties": {"id": "lw-111", "kind": "water", "name": "東浅川給水所", "category": "浄水場・給水所", "capacity": "4330", "address": "東京都八王子市東浅川町674"}}, {"type": "Feature", "geometry": {"type": "Point", "coordinates": [139.296856, 35.616192]}, "properties": {"id": "lw-112", "kind": "water", "name": "寺田配水所", "category": "浄水場・給水所", "capacity": "330", "address": "東京都八王子市寺田町1359-4"}}, {"type": "Feature", "geometry": {"type": "Point", "coordinates": [139.26656, 35.64726]}, "properties": {"id": "lw-113", "kind": "water", "name": "元八王子配水所", "category": "浄水場・給水所", "capacity": "150", "address": "東京都八王子市元八王子町3-2750-487"}}, {"type": "Feature", "geometry": {"type": "Point", "coordinates": [139.354989, 35.6538594]}, "properties": {"id": "lw-114", "kind": "water", "name": "北野給水所", "category": "浄水場・給水所", "capacity": "5280", "address": "東京都八王子市北野町595-3"}}, {"type": "Feature", "geometry": {"type": "Point", "coordinates": [139.374855, 35.6364467]}, "properties": {"id": "lw-115", "kind": "water", "name": "南陽台配水所", "category": "浄水場・給水所", "capacity": "330", "address": "東京都八王子市南陽台3-5-1"}}, {"type": "Feature", "geometry": {"type": "Point", "coordinates": [139.307184, 35.6772291]}, "properties": {"id": "lw-116", "kind": "water", "name": "楢原給水所", "category": "浄水場・給水所", "capacity": "13330", "address": "東京都八王子市楢原町1294-3"}}, {"type": "Feature", "geometry": {"type": "Point", "coordinates": [139.336637, 35.6746641]}, "properties": {"id": "lw-117", "kind": "water", "name": "暁町配水所", "category": "浄水場・給水所", "capacity": "830", "address": "東京都八王子市暁町3-3-1"}}, {"type": "Feature", "geometry": {"type": "Point", "coordinates": [139.352866, 35.6864664]}, "properties": {"id": "lw-118", "kind": "water", "name": "久保山配水所", "category": "浄水場・給水所", "capacity": "730", "address": "東京都八王子市久保山町2-15-1"}}, {"type": "Feature", "geometry": {"type": "Point", "coordinates": [139.317224, 35.616612]}, "properties": {"id": "lw-119", "kind": "water", "name": "大船給水所", "category": "浄水場・給水所", "capacity": "7330", "address": "東京都八王子市七国3-56-1"}}, {"type": "Feature", "geometry": {"type": "Point", "coordinates": [139.361154, 35.606811]}, "properties": {"id": "lw-120", "kind": "water", "name": "鑓水小山給水所", "category": "浄水場・給水所", "capacity": "23330", "address": "東京都八王子市鑓水2-92"}}, {"type": "Feature", "geometry": {"type": "Point", "coordinates": [139.37947, 35.603229]}, "properties": {"id": "lw-121", "kind": "water", "name": "南大沢給水所", "category": "浄水場・給水所", "capacity": "4950", "address": "東京都八王子市南大沢4-25"}}, {"type": "Feature", "geometry": {"type": "Point", "coordinates": [139.2897306, 35.6490541]}, "properties": {"id": "lw-122", "kind": "water", "name": "都立陵南公園", "category": "震災対策用応急給水槽（1500立方メートル槽）", "capacity": "1500", "address": "東京都八王子市長房町1572"}}, {"type": "Feature", "geometry": {"type": "Point", "coordinates": [139.310873, 35.635202]}, "properties": {"id": "lw-123", "kind": "water", "name": "椚田ポンプ所", "category": "浄水場・給水所", "capacity": "440", "address": "東京都八王子市椚田町545"}}, {"type": "Feature", "geometry": {"type": "Point", "coordinates": [139.405944, 35.6968355]}, "properties": {"id": "lw-124", "kind": "water", "name": "柴崎給水所", "category": "浄水場・給水所", "capacity": "1500", "address": "東京都立川市柴崎町1-1-41"}}, {"type": "Feature", "geometry": {"type": "Point", "coordinates": [139.424525, 35.7180059]}, "properties": {"id": "lw-125", "kind": "water", "name": "立川栄町浄水所", "category": "浄水場・給水所", "capacity": "330", "address": "東京都立川市栄町5-38-5"}}, {"type": "Feature", "geometry": {"type": "Point", "coordinates": [139.407448, 35.7299825]}, "properties": {"id": "lw-126", "kind": "water", "name": "立川砂川給水所", "category": "浄水場・給水所", "capacity": "5100", "address": "東京都立川市砂川町6-41-1"}}, {"type": "Feature", "geometry": {"type": "Point", "coordinates": [139.371352, 35.72661]}, "properties": {"id": "lw-127", "kind": "water", "name": "市立松中公園", "category": "小規模応急給水槽（100立方メートル槽）", "capacity": "100", "address": "東京都立川市西砂町1-19-12"}}, {"type": "Feature", "geometry": {"type": "Point", "coordinates": [139.55076, 35.6868321]}, "properties": {"id": "lw-128", "kind": "water", "name": "上連雀給水所（西配水場）", "category": "浄水場・給水所", "capacity": "5430", "address": "東京都三鷹市上連雀9-41-4"}}, {"type": "Feature", "geometry": {"type": "Point", "coordinates": [139.577258, 35.6796028]}, "properties": {"id": "lw-129", "kind": "water", "name": "三鷹新川給水所（東配水場）", "category": "浄水場・給水所", "capacity": "3330", "address": "東京都三鷹市新川2-1-15"}}, {"type": "Feature", "geometry": {"type": "Point", "coordinates": [139.234717, 35.7843741]}, "properties": {"id": "lw-130", "kind": "water", "name": "日向和田浄水所", "category": "浄水場・給水所", "capacity": "880", "address": "東京都青梅市日向和田2-370"}}, {"type": "Feature", "geometry": {"type": "Point", "coordinates": [139.277824, 35.7846878]}, "properties": {"id": "lw-131", "kind": "water", "name": "千ヶ瀬第二浄水所", "category": "浄水場・給水所", "capacity": "200", "address": "東京都青梅市千ヶ瀬町1-69-1"}}, {"type": "Feature", "geometry": {"type": "Point", "coordinates": [139.15112, 35.78347]}, "properties": {"id": "lw-132", "kind": "water", "name": "御岳山第一配水所", "category": "浄水場・給水所", "capacity": "70", "address": "東京都青梅市御岳山170-3"}}, {"type": "Feature", "geometry": {"type": "Point", "coordinates": [139.241891, 35.8187204]}, "properties": {"id": "lw-133", "kind": "water", "name": "成木配水所", "category": "浄水場・給水所", "capacity": "30", "address": "東京都青梅市成木8-690-3"}}, {"type": "Feature", "geometry": {"type": "Point", "coordinates": [139.308874, 35.7884612]}, "properties": {"id": "lw-134", "kind": "water", "name": "新町給水所", "category": "浄水場・給水所", "capacity": "2330", "address": "東京都青梅市新町5-24-1"}}, {"type": "Feature", "geometry": {"type": "Point", "coordinates": [139.2066375, 35.8152563]}, "properties": {"id": "lw-135", "kind": "water", "name": "二俣尾配水所", "category": "浄水場・給水所", "capacity": "70", "address": "東京都青梅市二俣尾5-107-2"}}, {"type": "Feature", "geometry": {"type": "Point", "coordinates": [139.272305, 35.796712]}, "properties": {"id": "lw-136", "kind": "water", "name": "城山配水所", "category": "浄水場・給水所", "capacity": "1440", "address": "東京都青梅市東青梅6-95-1"}}, {"type": "Feature", "geometry": {"type": "Point", "coordinates": [139.226243, 35.782215]}, "properties": {"id": "lw-137", "kind": "water", "name": "梅郷配水所", "category": "浄水場・給水所", "capacity": "1330", "address": "東京都青梅市和田町2-578-1"}}, {"type": "Feature", "geometry": {"type": "Point", "coordinates": [139.460998, 35.688081]}, "properties": {"id": "lw-138", "kind": "water", "name": "府中武蔵台浄水所及び府中武蔵台ポンプ所", "category": "浄水場・給水所", "capacity": "3730", "address": "東京都府中市武蔵台2-7及び武蔵台1-25"}}, {"type": "Feature", "geometry": {"type": "Point", "coordinates": [139.499748, 35.6760322]}, "properties": {"id": "lw-139", "kind": "water", "name": "若松給水所", "category": "浄水場・給水所", "capacity": "1760", "address": "東京都府中市若松町4-10"}}, {"type": "Feature", "geometry": {"type": "Point", "coordinates": [139.483705, 35.679613]}, "properties": {"id": "lw-140", "kind": "water", "name": "幸町給水所", "category": "浄水場・給水所", "capacity": "1140", "address": "東京都府中市幸町2-24"}}, {"type": "Feature", "geometry": {"type": "Point", "coordinates": [139.470907, 35.6585721]}, "properties": {"id": "lw-141", "kind": "water", "name": "府中南町給水所", "category": "浄水場・給水所", "capacity": "1660", "address": "東京都府中市南町1-50"}}, {"type": "Feature", "geometry": {"type": "Point", "coordinates": [139.5176078, 35.6879393]}, "properties": {"id": "lw-142", "kind": "water", "name": "都立武蔵野公園", "category": "震災対策用応急給水槽（1500立方メートル槽）", "capacity": "1500", "address": "東京都府中市多磨町3-2"}}, {"type": "Feature", "geometry": {"type": "Point", "coordinates": [139.531746, 35.661306]}, "properties": {"id": "lw-143", "kind": "water", "name": "上石原配水所", "category": "浄水場・給水所", "capacity": "1120", "address": "東京都調布市上石原1-34-7"}}, {"type": "Feature", "geometry": {"type": "Point", "coordinates": [139.585263, 35.665028]}, "properties": {"id": "lw-144", "kind": "water", "name": "仙川配水所", "category": "浄水場・給水所", "capacity": "320", "address": "東京都調布市仙川町3-6-27"}}, {"type": "Feature", "geometry": {"type": "Point", "coordinates": [139.555504, 35.6693259]}, "properties": {"id": "lw-145", "kind": "water", "name": "深大寺給水所", "category": "浄水場・給水所", "capacity": "9900", "address": "東京都調布市深大寺南町5-56-1"}}, {"type": "Feature", "geometry": {"type": "Point", "coordinates": [139.531668, 35.66183]}, "properties": {"id": "lw-146", "kind": "water", "name": "調布西町給水所", "category": "浄水場・給水所", "capacity": "6660", "address": "東京都調布市西町717"}}, {"type": "Feature", "geometry": {"type": "Point", "coordinates": [139.449716, 35.6055194]}, "properties": {"id": "lw-147", "kind": "water", "name": "小野路給水所", "category": "浄水場・給水所", "capacity": "6330", "address": "東京都町田市小野路町2637-1"}}, {"type": "Feature", "geometry": {"type": "Point", "coordinates": [139.450439, 35.54707]}, "properties": {"id": "lw-148", "kind": "water", "name": "原町田浄水所", "category": "浄水場・給水所", "capacity": "520", "address": "東京都町田市原町田5-13-3"}}, {"type": "Feature", "geometry": {"type": "Point", "coordinates": [139.434658, 35.556835]}, "properties": {"id": "lw-149", "kind": "water", "name": "滝の沢給水所", "category": "浄水場・給水所", "capacity": "1880", "address": "東京都町田市旭町2-7-7"}}, {"type": "Feature", "geometry": {"type": "Point", "coordinates": [139.448481, 35.5768701]}, "properties": {"id": "lw-150", "kind": "water", "name": "野津田浄水所", "category": "浄水場・給水所", "capacity": "1000", "address": "東京都町田市野津田町3398"}}, {"type": "Feature", "geometry": {"type": "Point", "coordinates": [139.4822224, 35.5202538]}, "properties": {"id": "lw-151", "kind": "water", "name": "市立つくし野セントラルパーク", "category": "震災対策用応急給水槽（1500立方メートル槽）", "capacity": "1500", "address": "東京都町田市つくし野3-19"}}, {"type": "Feature", "geometry": {"type": "Point", "coordinates": [139.47186, 35.5909809]}, "properties": {"id": "lw-152", "kind": "water", "name": "市立鶴川中央公園", "category": "小規模応急給水槽（100立方メートル槽）", "capacity": "100", "address": "東京都町田市鶴川6-6"}}, {"type": "Feature", "geometry": {"type": "Point", "coordinates": [139.472704, 35.543542]}, "properties": {"id": "lw-153", "kind": "water", "name": "成瀬コミュニティセンター", "category": "小規模応急給水槽（100立方メートル槽）", "capacity": "100", "address": "東京都町田市西成瀬2-49-1"}}, {"type": "Feature", "geometry": {"type": "Point", "coordinates": [139.4235662, 35.5734102]}, "properties": {"id": "lw-154", "kind": "water", "name": "市立忠生公園", "category": "小規模応急給水槽（100立方メートル槽）", "capacity": "100", "address": "東京都町田市忠生1-3"}}, {"type": "Feature", "geometry": {"type": "Point", "coordinates": [139.4888159, 35.5739501]}, "properties": {"id": "lw-155", "kind": "water", "name": "市立三輪中央公園", "category": "小規模応急給水槽（100立方メートル槽）", "capacity": "100", "address": "東京都町田市三輪緑山3-21"}}, {"type": "Feature", "geometry": {"type": "Point", "coordinates": [139.526531, 35.7046375]}, "properties": {"id": "lw-156", "kind": "water", "name": "梶野配水所", "category": "浄水場・給水所", "capacity": "1300", "address": "東京都小金井市梶野町5-10-33"}}, {"type": "Feature", "geometry": {"type": "Point", "coordinates": [139.491713, 35.711611]}, "properties": {"id": "lw-157", "kind": "water", "name": "上水南給水所", "category": "浄水場・給水所", "capacity": "11660", "address": "東京都小平市上水南町3-12-36"}}, {"type": "Feature", "geometry": {"type": "Point", "coordinates": [139.453172, 35.7256378]}, "properties": {"id": "lw-158", "kind": "water", "name": "小川給水所", "category": "浄水場・給水所", "capacity": "6580", "address": "東京都小平市小川町1-847"}}, {"type": "Feature", "geometry": {"type": "Point", "coordinates": [139.470526, 35.722887]}, "properties": {"id": "lw-159", "kind": "water", "name": "津田二号水源", "category": "浄水場・給水所", "capacity": "1200", "address": "東京都小平市津田町3-39-3"}}, {"type": "Feature", "geometry": {"type": "Point", "coordinates": [139.3902429, 35.6764482]}, "properties": {"id": "lw-160", "kind": "water", "name": "大坂西公園", "category": "小規模応急給水槽（100立方メートル槽）", "capacity": "100", "address": "東京都日野市大坂上1-14-4"}}, {"type": "Feature", "geometry": {"type": "Point", "coordinates": [139.382619, 35.6650353]}, "properties": {"id": "lw-161", "kind": "water", "name": "多摩平給水所", "category": "浄水場・給水所", "capacity": "3660", "address": "東京都日野市多摩平2-7-2"}}, {"type": "Feature", "geometry": {"type": "Point", "coordinates": [139.395207, 35.64064]}, "properties": {"id": "lw-162", "kind": "water", "name": "程久保給水所", "category": "浄水場・給水所", "capacity": "6700", "address": "東京都日野市程久保5-10-1"}}, {"type": "Feature", "geometry": {"type": "Point", "coordinates": [139.420362, 35.652935]}, "properties": {"id": "lw-163", "kind": "water", "name": "三沢配水所", "category": "浄水場・給水所", "capacity": "1490", "address": "東京都日野市三沢905-2"}}, {"type": "Feature", "geometry": {"type": "Point", "coordinates": [139.368353, 35.662666]}, "properties": {"id": "lw-164", "kind": "water", "name": "日野旭が丘給水所", "category": "浄水場・給水所", "capacity": "1660", "address": "東京都日野市旭が丘2-42-2"}}, {"type": "Feature", "geometry": {"type": "Point", "coordinates": [139.458482, 35.747356]}, "properties": {"id": "lw-165", "kind": "water", "name": "八坂給水所", "category": "浄水場・給水所", "capacity": "20000", "address": "東京都東村山市富士見町5-4-46"}}, {"type": "Feature", "geometry": {"type": "Point", "coordinates": [139.458674, 35.7532331]}, "properties": {"id": "lw-166", "kind": "water", "name": "東村山浄水場", "category": "浄水場・給水所", "capacity": "36000", "address": "東京都東村山市美住町2-20-236"}}, {"type": "Feature", "geometry": {"type": "Point", "coordinates": [139.461554, 35.7555303]}, "properties": {"id": "lw-167", "kind": "water", "name": "美住給水所", "category": "浄水場・給水所", "capacity": "2020", "address": "東京都東村山市美住町2-13-4"}}, {"type": "Feature", "geometry": {"type": "Point", "coordinates": [139.4901976, 35.7556996]}, "properties": {"id": "lw-168", "kind": "water", "name": "市立東村山運動公園", "category": "震災対策用応急給水槽（1500立方メートル槽）", "capacity": "1500", "address": "東京都東村山市恩多町1-9-5"}}, {"type": "Feature", "geometry": {"type": "Point", "coordinates": [139.482144, 35.773108]}, "properties": {"id": "lw-169", "kind": "water", "name": "市立秋津小学校", "category": "小規模応急給水槽（100立方メートル槽）", "capacity": "100", "address": "東京都東村山市秋津町3-48-1"}}, {"type": "Feature", "geometry": {"type": "Point", "coordinates": [139.476399, 35.7065051]}, "properties": {"id": "lw-170", "kind": "water", "name": "東恋ヶ窪配水所", "category": "浄水場・給水所", "capacity": "1220", "address": "東京都国分寺市東恋ヶ窪2-5-8"}}, {"type": "Feature", "geometry": {"type": "Point", "coordinates": [139.45038, 35.721054]}, "properties": {"id": "lw-171", "kind": "water", "name": "国分寺北町給水所", "category": "浄水場・給水所", "capacity": "5800", "address": "東京都国分寺市北町4-1-5"}}, {"type": "Feature", "geometry": {"type": "Point", "coordinates": [139.442608, 35.688163]}, "properties": {"id": "lw-172", "kind": "water", "name": "国立中給水所", "category": "浄水場・給水所", "capacity": "2000", "address": "東京都国立市中3-8-1"}}, {"type": "Feature", "geometry": {"type": "Point", "coordinates": [139.440914, 35.6779939]}, "properties": {"id": "lw-173", "kind": "water", "name": "谷保給水所", "category": "浄水場・給水所", "capacity": "2000", "address": "東京都国立市谷保1462-1"}}, {"type": "Feature", "geometry": {"type": "Point", "coordinates": [139.524477, 35.7337671]}, "properties": {"id": "lw-174", "kind": "water", "name": "芝久保給水所", "category": "浄水場・給水所", "capacity": "6030", "address": "東京都西東京市芝久保町5-9-1"}}, {"type": "Feature", "geometry": {"type": "Point", "coordinates": [139.554782, 35.7354513]}, "properties": {"id": "lw-175", "kind": "water", "name": "保谷町給水所", "category": "浄水場・給水所", "capacity": "2910", "address": "東京都西東京市保谷町1-5-24"}}, {"type": "Feature", "geometry": {"type": "Point", "coordinates": [139.552224, 35.7516771]}, "properties": {"id": "lw-176", "kind": "water", "name": "西東京栄町配水所", "category": "浄水場・給水所", "capacity": "1000", "address": "東京都西東京市栄町2-7-6"}}, {"type": "Feature", "geometry": {"type": "Point", "coordinates": [139.329512, 35.751586]}, "properties": {"id": "lw-177", "kind": "water", "name": "福生武蔵野台給水所", "category": "浄水場・給水所", "capacity": "2540", "address": "東京都福生市武蔵野台2-32"}}, {"type": "Feature", "geometry": {"type": "Point", "coordinates": [139.330834, 35.723895]}, "properties": {"id": "lw-178", "kind": "water", "name": "市立明神下公園", "category": "震災対策用応急給水槽（1500立方メートル槽）", "capacity": "1500", "address": "東京都福生市南田園1-12-1"}}, {"type": "Feature", "geometry": {"type": "Point", "coordinates": [139.571116, 35.6429908]}, "properties": {"id": "lw-179", "kind": "water", "name": "和泉本町給水所", "category": "浄水場・給水所", "capacity": "2260", "address": "東京都狛江市和泉本町4-6-1"}}, {"type": "Feature", "geometry": {"type": "Point", "coordinates": [139.413939, 35.7466078]}, "properties": {"id": "lw-180", "kind": "water", "name": "上北台給水所", "category": "浄水場・給水所", "capacity": "5330", "address": "東京都東大和市上北台1-801-1"}}, {"type": "Feature", "geometry": {"type": "Point", "coordinates": [139.428196, 35.7312269]}, "properties": {"id": "lw-181", "kind": "water", "name": "東大和給水所", "category": "浄水場・給水所", "capacity": "26660", "address": "東京都東大和市桜が丘3-44"}}, {"type": "Feature", "geometry": {"type": "Point", "coordinates": [139.517376, 35.777687]}, "properties": {"id": "lw-182", "kind": "water", "name": "清瀬元町配水所", "category": "浄水場・給水所", "capacity": "600", "address": "東京都清瀬市元町2-27-12"}}, {"type": "Feature", "geometry": {"type": "Point", "coordinates": [139.5391642, 35.7979192]}, "properties": {"id": "lw-183", "kind": "water", "name": "市立第３保育園", "category": "小規模応急給水槽（100立方メートル槽）", "capacity": "100", "address": "東京都清瀬市旭が丘3-755-1"}}, {"type": "Feature", "geometry": {"type": "Point", "coordinates": [139.5079632, 35.770799]}, "properties": {"id": "lw-184", "kind": "water", "name": "清瀬梅園給水所", "category": "浄水場・給水所", "capacity": "10000", "address": "東京都清瀬市梅園1-3"}}, {"type": "Feature", "geometry": {"type": "Point", "coordinates": [139.525834, 35.751937]}, "properties": {"id": "lw-185", "kind": "water", "name": "南沢給水所", "category": "浄水場・給水所", "capacity": "3330", "address": "東京都東久留米市南沢3-9-21"}}, {"type": "Feature", "geometry": {"type": "Point", "coordinates": [139.507342, 35.7473841]}, "properties": {"id": "lw-186", "kind": "water", "name": "滝山給水所", "category": "浄水場・給水所", "capacity": "1960", "address": "東京都東久留米市滝山6-1-1"}}, {"type": "Feature", "geometry": {"type": "Point", "coordinates": [139.390535, 35.7499647]}, "properties": {"id": "lw-187", "kind": "water", "name": "学園配水所", "category": "浄水場・給水所", "capacity": "1460", "address": "東京都武蔵村山市学園1-5-7"}}, {"type": "Feature", "geometry": {"type": "Point", "coordinates": [139.393662, 35.7588747]}, "properties": {"id": "lw-188", "kind": "water", "name": "中藤配水所", "category": "浄水場・給水所", "capacity": "950", "address": "東京都武蔵村山市中藤2-1-3"}}, {"type": "Feature", "geometry": {"type": "Point", "coordinates": [139.363293, 35.7568554]}, "properties": {"id": "lw-189", "kind": "water", "name": "市立中原公園", "category": "震災対策用応急給水槽（1500立方メートル槽）", "capacity": "1500", "address": "東京都武蔵村山市中原2-21-4"}}, {"type": "Feature", "geometry": {"type": "Point", "coordinates": [139.444107, 35.6437424]}, "properties": {"id": "lw-190", "kind": "water", "name": "桜ヶ丘配水所", "category": "浄水場・給水所", "capacity": "1500", "address": "東京都多摩桜ヶ丘4-10"}}, {"type": "Feature", "geometry": {"type": "Point", "coordinates": [139.413627, 35.62455]}, "properties": {"id": "lw-191", "kind": "water", "name": "落合配水所", "category": "浄水場・給水所", "capacity": "100", "address": "東京都多摩市中沢1-12"}}, {"type": "Feature", "geometry": {"type": "Point", "coordinates": [139.439535, 35.634838]}, "properties": {"id": "lw-192", "kind": "water", "name": "愛宕配水所", "category": "浄水場・給水所", "capacity": "1140", "address": "東京都多摩市愛宕2-51"}}, {"type": "Feature", "geometry": {"type": "Point", "coordinates": [139.431015, 35.608639]}, "properties": {"id": "lw-193", "kind": "water", "name": "南野給水所", "category": "浄水場・給水所", "capacity": "3360", "address": "東京都多摩市南野2-16"}}, {"type": "Feature", "geometry": {"type": "Point", "coordinates": [139.46307, 35.63037]}, "properties": {"id": "lw-194", "kind": "water", "name": "聖ヶ丘給水所", "category": "浄水場・給水所", "capacity": "14000", "address": "東京都多摩市聖ヶ丘4-1"}}, {"type": "Feature", "geometry": {"type": "Point", "coordinates": [139.433745, 35.645741]}, "properties": {"id": "lw-195", "kind": "water", "name": "市立並木公園", "category": "震災対策用応急給水槽（1500立方メートル槽）", "capacity": "1500", "address": "東京都多摩市和田1551-1"}}, {"type": "Feature", "geometry": {"type": "Point", "coordinates": [139.487899, 35.615837]}, "properties": {"id": "lw-196", "kind": "water", "name": "坂浜配水所", "category": "浄水場・給水所", "capacity": "1510", "address": "東京都稲城市坂浜816"}}, {"type": "Feature", "geometry": {"type": "Point", "coordinates": [139.493028, 35.6437222]}, "properties": {"id": "lw-197", "kind": "water", "name": "向陽台給水所", "category": "浄水場・給水所", "capacity": "2000", "address": "東京都稲城市向陽台6-16"}}, {"type": "Feature", "geometry": {"type": "Point", "coordinates": [139.473903, 35.623984]}, "properties": {"id": "lw-198", "kind": "water", "name": "若葉台給水所", "category": "浄水場・給水所", "capacity": "2160", "address": "東京都稲城市若葉台1-19"}}, {"type": "Feature", "geometry": {"type": "Point", "coordinates": [139.284454, 35.7321865]}, "properties": {"id": "lw-199", "kind": "water", "name": "秋留台給水所", "category": "浄水場・給水所", "capacity": "2000", "address": "東京都あきる野市秋川3-2-10"}}, {"type": "Feature", "geometry": {"type": "Point", "coordinates": [139.287219, 35.745663]}, "properties": {"id": "lw-200", "kind": "water", "name": "菅生給水所", "category": "浄水場・給水所", "capacity": "2000", "address": "東京都あきる野市菅生683"}}, {"type": "Feature", "geometry": {"type": "Point", "coordinates": [139.279151, 35.71888]}, "properties": {"id": "lw-201", "kind": "water", "name": "上代継浄水所", "category": "浄水場・給水所", "capacity": "200", "address": "東京都あきる野市上代継407"}}, {"type": "Feature", "geometry": {"type": "Point", "coordinates": [139.20192, 35.726467]}, "properties": {"id": "lw-202", "kind": "water", "name": "戸倉給水所", "category": "浄水場・給水所", "capacity": "1660", "address": "東京都あきる野市戸倉348-1"}}, {"type": "Feature", "geometry": {"type": "Point", "coordinates": [139.233864, 35.719041]}, "properties": {"id": "lw-203", "kind": "water", "name": "小峰台配水所", "category": "浄水場・給水所", "capacity": "160", "address": "東京都あきる野市小峰台40"}}, {"type": "Feature", "geometry": {"type": "Point", "coordinates": [139.252211, 35.7348684]}, "properties": {"id": "lw-204", "kind": "water", "name": "伊奈配水所", "category": "浄水場・給水所", "capacity": "130", "address": "東京都あきる野市伊奈372-3"}}, {"type": "Feature", "geometry": {"type": "Point", "coordinates": [139.363858, 35.776763]}, "properties": {"id": "lw-205", "kind": "water", "name": "石畑給水所", "category": "浄水場・給水所", "capacity": "10000", "address": "東京都瑞穂町石畑2301"}}, {"type": "Feature", "geometry": {"type": "Point", "coordinates": [139.25519, 35.74752]}, "properties": {"id": "lw-206", "kind": "water", "name": "文化の森給水所", "category": "浄水場・給水所", "capacity": "2000", "address": "東京都日の出町平井3075"}}, {"type": "Feature", "geometry": {"type": "Point", "coordinates": [139.566641, 35.7152429]}, "properties": {"id": "lw-207", "kind": "water", "name": "第一浄水場", "category": "浄水場・給水所", "capacity": "0", "address": "東京都武蔵野市吉祥寺北町4-11-46"}}, {"type": "Feature", "geometry": {"type": "Point", "coordinates": [139.53636, 35.709673]}, "properties": {"id": "lw-208", "kind": "water", "name": "第二浄水場", "category": "浄水場・給水所", "capacity": "0", "address": "東京都武蔵野市桜堤1-6-6"}}, {"type": "Feature", "geometry": {"type": "Point", "coordinates": [139.347832, 35.712165]}, "properties": {"id": "lw-209", "kind": "water", "name": "西部配水場", "category": "浄水場・給水所", "capacity": "2780", "address": "東京都昭島市緑町2-17-16"}}, {"type": "Feature", "geometry": {"type": "Point", "coordinates": [139.369836, 35.708692]}, "properties": {"id": "lw-210", "kind": "water", "name": "東部配水場", "category": "浄水場・給水所", "capacity": "2160", "address": "東京都昭島市朝日町4-23"}}, {"type": "Feature", "geometry": {"type": "Point", "coordinates": [139.319607, 35.7647394]}, "properties": {"id": "lw-211", "kind": "water", "name": "第一配水場", "category": "浄水場・給水所", "capacity": "2060", "address": "東京都羽村市緑ケ丘2-18-5"}}, {"type": "Feature", "geometry": {"type": "Point", "coordinates": [139.295803, 35.7761234]}, "properties": {"id": "lw-212", "kind": "water", "name": "小作浄水場", "category": "浄水場・給水所", "capacity": "14260", "address": "東京都羽村市小作台4-2-1"}}, {"type": "Feature", "geometry": {"type": "Point", "coordinates": [139.819723, 35.707333]}, "properties": {"id": "lf-213", "kind": "wifi", "name": "公衆電話（江東区亀戸3-36-1）", "address": "東京都江東区亀戸3-36-1"}}, {"type": "Feature", "geometry": {"type": "Point", "coordinates": [139.826176, 35.644713]}, "properties": {"id": "lf-214", "kind": "wifi", "name": "公衆電話（江東区新木場1-5）", "address": "東京都江東区新木場1-5"}}, {"type": "Feature", "geometry": {"type": "Point", "coordinates": [139.778093, 35.622879]}, "properties": {"id": "lf-215", "kind": "wifi", "name": "公衆電話（江東区青海1）No.1", "address": "東京都江東区青海1"}}, {"type": "Feature", "geometry": {"type": "Point", "coordinates": [139.782052, 35.624931]}, "properties": {"id": "lf-216", "kind": "wifi", "name": "公衆電話（江東区青海1）No.2", "address": "東京都江東区青海1"}}, {"type": "Feature", "geometry": {"type": "Point", "coordinates": [139.773679, 35.620902]}, "properties": {"id": "lf-217", "kind": "wifi", "name": "公衆電話（江東区青海1）No.3", "address": "東京都江東区青海1"}}, {"type": "Feature", "geometry": {"type": "Point", "coordinates": [139.77452, 35.617865]}, "properties": {"id": "lf-218", "kind": "wifi", "name": "公衆電話（江東区青海2）", "address": "東京都江東区青海2"}}, {"type": "Feature", "geometry": {"type": "Point", "coordinates": [139.779374, 35.617725]}, "properties": {"id": "lf-219", "kind": "wifi", "name": "公衆電話（江東区青海2-29）", "address": "東京都江東区青海2-29"}}, {"type": "Feature", "geometry": {"type": "Point", "coordinates": [139.804092, 35.640807]}, "properties": {"id": "lf-220", "kind": "wifi", "name": "公衆電話（江東区東雲2-11）", "address": "東京都江東区東雲2-11"}}, {"type": "Feature", "geometry": {"type": "Point", "coordinates": [139.802552, 35.642516]}, "properties": {"id": "lf-221", "kind": "wifi", "name": "公衆電話（江東区東雲2-7）", "address": "東京都江東区東雲2-7"}}, {"type": "Feature", "geometry": {"type": "Point", "coordinates": [139.804101, 35.640819]}, "properties": {"id": "lf-222", "kind": "wifi", "name": "公衆電話（江東区東雲2-8-10）", "address": "東京都江東区東雲2-8-10"}}, {"type": "Feature", "geometry": {"type": "Point", "coordinates": [139.798729, 35.652676]}, "properties": {"id": "lf-223", "kind": "wifi", "name": "公衆電話（江東区豊洲4-11）", "address": "東京都江東区豊洲4-11"}}, {"type": "Feature", "geometry": {"type": "Point", "coordinates": [139.797976, 35.652605]}, "properties": {"id": "lf-224", "kind": "wifi", "name": "公衆電話（江東区豊洲5-6）", "address": "東京都江東区豊洲5-6"}}, {"type": "Feature", "geometry": {"type": "Point", "coordinates": [139.759943, 35.65525]}, "properties": {"id": "lf-225", "kind": "wifi", "name": "公衆電話（港区海岸1-4-17）", "address": "東京都港区海岸1-4-17"}}, {"type": "Feature", "geometry": {"type": "Point", "coordinates": [139.73223, 35.654964]}, "properties": {"id": "lf-226", "kind": "wifi", "name": "公衆電話（港区元麻布1-2-2）", "address": "東京都港区元麻布1-2-2"}}, {"type": "Feature", "geometry": {"type": "Point", "coordinates": [139.733255, 35.62934]}, "properties": {"id": "lf-227", "kind": "wifi", "name": "公衆電話（港区高輪4-8-33）", "address": "東京都港区高輪4-8-33"}}, {"type": "Feature", "geometry": {"type": "Point", "coordinates": [139.753536, 35.651067]}, "properties": {"id": "lf-228", "kind": "wifi", "name": "公衆電話（港区芝2-14-4）", "address": "東京都港区芝2-14-4"}}, {"type": "Feature", "geometry": {"type": "Point", "coordinates": [139.745241, 35.653127]}, "properties": {"id": "lf-229", "kind": "wifi", "name": "公衆電話（港区芝3-15）", "address": "東京都港区芝3-15"}}, {"type": "Feature", "geometry": {"type": "Point", "coordinates": [139.745085, 35.651299]}, "properties": {"id": "lf-230", "kind": "wifi", "name": "公衆電話（港区芝3-28-11）", "address": "東京都港区芝3-28-11"}}, {"type": "Feature", "geometry": {"type": "Point", "coordinates": [139.749412, 35.652085]}, "properties": {"id": "lf-231", "kind": "wifi", "name": "公衆電話（港区芝3-6-8）", "address": "東京都港区芝3-6-8"}}, {"type": "Feature", "geometry": {"type": "Point", "coordinates": [139.753447, 35.657026]}, "properties": {"id": "lf-232", "kind": "wifi", "name": "公衆電話（港区芝大門1-13-7）", "address": "東京都港区芝大門1-13-7"}}, {"type": "Feature", "geometry": {"type": "Point", "coordinates": [139.754179, 35.654453]}, "properties": {"id": "lf-233", "kind": "wifi", "name": "公衆電話（港区芝大門2-12-4）", "address": "東京都港区芝大門2-12-4"}}, {"type": "Feature", "geometry": {"type": "Point", "coordinates": [139.752696, 35.653921]}, "properties": {"id": "lf-234", "kind": "wifi", "name": "公衆電話（港区芝大門2-9-11）", "address": "東京都港区芝大門2-9-11"}}, {"type": "Feature", "geometry": {"type": "Point", "coordinates": [139.75867, 35.667772]}, "properties": {"id": "lf-235", "kind": "wifi", "name": "公衆電話（港区新橋1-12-9）", "address": "東京都港区新橋1-12-9"}}, {"type": "Feature", "geometry": {"type": "Point", "coordinates": [139.758376, 35.667635]}, "properties": {"id": "lf-236", "kind": "wifi", "name": "公衆電話（港区新橋1-13-6）", "address": "東京都港区新橋1-13-6"}}, {"type": "Feature", "geometry": {"type": "Point", "coordinates": [139.759924, 35.667047]}, "properties": {"id": "lf-237", "kind": "wifi", "name": "公衆電話（港区新橋1-9-6）", "address": "東京都港区新橋1-9-6"}}, {"type": "Feature", "geometry": {"type": "Point", "coordinates": [139.755202, 35.668335]}, "properties": {"id": "lf-238", "kind": "wifi", "name": "公衆電話（港区新橋2-1）", "address": "東京都港区新橋2-1"}}, {"type": "Feature", "geometry": {"type": "Point", "coordinates": [139.756796, 35.666415]}, "properties": {"id": "lf-239", "kind": "wifi", "name": "公衆電話（港区新橋2-15-7）", "address": "東京都港区新橋2-15-7"}}, {"type": "Feature", "geometry": {"type": "Point", "coordinates": [139.759642, 35.666886]}, "properties": {"id": "lf-240", "kind": "wifi", "name": "公衆電話（港区新橋2-19-2）", "address": "東京都港区新橋2-19-2"}}, {"type": "Feature", "geometry": {"type": "Point", "coordinates": [139.756753, 35.667818]}, "properties": {"id": "lf-241", "kind": "wifi", "name": "公衆電話（港区新橋2-6-2）", "address": "東京都港区新橋2-6-2"}}, {"type": "Feature", "geometry": {"type": "Point", "coordinates": [139.755617, 35.666218]}, "properties": {"id": "lf-242", "kind": "wifi", "name": "公衆電話（港区新橋3-11-9）", "address": "東京都港区新橋3-11-9"}}, {"type": "Feature", "geometry": {"type": "Point", "coordinates": [139.755308, 35.665922]}, "properties": {"id": "lf-243", "kind": "wifi", "name": "公衆電話（港区新橋3-6-7）", "address": "東京都港区新橋3-6-7"}}, {"type": "Feature", "geometry": {"type": "Point", "coordinates": [139.756698, 35.663444]}, "properties": {"id": "lf-244", "kind": "wifi", "name": "公衆電話（港区新橋4-24-7）", "address": "東京都港区新橋4-24-7"}}, {"type": "Feature", "geometry": {"type": "Point", "coordinates": [139.75497, 35.664978]}, "properties": {"id": "lf-245", "kind": "wifi", "name": "公衆電話（港区新橋4-6-15）", "address": "東京都港区新橋4-6-15"}}, {"type": "Feature", "geometry": {"type": "Point", "coordinates": [139.754518, 35.667957]}, "properties": {"id": "lf-246", "kind": "wifi", "name": "公衆電話（港区西新橋1-1）", "address": "東京都港区西新橋1-1"}}, {"type": "Feature", "geometry": {"type": "Point", "coordinates": [139.751882, 35.669685]}, "properties": {"id": "lf-247", "kind": "wifi", "name": "公衆電話（港区西新橋1-6-21）", "address": "東京都港区西新橋1-6-21"}}, {"type": "Feature", "geometry": {"type": "Point", "coordinates": [139.7523048, 35.6692934]}, "properties": {"id": "lf-248", "kind": "wifi", "name": "公衆電話（港区西新橋1-8-1）", "address": "東京都港区西新橋1-8-1"}}, {"type": "Feature", "geometry": {"type": "Point", "coordinates": [139.753953, 35.666731]}, "properties": {"id": "lf-249", "kind": "wifi", "name": "公衆電話（港区西新橋2-7-4）", "address": "東京都港区西新橋2-7-4"}}, {"type": "Feature", "geometry": {"type": "Point", "coordinates": [139.723012, 35.659847]}, "properties": {"id": "lf-250", "kind": "wifi", "name": "公衆電話（港区西麻布2-13-11）", "address": "東京都港区西麻布2-13-11"}}, {"type": "Feature", "geometry": {"type": "Point", "coordinates": [139.730258, 35.668775]}, "properties": {"id": "lf-251", "kind": "wifi", "name": "公衆電話（港区赤坂8-12）", "address": "東京都港区赤坂8-12"}}, {"type": "Feature", "geometry": {"type": "Point", "coordinates": [139.77221, 35.627761]}, "properties": {"id": "lf-252", "kind": "wifi", "name": "公衆電話（港区台場1-4）", "address": "東京都港区台場1-4"}}, {"type": "Feature", "geometry": {"type": "Point", "coordinates": [139.769531, 35.625624]}, "properties": {"id": "lf-253", "kind": "wifi", "name": "公衆電話（港区台場1-9）", "address": "東京都港区台場1-9"}}, {"type": "Feature", "geometry": {"type": "Point", "coordinates": [139.713831, 35.666347]}, "properties": {"id": "lf-254", "kind": "wifi", "name": "公衆電話（港区南青山3-11-13）", "address": "東京都港区南青山3-11-13"}}, {"type": "Feature", "geometry": {"type": "Point", "coordinates": [139.717132, 35.662513]}, "properties": {"id": "lf-255", "kind": "wifi", "name": "公衆電話（港区南青山6-5-1）", "address": "東京都港区南青山6-5-1"}}, {"type": "Feature", "geometry": {"type": "Point", "coordinates": [139.715018, 35.657942]}, "properties": {"id": "lf-256", "kind": "wifi", "name": "公衆電話（港区南青山7-5-16）", "address": "東京都港区南青山7-5-16"}}, {"type": "Feature", "geometry": {"type": "Point", "coordinates": [139.755209, 35.659218]}, "properties": {"id": "lf-257", "kind": "wifi", "name": "公衆電話（港区浜松町1-10-12）", "address": "東京都港区浜松町1-10-12"}}, {"type": "Feature", "geometry": {"type": "Point", "coordinates": [139.756049, 35.656765]}, "properties": {"id": "lf-258", "kind": "wifi", "name": "公衆電話（港区浜松町1-29-6）", "address": "東京都港区浜松町1-29-6"}}, {"type": "Feature", "geometry": {"type": "Point", "coordinates": [139.75444, 35.653764]}, "properties": {"id": "lf-259", "kind": "wifi", "name": "公衆電話（港区浜松町2-7-14）", "address": "東京都港区浜松町2-7-14"}}, {"type": "Feature", "geometry": {"type": "Point", "coordinates": [139.721966, 35.674982]}, "properties": {"id": "lf-260", "kind": "wifi", "name": "公衆電話（港区北青山1-6）", "address": "東京都港区北青山1-6"}}, {"type": "Feature", "geometry": {"type": "Point", "coordinates": [139.716946, 35.672245]}, "properties": {"id": "lf-261", "kind": "wifi", "name": "公衆電話（港区北青山2-8-35）", "address": "東京都港区北青山2-8-35"}}, {"type": "Feature", "geometry": {"type": "Point", "coordinates": [139.714034, 35.667097]}, "properties": {"id": "lf-262", "kind": "wifi", "name": "公衆電話（港区北青山3-5-6）", "address": "東京都港区北青山3-5-6"}}, {"type": "Feature", "geometry": {"type": "Point", "coordinates": [139.73684, 35.654936]}, "properties": {"id": "lf-263", "kind": "wifi", "name": "公衆電話（港区麻布十番2-20-6）", "address": "東京都港区麻布十番2-20-6"}}, {"type": "Feature", "geometry": {"type": "Point", "coordinates": [139.736889, 35.665372]}, "properties": {"id": "lf-264", "kind": "wifi", "name": "公衆電話（港区六本木3-1-25）", "address": "東京都港区六本木3-1-25"}}, {"type": "Feature", "geometry": {"type": "Point", "coordinates": [139.738271, 35.663507]}, "properties": {"id": "lf-265", "kind": "wifi", "name": "公衆電話（港区六本木3-3-11）", "address": "東京都港区六本木3-3-11"}}, {"type": "Feature", "geometry": {"type": "Point", "coordinates": [139.732559, 35.658611]}, "properties": {"id": "lf-266", "kind": "wifi", "name": "公衆電話（港区六本木5-10-19）", "address": "東京都港区六本木5-10-19"}}, {"type": "Feature", "geometry": {"type": "Point", "coordinates": [139.73645, 35.659412]}, "properties": {"id": "lf-267", "kind": "wifi", "name": "公衆電話（港区六本木5-13-3）", "address": "東京都港区六本木5-13-3"}}, {"type": "Feature", "geometry": {"type": "Point", "coordinates": [139.734815, 35.660805]}, "properties": {"id": "lf-268", "kind": "wifi", "name": "公衆電話（港区六本木5-16-45）", "address": "東京都港区六本木5-16-45"}}, {"type": "Feature", "geometry": {"type": "Point", "coordinates": [139.736514, 35.661562]}, "properties": {"id": "lf-269", "kind": "wifi", "name": "公衆電話（港区六本木5丁目17-21）", "address": "東京都港区六本木5丁目17-21"}}, {"type": "Feature", "geometry": {"type": "Point", "coordinates": [139.730629, 35.662271]}, "properties": {"id": "lf-270", "kind": "wifi", "name": "公衆電話（港区六本木6-2-37）", "address": "東京都港区六本木6-2-37"}}, {"type": "Feature", "geometry": {"type": "Point", "coordinates": [139.771565, 35.728812]}, "properties": {"id": "lf-271", "kind": "wifi", "name": "公衆電話（荒川区西日暮里2-18-5）", "address": "東京都荒川区西日暮里2-18-5"}}, {"type": "Feature", "geometry": {"type": "Point", "coordinates": [139.77142, 35.728419]}, "properties": {"id": "lf-272", "kind": "wifi", "name": "公衆電話（荒川区西日暮里2-19-6）", "address": "東京都荒川区西日暮里2-19-6"}}, {"type": "Feature", "geometry": {"type": "Point", "coordinates": [139.769427, 35.733422]}, "properties": {"id": "lf-273", "kind": "wifi", "name": "公衆電話（荒川区西日暮里5-6-9）", "address": "東京都荒川区西日暮里5-6-9"}}, {"type": "Feature", "geometry": {"type": "Point", "coordinates": [139.774356, 35.727066]}, "properties": {"id": "lf-274", "kind": "wifi", "name": "公衆電話（荒川区東日暮里5-41-7）", "address": "東京都荒川区東日暮里5-41-7"}}, {"type": "Feature", "geometry": {"type": "Point", "coordinates": [139.774034, 35.727711]}, "properties": {"id": "lf-275", "kind": "wifi", "name": "公衆電話（荒川区東日暮里5-46）", "address": "東京都荒川区東日暮里5-46"}}, {"type": "Feature", "geometry": {"type": "Point", "coordinates": [139.772368, 35.728371]}, "properties": {"id": "lf-276", "kind": "wifi", "name": "公衆電話（荒川区東日暮里5-51-13）", "address": "東京都荒川区東日暮里5-51-13"}}, {"type": "Feature", "geometry": {"type": "Point", "coordinates": [139.772736, 35.729057]}, "properties": {"id": "lf-277", "kind": "wifi", "name": "公衆電話（荒川区東日暮里6-59-10）", "address": "東京都荒川区東日暮里6-59-10"}}, {"type": "Feature", "geometry": {"type": "Point", "coordinates": [139.772562, 35.728496]}, "properties": {"id": "lf-278", "kind": "wifi", "name": "公衆電話（荒川区東日暮里6-60-6）", "address": "東京都荒川区東日暮里6-60-6"}}, {"type": "Feature", "geometry": {"type": "Point", "coordinates": [139.792094, 35.732563]}, "properties": {"id": "lf-279", "kind": "wifi", "name": "公衆電話（荒川区南千住1-32-16）", "address": "東京都荒川区南千住1-32-16"}}, {"type": "Feature", "geometry": {"type": "Point", "coordinates": [139.792576, 35.730436]}, "properties": {"id": "lf-280", "kind": "wifi", "name": "公衆電話（荒川区南千住2-1-12）", "address": "東京都荒川区南千住2-1-12"}}, {"type": "Feature", "geometry": {"type": "Point", "coordinates": [139.797846, 35.733591]}, "properties": {"id": "lf-281", "kind": "wifi", "name": "公衆電話（荒川区南千住7-2-14）", "address": "東京都荒川区南千住7-2-14"}}, {"type": "Feature", "geometry": {"type": "Point", "coordinates": [139.526195, 35.679156]}, "properties": {"id": "lf-282", "kind": "wifi", "name": "公衆電話（三鷹市大沢6-4）", "address": "東京都三鷹市大沢6-4"}}, {"type": "Feature", "geometry": {"type": "Point", "coordinates": [139.694945, 35.655976]}, "properties": {"id": "lf-283", "kind": "wifi", "name": "公衆電話（渋谷区円山町28-1）", "address": "東京都渋谷区円山町28-1"}}, {"type": "Feature", "geometry": {"type": "Point", "coordinates": [139.700509, 35.648149]}, "properties": {"id": "lf-284", "kind": "wifi", "name": "公衆電話（渋谷区猿楽町29）", "address": "東京都渋谷区猿楽町29"}}, {"type": "Feature", "geometry": {"type": "Point", "coordinates": [139.703936, 35.651363]}, "properties": {"id": "lf-285", "kind": "wifi", "name": "公衆電話（渋谷区猿楽町8-9）", "address": "東京都渋谷区猿楽町8-9"}}, {"type": "Feature", "geometry": {"type": "Point", "coordinates": [139.711979, 35.645284]}, "properties": {"id": "lf-286", "kind": "wifi", "name": "公衆電話（渋谷区恵比寿4-5-25）", "address": "東京都渋谷区恵比寿4-5-25"}}, {"type": "Feature", "geometry": {"type": "Point", "coordinates": [139.708674, 35.64831]}, "properties": {"id": "lf-287", "kind": "wifi", "name": "公衆電話（渋谷区恵比寿西1-2-1）", "address": "東京都渋谷区恵比寿西1-2-1"}}, {"type": "Feature", "geometry": {"type": "Point", "coordinates": [139.708185, 35.646707]}, "properties": {"id": "lf-288", "kind": "wifi", "name": "公衆電話（渋谷区恵比寿西1-9-7）", "address": "東京都渋谷区恵比寿西1-9-7"}}, {"type": "Feature", "geometry": {"type": "Point", "coordinates": [139.708608, 35.646789]}, "properties": {"id": "lf-289", "kind": "wifi", "name": "公衆電話（渋谷区恵比寿南1-1-1）", "address": "東京都渋谷区恵比寿南1-1-1"}}, {"type": "Feature", "geometry": {"type": "Point", "coordinates": [139.706598, 35.646135]}, "properties": {"id": "lf-290", "kind": "wifi", "name": "公衆電話（渋谷区恵比寿南3-1-27）", "address": "東京都渋谷区恵比寿南3-1-27"}}, {"type": "Feature", "geometry": {"type": "Point", "coordinates": [139.712833, 35.651228]}, "properties": {"id": "lf-291", "kind": "wifi", "name": "公衆電話（渋谷区広尾1-1）", "address": "東京都渋谷区広尾1-1"}}, {"type": "Feature", "geometry": {"type": "Point", "coordinates": [139.711126, 35.648722]}, "properties": {"id": "lf-292", "kind": "wifi", "name": "公衆電話（渋谷区広尾1-16-3）", "address": "東京都渋谷区広尾1-16-3"}}, {"type": "Feature", "geometry": {"type": "Point", "coordinates": [139.713482, 35.652517]}, "properties": {"id": "lf-293", "kind": "wifi", "name": "公衆電話（渋谷区広尾2-1-18）", "address": "東京都渋谷区広尾2-1-18"}}, {"type": "Feature", "geometry": {"type": "Point", "coordinates": [139.716154, 35.655124]}, "properties": {"id": "lf-294", "kind": "wifi", "name": "公衆電話（渋谷区広尾3-7）", "address": "東京都渋谷区広尾3-7"}}, {"type": "Feature", "geometry": {"type": "Point", "coordinates": [139.704655, 35.65888]}, "properties": {"id": "lf-295", "kind": "wifi", "name": "公衆電話（渋谷区渋谷2-17）", "address": "東京都渋谷区渋谷2-17"}}, {"type": "Feature", "geometry": {"type": "Point", "coordinates": [139.705854, 35.656031]}, "properties": {"id": "lf-296", "kind": "wifi", "name": "公衆電話（渋谷区渋谷3-12）", "address": "東京都渋谷区渋谷3-12"}}, {"type": "Feature", "geometry": {"type": "Point", "coordinates": [139.706373, 35.655599]}, "properties": {"id": "lf-297", "kind": "wifi", "name": "公衆電話（渋谷区渋谷3-13-7）", "address": "東京都渋谷区渋谷3-13-7"}}, {"type": "Feature", "geometry": {"type": "Point", "coordinates": [139.706218, 35.65544]}, "properties": {"id": "lf-298", "kind": "wifi", "name": "公衆電話（渋谷区渋谷3-15-16）", "address": "東京都渋谷区渋谷3-15-16"}}, {"type": "Feature", "geometry": {"type": "Point", "coordinates": [139.705177, 35.656251]}, "properties": {"id": "lf-299", "kind": "wifi", "name": "公衆電話（渋谷区渋谷3-16-3）", "address": "東京都渋谷区渋谷3-16-3"}}, {"type": "Feature", "geometry": {"type": "Point", "coordinates": [139.691709, 35.659316]}, "properties": {"id": "lf-300", "kind": "wifi", "name": "公衆電話（渋谷区松濤2-10-2）", "address": "東京都渋谷区松濤2-10-2"}}, {"type": "Feature", "geometry": {"type": "Point", "coordinates": [139.69749, 35.667042]}, "properties": {"id": "lf-301", "kind": "wifi", "name": "公衆電話（渋谷区神宮前2-3）", "address": "東京都渋谷区神宮前2-3"}}, {"type": "Feature", "geometry": {"type": "Point", "coordinates": [139.707739, 35.671681]}, "properties": {"id": "lf-302", "kind": "wifi", "name": "公衆電話（渋谷区神宮前1-4-3）", "address": "東京都渋谷区神宮前1-4-3"}}, {"type": "Feature", "geometry": {"type": "Point", "coordinates": [139.702587, 35.664547]}, "properties": {"id": "lf-303", "kind": "wifi", "name": "公衆電話（渋谷区神宮前6-18）", "address": "東京都渋谷区神宮前6-18"}}, {"type": "Feature", "geometry": {"type": "Point", "coordinates": [139.694932, 35.664256]}, "properties": {"id": "lf-304", "kind": "wifi", "name": "公衆電話（渋谷区神山町9）", "address": "東京都渋谷区神山町9"}}, {"type": "Feature", "geometry": {"type": "Point", "coordinates": [139.691936, 35.655647]}, "properties": {"id": "lf-305", "kind": "wifi", "name": "公衆電話（渋谷区神泉町21）", "address": "東京都渋谷区神泉町21"}}, {"type": "Feature", "geometry": {"type": "Point", "coordinates": [139.70783, 35.681126]}, "properties": {"id": "lf-306", "kind": "wifi", "name": "公衆電話（渋谷区千駄ヶ谷4-19-12）", "address": "東京都渋谷区千駄ヶ谷4-19-12"}}, {"type": "Feature", "geometry": {"type": "Point", "coordinates": [139.705232, 35.680791]}, "properties": {"id": "lf-307", "kind": "wifi", "name": "公衆電話（渋谷区千駄ヶ谷4-25）", "address": "東京都渋谷区千駄ヶ谷4-25"}}, {"type": "Feature", "geometry": {"type": "Point", "coordinates": [139.702188, 35.649012]}, "properties": {"id": "lf-308", "kind": "wifi", "name": "公衆電話（渋谷区代官山町17-15）", "address": "東京都渋谷区代官山町17-15"}}, {"type": "Feature", "geometry": {"type": "Point", "coordinates": [139.7011507, 35.684895]}, "properties": {"id": "lf-309", "kind": "wifi", "name": "公衆電話（渋谷区代々木1-58-1）", "address": "東京都渋谷区代々木1-58-1"}}, {"type": "Feature", "geometry": {"type": "Point", "coordinates": [139.698805, 35.682084]}, "properties": {"id": "lf-310", "kind": "wifi", "name": "公衆電話（渋谷区代々木1丁目11-1）", "address": "東京都渋谷区代々木1丁目11-1"}}, {"type": "Feature", "geometry": {"type": "Point", "coordinates": [139.696804, 35.687171]}, "properties": {"id": "lf-311", "kind": "wifi", "name": "公衆電話（渋谷区代々木2-11）", "address": "東京都渋谷区代々木2-11"}}, {"type": "Feature", "geometry": {"type": "Point", "coordinates": [139.696993, 35.686885]}, "properties": {"id": "lf-312", "kind": "wifi", "name": "公衆電話（渋谷区代々木2-12）", "address": "東京都渋谷区代々木2-12"}}, {"type": "Feature", "geometry": {"type": "Point", "coordinates": [139.6989083, 35.688163]}, "properties": {"id": "lf-313", "kind": "wifi", "name": "公衆電話（渋谷区代々木2-9）", "address": "東京都渋谷区代々木2-9"}}, {"type": "Feature", "geometry": {"type": "Point", "coordinates": [139.693492, 35.680652]}, "properties": {"id": "lf-314", "kind": "wifi", "name": "公衆電話（渋谷区代々木3-40）", "address": "東京都渋谷区代々木3-40"}}, {"type": "Feature", "geometry": {"type": "Point", "coordinates": [139.693396, 35.685778]}, "properties": {"id": "lf-315", "kind": "wifi", "name": "公衆電話（渋谷区代々木3丁目23）", "address": "東京都渋谷区代々木3丁目23"}}, {"type": "Feature", "geometry": {"type": "Point", "coordinates": [139.693616, 35.681832]}, "properties": {"id": "lf-316", "kind": "wifi", "name": "公衆電話（渋谷区代々木3丁目36-8）", "address": "東京都渋谷区代々木3丁目36-8"}}, {"type": "Feature", "geometry": {"type": "Point", "coordinates": [139.690559, 35.683796]}, "properties": {"id": "lf-317", "kind": "wifi", "name": "公衆電話（渋谷区代々木4丁目30-8）", "address": "東京都渋谷区代々木4丁目30-8"}}, {"type": "Feature", "geometry": {"type": "Point", "coordinates": [139.697327, 35.66849]}, "properties": {"id": "lf-318", "kind": "wifi", "name": "公衆電話（渋谷区代々木神園町2-1）", "address": "東京都渋谷区代々木神園町2-1"}}, {"type": "Feature", "geometry": {"type": "Point", "coordinates": [139.706733, 35.654937]}, "properties": {"id": "lf-319", "kind": "wifi", "name": "公衆電話（渋谷区東1-27-1）", "address": "東京都渋谷区東1-27-1"}}, {"type": "Feature", "geometry": {"type": "Point", "coordinates": [139.70792, 35.653904]}, "properties": {"id": "lf-320", "kind": "wifi", "name": "公衆電話（渋谷区東2-23-1）", "address": "東京都渋谷区東2-23-1"}}, {"type": "Feature", "geometry": {"type": "Point", "coordinates": [139.708812, 35.652527]}, "properties": {"id": "lf-321", "kind": "wifi", "name": "公衆電話（渋谷区東2-23-12）", "address": "東京都渋谷区東2-23-12"}}, {"type": "Feature", "geometry": {"type": "Point", "coordinates": [139.708914, 35.651449]}, "properties": {"id": "lf-322", "kind": "wifi", "name": "公衆電話（渋谷区東2-24-6）", "address": "東京都渋谷区東2-24-6"}}, {"type": "Feature", "geometry": {"type": "Point", "coordinates": [139.709486, 35.650849]}, "properties": {"id": "lf-323", "kind": "wifi", "name": "公衆電話（渋谷区東3-14）", "address": "東京都渋谷区東3-14"}}, {"type": "Feature", "geometry": {"type": "Point", "coordinates": [139.709714, 35.65028]}, "properties": {"id": "lf-324", "kind": "wifi", "name": "公衆電話（渋谷区東3-15-8）", "address": "東京都渋谷区東3-15-8"}}, {"type": "Feature", "geometry": {"type": "Point", "coordinates": [139.710946, 35.649098]}, "properties": {"id": "lf-325", "kind": "wifi", "name": "公衆電話（渋谷区東3-16-6）", "address": "東京都渋谷区東3-16-6"}}, {"type": "Feature", "geometry": {"type": "Point", "coordinates": [139.698762, 35.656856]}, "properties": {"id": "lf-326", "kind": "wifi", "name": "公衆電話（渋谷区道玄坂1-10）", "address": "東京都渋谷区道玄坂1-10"}}, {"type": "Feature", "geometry": {"type": "Point", "coordinates": [139.697085, 35.655925]}, "properties": {"id": "lf-327", "kind": "wifi", "name": "公衆電話（渋谷区南平台町1-10）", "address": "東京都渋谷区南平台町1-10"}}, {"type": "Feature", "geometry": {"type": "Point", "coordinates": [139.696523, 35.654909]}, "properties": {"id": "lf-328", "kind": "wifi", "name": "公衆電話（渋谷区南平台町13-4）", "address": "東京都渋谷区南平台町13-4"}}, {"type": "Feature", "geometry": {"type": "Point", "coordinates": [139.703914, 35.693135]}, "properties": {"id": "lf-329", "kind": "wifi", "name": "公衆電話（新宿区歌舞伎町1-1-19）", "address": "東京都新宿区歌舞伎町1-1-19"}}, {"type": "Feature", "geometry": {"type": "Point", "coordinates": [139.70469, 35.696843]}, "properties": {"id": "lf-330", "kind": "wifi", "name": "公衆電話（新宿区歌舞伎町2-20-21）", "address": "東京都新宿区歌舞伎町2-20-21"}}, {"type": "Feature", "geometry": {"type": "Point", "coordinates": [139.7068319, 35.695444]}, "properties": {"id": "lf-331", "kind": "wifi", "name": "公衆電話（新宿区歌舞伎町2-2-21）", "address": "東京都新宿区歌舞伎町2-2-21"}}, {"type": "Feature", "geometry": {"type": "Point", "coordinates": [139.703372, 35.698114]}, "properties": {"id": "lf-332", "kind": "wifi", "name": "公衆電話（新宿区歌舞伎町2丁目31）", "address": "東京都新宿区歌舞伎町2丁目31"}}, {"type": "Feature", "geometry": {"type": "Point", "coordinates": [139.715647, 35.674402]}, "properties": {"id": "lf-333", "kind": "wifi", "name": "公衆電話（新宿区霞ヶ丘町4-1）", "address": "東京都新宿区霞ヶ丘町4-1"}}, {"type": "Feature", "geometry": {"type": "Point", "coordinates": [139.729517, 35.684974]}, "properties": {"id": "lf-334", "kind": "wifi", "name": "公衆電話（新宿区四谷1-0）", "address": "東京都新宿区四谷1-0"}}, {"type": "Feature", "geometry": {"type": "Point", "coordinates": [139.735383, 35.692098]}, "properties": {"id": "lf-335", "kind": "wifi", "name": "公衆電話（新宿区市谷田町1-1）", "address": "東京都新宿区市谷田町1-1"}}, {"type": "Feature", "geometry": {"type": "Point", "coordinates": [139.711803, 35.691277]}, "properties": {"id": "lf-336", "kind": "wifi", "name": "公衆電話（新宿区新宿1-33-13）No.1", "address": "東京都新宿区新宿1-33-13"}}, {"type": "Feature", "geometry": {"type": "Point", "coordinates": [139.71243, 35.690844]}, "properties": {"id": "lf-337", "kind": "wifi", "name": "公衆電話（新宿区新宿1-33-13）No.2", "address": "東京都新宿区新宿1-33-13"}}, {"type": "Feature", "geometry": {"type": "Point", "coordinates": [139.708681, 35.691237]}, "properties": {"id": "lf-338", "kind": "wifi", "name": "公衆電話（新宿区新宿2-17）", "address": "東京都新宿区新宿2-17"}}, {"type": "Feature", "geometry": {"type": "Point", "coordinates": [139.706307, 35.692159]}, "properties": {"id": "lf-339", "kind": "wifi", "name": "公衆電話（新宿区新宿3-12-7）", "address": "東京都新宿区新宿3-12-7"}}, {"type": "Feature", "geometry": {"type": "Point", "coordinates": [139.703086, 35.693004]}, "properties": {"id": "lf-340", "kind": "wifi", "name": "公衆電話（新宿区新宿3-20-6）", "address": "東京都新宿区新宿3-20-6"}}, {"type": "Feature", "geometry": {"type": "Point", "coordinates": [139.702489, 35.693183]}, "properties": {"id": "lf-341", "kind": "wifi", "name": "公衆電話（新宿区新宿3-21-6）", "address": "東京都新宿区新宿3-21-6"}}, {"type": "Feature", "geometry": {"type": "Point", "coordinates": [139.7011936, 35.693461]}, "properties": {"id": "lf-342", "kind": "wifi", "name": "公衆電話（新宿区新宿3-23-1）", "address": "東京都新宿区新宿3-23-1"}}, {"type": "Feature", "geometry": {"type": "Point", "coordinates": [139.700587, 35.693475]}, "properties": {"id": "lf-343", "kind": "wifi", "name": "公衆電話（新宿区新宿3-23-7）", "address": "東京都新宿区新宿3-23-7"}}, {"type": "Feature", "geometry": {"type": "Point", "coordinates": [139.701651, 35.691492]}, "properties": {"id": "lf-344", "kind": "wifi", "name": "公衆電話（新宿区新宿3-26-5）", "address": "東京都新宿区新宿3-26-5"}}, {"type": "Feature", "geometry": {"type": "Point", "coordinates": [139.701652, 35.691493]}, "properties": {"id": "lf-345", "kind": "wifi", "name": "公衆電話（新宿区新宿3-26-6）", "address": "東京都新宿区新宿3-26-6"}}, {"type": "Feature", "geometry": {"type": "Point", "coordinates": [139.70184, 35.690816]}, "properties": {"id": "lf-346", "kind": "wifi", "name": "公衆電話（新宿区新宿3-27-39）", "address": "東京都新宿区新宿3-27-39"}}, {"type": "Feature", "geometry": {"type": "Point", "coordinates": [139.7017461, 35.69089]}, "properties": {"id": "lf-347", "kind": "wifi", "name": "公衆電話（新宿区新宿3-27-4）", "address": "東京都新宿区新宿3-27-4"}}, {"type": "Feature", "geometry": {"type": "Point", "coordinates": [139.7039992, 35.690455]}, "properties": {"id": "lf-348", "kind": "wifi", "name": "公衆電話（新宿区新宿3-31-2）", "address": "東京都新宿区新宿3-31-2"}}, {"type": "Feature", "geometry": {"type": "Point", "coordinates": [139.7034574, 35.690668]}, "properties": {"id": "lf-349", "kind": "wifi", "name": "公衆電話（新宿区新宿3-31-6）", "address": "東京都新宿区新宿3-31-6"}}, {"type": "Feature", "geometry": {"type": "Point", "coordinates": [139.7026205, 35.690651]}, "properties": {"id": "lf-350", "kind": "wifi", "name": "公衆電話（新宿区新宿3-34-9）", "address": "東京都新宿区新宿3-34-9"}}, {"type": "Feature", "geometry": {"type": "Point", "coordinates": [139.706274, 35.69248]}, "properties": {"id": "lf-351", "kind": "wifi", "name": "公衆電話（新宿区新宿5-16-3）", "address": "東京都新宿区新宿5-16-3"}}, {"type": "Feature", "geometry": {"type": "Point", "coordinates": [139.70497, 35.692833]}, "properties": {"id": "lf-352", "kind": "wifi", "name": "公衆電話（新宿区新宿5-17-13）", "address": "東京都新宿区新宿5-17-13"}}, {"type": "Feature", "geometry": {"type": "Point", "coordinates": [139.71123, 35.691557]}, "properties": {"id": "lf-353", "kind": "wifi", "name": "公衆電話（新宿区新宿5-3-1）", "address": "東京都新宿区新宿5-3-1"}}, {"type": "Feature", "geometry": {"type": "Point", "coordinates": [139.710121, 35.693105]}, "properties": {"id": "lf-354", "kind": "wifi", "name": "公衆電話（新宿区新宿5-7-20）", "address": "東京都新宿区新宿5-7-20"}}, {"type": "Feature", "geometry": {"type": "Point", "coordinates": [139.707064, 35.695134]}, "properties": {"id": "lf-355", "kind": "wifi", "name": "公衆電話（新宿区新宿6-28-1）", "address": "東京都新宿区新宿6-28-1"}}, {"type": "Feature", "geometry": {"type": "Point", "coordinates": [139.695958, 35.687544]}, "properties": {"id": "lf-356", "kind": "wifi", "name": "公衆電話（新宿区西新宿1-20-2）", "address": "東京都新宿区西新宿1-20-2"}}, {"type": "Feature", "geometry": {"type": "Point", "coordinates": [139.6952873, 35.689509]}, "properties": {"id": "lf-357", "kind": "wifi", "name": "公衆電話（新宿区西新宿1-23）", "address": "東京都新宿区西新宿1-23"}}, {"type": "Feature", "geometry": {"type": "Point", "coordinates": [139.696022, 35.691253]}, "properties": {"id": "lf-358", "kind": "wifi", "name": "公衆電話（新宿区西新宿1-25-1）No.1", "address": "東京都新宿区西新宿1-25-1"}}, {"type": "Feature", "geometry": {"type": "Point", "coordinates": [139.69847, 35.692344]}, "properties": {"id": "lf-359", "kind": "wifi", "name": "公衆電話（新宿区西新宿1-5）No.1", "address": "東京都新宿区西新宿1-5"}}, {"type": "Feature", "geometry": {"type": "Point", "coordinates": [139.697804, 35.692832]}, "properties": {"id": "lf-360", "kind": "wifi", "name": "公衆電話（新宿区西新宿1-5）No.2", "address": "東京都新宿区西新宿1-5"}}, {"type": "Feature", "geometry": {"type": "Point", "coordinates": [139.694448, 35.691025]}, "properties": {"id": "lf-361", "kind": "wifi", "name": "公衆電話（新宿区西新宿2-1-1）", "address": "東京都新宿区西新宿2-1-1"}}, {"type": "Feature", "geometry": {"type": "Point", "coordinates": [139.693318, 35.690375]}, "properties": {"id": "lf-362", "kind": "wifi", "name": "公衆電話（新宿区西新宿2-2）", "address": "東京都新宿区西新宿2-2"}}, {"type": "Feature", "geometry": {"type": "Point", "coordinates": [139.693572, 35.69091]}, "properties": {"id": "lf-363", "kind": "wifi", "name": "公衆電話（新宿区西新宿2-6-1）", "address": "東京都新宿区西新宿2-6-1"}}, {"type": "Feature", "geometry": {"type": "Point", "coordinates": [139.689623, 35.685906]}, "properties": {"id": "lf-364", "kind": "wifi", "name": "公衆電話（新宿区西新宿3-7）", "address": "東京都新宿区西新宿3-7"}}, {"type": "Feature", "geometry": {"type": "Point", "coordinates": [139.689951, 35.684978]}, "properties": {"id": "lf-365", "kind": "wifi", "name": "公衆電話（新宿区西新宿3-9-2）", "address": "東京都新宿区西新宿3-9-2"}}, {"type": "Feature", "geometry": {"type": "Point", "coordinates": [139.690267, 35.695054]}, "properties": {"id": "lf-366", "kind": "wifi", "name": "公衆電話（新宿区西新宿6-11-1）", "address": "東京都新宿区西新宿6-11-1"}}, {"type": "Feature", "geometry": {"type": "Point", "coordinates": [139.6987098, 35.695042]}, "properties": {"id": "lf-367", "kind": "wifi", "name": "公衆電話（新宿区西新宿7-2-4）", "address": "東京都新宿区西新宿7-2-4"}}, {"type": "Feature", "geometry": {"type": "Point", "coordinates": [139.702919, 35.698304]}, "properties": {"id": "lf-368", "kind": "wifi", "name": "公衆電話（新宿区大久保1-12）", "address": "東京都新宿区大久保1-12"}}, {"type": "Feature", "geometry": {"type": "Point", "coordinates": [139.735754, 35.700953]}, "properties": {"id": "lf-369", "kind": "wifi", "name": "公衆電話（新宿区箪笥町3番地）", "address": "東京都新宿区箪笥町3番地"}}, {"type": "Feature", "geometry": {"type": "Point", "coordinates": [139.738082, 35.703788]}, "properties": {"id": "lf-370", "kind": "wifi", "name": "公衆電話（新宿区白銀町3）", "address": "東京都新宿区白銀町3"}}, {"type": "Feature", "geometry": {"type": "Point", "coordinates": [139.712851, 35.691369]}, "properties": {"id": "lf-371", "kind": "wifi", "name": "公衆電話（新宿区富久町16-10）", "address": "東京都新宿区富久町16-10"}}, {"type": "Feature", "geometry": {"type": "Point", "coordinates": [139.696575, 35.699249]}, "properties": {"id": "lf-372", "kind": "wifi", "name": "公衆電話（新宿区北新宿1-5-1）", "address": "東京都新宿区北新宿1-5-1"}}, {"type": "Feature", "geometry": {"type": "Point", "coordinates": [139.743978, 35.702319]}, "properties": {"id": "lf-373", "kind": "wifi", "name": "公衆電話（新宿区揚場町1-18）", "address": "東京都新宿区揚場町1-18"}}, {"type": "Feature", "geometry": {"type": "Point", "coordinates": [139.628656, 35.642806]}, "properties": {"id": "lf-374", "kind": "wifi", "name": "公衆電話（世田谷区桜丘3-9-23）", "address": "東京都世田谷区桜丘3-9-23"}}, {"type": "Feature", "geometry": {"type": "Point", "coordinates": [139.647375, 35.642762]}, "properties": {"id": "lf-375", "kind": "wifi", "name": "公衆電話（世田谷区世田谷1-22）", "address": "東京都世田谷区世田谷1-22"}}, {"type": "Feature", "geometry": {"type": "Point", "coordinates": [139.646027, 35.642211]}, "properties": {"id": "lf-376", "kind": "wifi", "name": "公衆電話（世田谷区世田谷1-25-12）", "address": "東京都世田谷区世田谷1-25-12"}}, {"type": "Feature", "geometry": {"type": "Point", "coordinates": [139.751856, 35.672637]}, "properties": {"id": "lf-377", "kind": "wifi", "name": "公衆電話（千代田区霞が関1-2-3）", "address": "東京都千代田区霞が関1-2-3"}}, {"type": "Feature", "geometry": {"type": "Point", "coordinates": [139.752149, 35.671039]}, "properties": {"id": "lf-378", "kind": "wifi", "name": "公衆電話（千代田区霞が関1-3-3）", "address": "東京都千代田区霞が関1-3-3"}}, {"type": "Feature", "geometry": {"type": "Point", "coordinates": [139.769846, 35.699704]}, "properties": {"id": "lf-379", "kind": "wifi", "name": "公衆電話（千代田区外神田1-7）", "address": "東京都千代田区外神田1-7"}}, {"type": "Feature", "geometry": {"type": "Point", "coordinates": [139.771811, 35.702506]}, "properties": {"id": "lf-380", "kind": "wifi", "name": "公衆電話（千代田区外神田4-7）", "address": "東京都千代田区外神田4-7"}}, {"type": "Feature", "geometry": {"type": "Point", "coordinates": [139.772354, 35.703014]}, "properties": {"id": "lf-381", "kind": "wifi", "name": "公衆電話（千代田区外神田5-1-14）", "address": "東京都千代田区外神田5-1-14"}}, {"type": "Feature", "geometry": {"type": "Point", "coordinates": [139.771801, 35.704435]}, "properties": {"id": "lf-382", "kind": "wifi", "name": "公衆電話（千代田区外神田6-15-10）", "address": "東京都千代田区外神田6-15-10"}}, {"type": "Feature", "geometry": {"type": "Point", "coordinates": [139.765431, 35.683649]}, "properties": {"id": "lf-383", "kind": "wifi", "name": "公衆電話（千代田区丸の内1-6）", "address": "東京都千代田区丸の内1-6"}}, {"type": "Feature", "geometry": {"type": "Point", "coordinates": [139.766848, 35.682831]}, "properties": {"id": "lf-384", "kind": "wifi", "name": "公衆電話（千代田区丸の内1-7-5）", "address": "東京都千代田区丸の内1-7-5"}}, {"type": "Feature", "geometry": {"type": "Point", "coordinates": [139.763609, 35.67783]}, "properties": {"id": "lf-385", "kind": "wifi", "name": "公衆電話（千代田区丸の内3-5）", "address": "東京都千代田区丸の内3-5"}}, {"type": "Feature", "geometry": {"type": "Point", "coordinates": [139.775276, 35.691797]}, "properties": {"id": "lf-386", "kind": "wifi", "name": "公衆電話（千代田区岩本町1-3-3）", "address": "東京都千代田区岩本町1-3-3"}}, {"type": "Feature", "geometry": {"type": "Point", "coordinates": [139.777574, 35.691992]}, "properties": {"id": "lf-387", "kind": "wifi", "name": "公衆電話（千代田区岩本町1-7-1）", "address": "東京都千代田区岩本町1-7-1"}}, {"type": "Feature", "geometry": {"type": "Point", "coordinates": [139.776527, 35.695666]}, "properties": {"id": "lf-388", "kind": "wifi", "name": "公衆電話（千代田区岩本町3-10-1）", "address": "東京都千代田区岩本町3-10-1"}}, {"type": "Feature", "geometry": {"type": "Point", "coordinates": [139.776509, 35.695395]}, "properties": {"id": "lf-389", "kind": "wifi", "name": "公衆電話（千代田区岩本町3-3-6）", "address": "東京都千代田区岩本町3-3-6"}}, {"type": "Feature", "geometry": {"type": "Point", "coordinates": [139.751819, 35.694647]}, "properties": {"id": "lf-390", "kind": "wifi", "name": "公衆電話（千代田区九段南1-5）", "address": "東京都千代田区九段南1-5"}}, {"type": "Feature", "geometry": {"type": "Point", "coordinates": [139.7461859, 35.6941322]}, "properties": {"id": "lf-391", "kind": "wifi", "name": "公衆電話（千代田区九段南2-9-21）", "address": "東京都千代田区九段南2-9-21"}}, {"type": "Feature", "geometry": {"type": "Point", "coordinates": [139.738566, 35.691707]}, "properties": {"id": "lf-392", "kind": "wifi", "name": "公衆電話（千代田区九段南4-7-15）", "address": "東京都千代田区九段南4-7-15"}}, {"type": "Feature", "geometry": {"type": "Point", "coordinates": [139.736155, 35.691027]}, "properties": {"id": "lf-393", "kind": "wifi", "name": "公衆電話（千代田区五番町1）", "address": "東京都千代田区五番町1"}}, {"type": "Feature", "geometry": {"type": "Point", "coordinates": [139.7356374, 35.6912908]}, "properties": {"id": "lf-394", "kind": "wifi", "name": "公衆電話（千代田区五番町2）", "address": "東京都千代田区五番町2"}}, {"type": "Feature", "geometry": {"type": "Point", "coordinates": [139.737571, 35.68438]}, "properties": {"id": "lf-395", "kind": "wifi", "name": "公衆電話（千代田区麹町3-4）", "address": "東京都千代田区麹町3-4"}}, {"type": "Feature", "geometry": {"type": "Point", "coordinates": [139.752864, 35.700695]}, "properties": {"id": "lf-396", "kind": "wifi", "name": "公衆電話（千代田区三崎町2-15-6）", "address": "東京都千代田区三崎町2-15-6"}}, {"type": "Feature", "geometry": {"type": "Point", "coordinates": [139.752229, 35.701449]}, "properties": {"id": "lf-397", "kind": "wifi", "name": "公衆電話（千代田区三崎町3-7-1）", "address": "東京都千代田区三崎町3-7-1"}}, {"type": "Feature", "geometry": {"type": "Point", "coordinates": [139.75192, 35.702024]}, "properties": {"id": "lf-398", "kind": "wifi", "name": "公衆電話（千代田区三崎町3-8）", "address": "東京都千代田区三崎町3-8"}}, {"type": "Feature", "geometry": {"type": "Point", "coordinates": [139.76481, 35.692615]}, "properties": {"id": "lf-399", "kind": "wifi", "name": "公衆電話（千代田区神田錦町1-2）", "address": "東京都千代田区神田錦町1-2"}}, {"type": "Feature", "geometry": {"type": "Point", "coordinates": [139.764111, 35.69035]}, "properties": {"id": "lf-400", "kind": "wifi", "name": "公衆電話（千代田区神田錦町1-27-3）", "address": "東京都千代田区神田錦町1-27-3"}}, {"type": "Feature", "geometry": {"type": "Point", "coordinates": [139.776154, 35.698731]}, "properties": {"id": "lf-401", "kind": "wifi", "name": "公衆電話（千代田区神田佐久間町2-20）", "address": "東京都千代田区神田佐久間町2-20"}}, {"type": "Feature", "geometry": {"type": "Point", "coordinates": [139.768912, 35.692662]}, "properties": {"id": "lf-402", "kind": "wifi", "name": "公衆電話（千代田区神田司町2-16）", "address": "東京都千代田区神田司町2-16"}}, {"type": "Feature", "geometry": {"type": "Point", "coordinates": [139.761582, 35.700322]}, "properties": {"id": "lf-403", "kind": "wifi", "name": "公衆電話（千代田区神田駿河台2-5）", "address": "東京都千代田区神田駿河台2-5"}}, {"type": "Feature", "geometry": {"type": "Point", "coordinates": [139.767072, 35.695087]}, "properties": {"id": "lf-404", "kind": "wifi", "name": "公衆電話（千代田区神田小川町1-1）", "address": "東京都千代田区神田小川町1-1"}}, {"type": "Feature", "geometry": {"type": "Point", "coordinates": [139.773441, 35.695773]}, "properties": {"id": "lf-405", "kind": "wifi", "name": "公衆電話（千代田区神田須田町2-7）", "address": "東京都千代田区神田須田町2-7"}}, {"type": "Feature", "geometry": {"type": "Point", "coordinates": [139.774265, 35.695476]}, "properties": {"id": "lf-406", "kind": "wifi", "name": "公衆電話（千代田区神田須田町2-8）", "address": "東京都千代田区神田須田町2-8"}}, {"type": "Feature", "geometry": {"type": "Point", "coordinates": [139.772234, 35.69089]}, "properties": {"id": "lf-407", "kind": "wifi", "name": "公衆電話（千代田区神田鍛冶町1-8）", "address": "東京都千代田区神田鍛冶町1-8"}}, {"type": "Feature", "geometry": {"type": "Point", "coordinates": [139.775713, 35.698017]}, "properties": {"id": "lf-408", "kind": "wifi", "name": "公衆電話（千代田区神田平河町2）", "address": "東京都千代田区神田平河町2"}}, {"type": "Feature", "geometry": {"type": "Point", "coordinates": [139.775728, 35.699302]}, "properties": {"id": "lf-409", "kind": "wifi", "name": "公衆電話（千代田区神田和泉町1-3）", "address": "東京都千代田区神田和泉町1-3"}}, {"type": "Feature", "geometry": {"type": "Point", "coordinates": [139.771721, 35.691353]}, "properties": {"id": "lf-410", "kind": "wifi", "name": "公衆電話（千代田区鍛冶町2-2-2）", "address": "東京都千代田区鍛冶町2-2-2"}}, {"type": "Feature", "geometry": {"type": "Point", "coordinates": [139.771774, 35.691881]}, "properties": {"id": "lf-411", "kind": "wifi", "name": "公衆電話（千代田区鍛冶町2-6-2）", "address": "東京都千代田区鍛冶町2-6-2"}}, {"type": "Feature", "geometry": {"type": "Point", "coordinates": [139.764965, 35.689981]}, "properties": {"id": "lf-412", "kind": "wifi", "name": "公衆電話（千代田区内神田1-2-1）", "address": "東京都千代田区内神田1-2-1"}}, {"type": "Feature", "geometry": {"type": "Point", "coordinates": [139.766556, 35.689735]}, "properties": {"id": "lf-413", "kind": "wifi", "name": "公衆電話（千代田区内神田1-6）", "address": "東京都千代田区内神田1-6"}}, {"type": "Feature", "geometry": {"type": "Point", "coordinates": [139.765093, 35.689761]}, "properties": {"id": "lf-414", "kind": "wifi", "name": "公衆電話（千代田区内神田1丁目1）", "address": "東京都千代田区内神田1丁目1"}}, {"type": "Feature", "geometry": {"type": "Point", "coordinates": [139.768104, 35.689303]}, "properties": {"id": "lf-415", "kind": "wifi", "name": "公衆電話（千代田区内神田2-1）", "address": "東京都千代田区内神田2-1"}}, {"type": "Feature", "geometry": {"type": "Point", "coordinates": [139.768649, 35.68949]}, "properties": {"id": "lf-416", "kind": "wifi", "name": "公衆電話（千代田区内神田2-3）", "address": "東京都千代田区内神田2-3"}}, {"type": "Feature", "geometry": {"type": "Point", "coordinates": [139.769475, 35.689891]}, "properties": {"id": "lf-417", "kind": "wifi", "name": "公衆電話（千代田区内神田3-3）", "address": "東京都千代田区内神田3-3"}}, {"type": "Feature", "geometry": {"type": "Point", "coordinates": [139.755073, 35.671342]}, "properties": {"id": "lf-418", "kind": "wifi", "name": "公衆電話（千代田区日比谷公園1-3）No.1", "address": "東京都千代田区日比谷公園1-3"}}, {"type": "Feature", "geometry": {"type": "Point", "coordinates": [139.755058, 35.675173]}, "properties": {"id": "lf-419", "kind": "wifi", "name": "公衆電話（千代田区日比谷公園1-3）No.2", "address": "東京都千代田区日比谷公園1-3"}}, {"type": "Feature", "geometry": {"type": "Point", "coordinates": [139.75411, 35.673587]}, "properties": {"id": "lf-420", "kind": "wifi", "name": "公衆電話（千代田区日比谷公園1-5）", "address": "東京都千代田区日比谷公園1-5"}}, {"type": "Feature", "geometry": {"type": "Point", "coordinates": [139.747261, 35.701059]}, "properties": {"id": "lf-421", "kind": "wifi", "name": "公衆電話（千代田区飯田橋3-5-1）", "address": "東京都千代田区飯田橋3-5-1"}}, {"type": "Feature", "geometry": {"type": "Point", "coordinates": [139.744265, 35.702157]}, "properties": {"id": "lf-422", "kind": "wifi", "name": "公衆電話（千代田区飯田橋4-10-1）", "address": "東京都千代田区飯田橋4-10-1"}}, {"type": "Feature", "geometry": {"type": "Point", "coordinates": [139.746308, 35.701377]}, "properties": {"id": "lf-423", "kind": "wifi", "name": "公衆電話（千代田区飯田橋4-8）", "address": "東京都千代田区飯田橋4-8"}}, {"type": "Feature", "geometry": {"type": "Point", "coordinates": [139.761086, 35.674029]}, "properties": {"id": "lf-424", "kind": "wifi", "name": "公衆電話（千代田区有楽町1-7）", "address": "東京都千代田区有楽町1-7"}}, {"type": "Feature", "geometry": {"type": "Point", "coordinates": [139.805586, 35.749435]}, "properties": {"id": "lf-425", "kind": "wifi", "name": "公衆電話（足立区千住旭町42-2）", "address": "東京都足立区千住旭町42-2"}}, {"type": "Feature", "geometry": {"type": "Point", "coordinates": [139.799609, 35.750866]}, "properties": {"id": "lf-426", "kind": "wifi", "name": "公衆電話（足立区千住中居町18-11）", "address": "東京都足立区千住中居町18-11"}}, {"type": "Feature", "geometry": {"type": "Point", "coordinates": [139.798979, 35.750957]}, "properties": {"id": "lf-427", "kind": "wifi", "name": "公衆電話（足立区千住中居町28-1）", "address": "東京都足立区千住中居町28-1"}}, {"type": "Feature", "geometry": {"type": "Point", "coordinates": [139.805088, 35.744581]}, "properties": {"id": "lf-428", "kind": "wifi", "name": "公衆電話（足立区千住東1-18-12）", "address": "東京都足立区千住東1-18-12"}}, {"type": "Feature", "geometry": {"type": "Point", "coordinates": [139.780746, 35.718565]}, "properties": {"id": "lf-429", "kind": "wifi", "name": "公衆電話（台東区下谷1-5-9）", "address": "東京都台東区下谷1-5-9"}}, {"type": "Feature", "geometry": {"type": "Point", "coordinates": [139.783277, 35.721688]}, "properties": {"id": "lf-430", "kind": "wifi", "name": "公衆電話（台東区下谷2-11-12）", "address": "東京都台東区下谷2-11-12"}}, {"type": "Feature", "geometry": {"type": "Point", "coordinates": [139.783975, 35.720176]}, "properties": {"id": "lf-431", "kind": "wifi", "name": "公衆電話（台東区下谷2丁目1-10）", "address": "東京都台東区下谷2丁目1-10"}}, {"type": "Feature", "geometry": {"type": "Point", "coordinates": [139.799313, 35.714011]}, "properties": {"id": "lf-432", "kind": "wifi", "name": "公衆電話（台東区花川戸1-14-15）", "address": "東京都台東区花川戸1-14-15"}}, {"type": "Feature", "geometry": {"type": "Point", "coordinates": [139.793474, 35.705495]}, "properties": {"id": "lf-433", "kind": "wifi", "name": "公衆電話（台東区駒形1-1-12）", "address": "東京都台東区駒形1-1-12"}}, {"type": "Feature", "geometry": {"type": "Point", "coordinates": [139.795602, 35.708764]}, "properties": {"id": "lf-434", "kind": "wifi", "name": "公衆電話（台東区駒形1-12-13）", "address": "東京都台東区駒形1-12-13"}}, {"type": "Feature", "geometry": {"type": "Point", "coordinates": [139.794973, 35.707273]}, "properties": {"id": "lf-435", "kind": "wifi", "name": "公衆電話（台東区駒形1-4-13）", "address": "東京都台東区駒形1-4-13"}}, {"type": "Feature", "geometry": {"type": "Point", "coordinates": [139.796386, 35.708642]}, "properties": {"id": "lf-436", "kind": "wifi", "name": "公衆電話（台東区駒形2-7-8）", "address": "東京都台東区駒形2-7-8"}}, {"type": "Feature", "geometry": {"type": "Point", "coordinates": [139.78472, 35.710866]}, "properties": {"id": "lf-437", "kind": "wifi", "name": "公衆電話（台東区元浅草2-10-14）", "address": "東京都台東区元浅草2-10-14"}}, {"type": "Feature", "geometry": {"type": "Point", "coordinates": [139.783234, 35.711131]}, "properties": {"id": "lf-438", "kind": "wifi", "name": "公衆電話（台東区元浅草2-11-5）", "address": "東京都台東区元浅草2-11-5"}}, {"type": "Feature", "geometry": {"type": "Point", "coordinates": [139.802002, 35.720749]}, "properties": {"id": "lf-439", "kind": "wifi", "name": "公衆電話（台東区今戸1-11-13）No.1", "address": "東京都台東区今戸1-11-13"}}, {"type": "Feature", "geometry": {"type": "Point", "coordinates": [139.802002, 35.720749]}, "properties": {"id": "lf-440", "kind": "wifi", "name": "公衆電話（台東区今戸1-11-13）No.2", "address": "東京都台東区今戸1-11-13"}}, {"type": "Feature", "geometry": {"type": "Point", "coordinates": [139.804031, 35.719065]}, "properties": {"id": "lf-441", "kind": "wifi", "name": "公衆電話（台東区今戸1-5-22）", "address": "東京都台東区今戸1-5-22"}}, {"type": "Feature", "geometry": {"type": "Point", "coordinates": [139.777085, 35.725162]}, "properties": {"id": "lf-442", "kind": "wifi", "name": "公衆電話（台東区根岸2-18-12）", "address": "東京都台東区根岸2-18-12"}}, {"type": "Feature", "geometry": {"type": "Point", "coordinates": [139.780696, 35.721452]}, "properties": {"id": "lf-443", "kind": "wifi", "name": "公衆電話（台東区根岸3-4-15）", "address": "東京都台東区根岸3-4-15"}}, {"type": "Feature", "geometry": {"type": "Point", "coordinates": [139.791264, 35.729298]}, "properties": {"id": "lf-444", "kind": "wifi", "name": "公衆電話（台東区三の輪1-28-8）", "address": "東京都台東区三の輪1-28-8"}}, {"type": "Feature", "geometry": {"type": "Point", "coordinates": [139.788515, 35.710117]}, "properties": {"id": "lf-445", "kind": "wifi", "name": "公衆電話（台東区寿2-7-11）", "address": "東京都台東区寿2-7-11"}}, {"type": "Feature", "geometry": {"type": "Point", "coordinates": [139.793979, 35.709021]}, "properties": {"id": "lf-446", "kind": "wifi", "name": "公衆電話（台東区寿4-13-11）", "address": "東京都台東区寿4-13-11"}}, {"type": "Feature", "geometry": {"type": "Point", "coordinates": [139.791498, 35.709392]}, "properties": {"id": "lf-447", "kind": "wifi", "name": "公衆電話（台東区寿4-16-5）", "address": "東京都台東区寿4-16-5"}}, {"type": "Feature", "geometry": {"type": "Point", "coordinates": [139.784922, 35.706534]}, "properties": {"id": "lf-448", "kind": "wifi", "name": "公衆電話（台東区小島2-18-19）", "address": "東京都台東区小島2-18-19"}}, {"type": "Feature", "geometry": {"type": "Point", "coordinates": [139.786465, 35.71078]}, "properties": {"id": "lf-449", "kind": "wifi", "name": "公衆電話（台東区松ｹ谷1-3-3）", "address": "東京都台東区松ｹ谷1-3-3"}}, {"type": "Feature", "geometry": {"type": "Point", "coordinates": [139.772619, 35.707036]}, "properties": {"id": "lf-450", "kind": "wifi", "name": "公衆電話（台東区上野1-19-10）", "address": "東京都台東区上野1-19-10"}}, {"type": "Feature", "geometry": {"type": "Point", "coordinates": [139.772891, 35.706886]}, "properties": {"id": "lf-451", "kind": "wifi", "name": "公衆電話（台東区上野3-24-6）", "address": "東京都台東区上野3-24-6"}}, {"type": "Feature", "geometry": {"type": "Point", "coordinates": [139.77562, 35.702837]}, "properties": {"id": "lf-452", "kind": "wifi", "name": "公衆電話（台東区上野5-1-9）", "address": "東京都台東区上野5-1-9"}}, {"type": "Feature", "geometry": {"type": "Point", "coordinates": [139.774828, 35.702814]}, "properties": {"id": "lf-453", "kind": "wifi", "name": "公衆電話（台東区上野5-2-2）", "address": "東京都台東区上野5-2-2"}}, {"type": "Feature", "geometry": {"type": "Point", "coordinates": [139.7761238, 35.707911]}, "properties": {"id": "lf-454", "kind": "wifi", "name": "公衆電話（台東区上野6-1-13）", "address": "東京都台東区上野6-1-13"}}, {"type": "Feature", "geometry": {"type": "Point", "coordinates": [139.776394, 35.711036]}, "properties": {"id": "lf-455", "kind": "wifi", "name": "公衆電話（台東区上野6-16-18）", "address": "東京都台東区上野6-16-18"}}, {"type": "Feature", "geometry": {"type": "Point", "coordinates": [139.7763813, 35.710498]}, "properties": {"id": "lf-456", "kind": "wifi", "name": "公衆電話（台東区上野6-16-20）", "address": "東京都台東区上野6-16-20"}}, {"type": "Feature", "geometry": {"type": "Point", "coordinates": [139.7756088, 35.708974]}, "properties": {"id": "lf-457", "kind": "wifi", "name": "公衆電話（台東区上野6-8-1）", "address": "東京都台東区上野6-8-1"}}, {"type": "Feature", "geometry": {"type": "Point", "coordinates": [139.780389, 35.715691]}, "properties": {"id": "lf-458", "kind": "wifi", "name": "公衆電話（台東区上野7-12-13）", "address": "東京都台東区上野7-12-13"}}, {"type": "Feature", "geometry": {"type": "Point", "coordinates": [139.7772932, 35.712606]}, "properties": {"id": "lf-459", "kind": "wifi", "name": "公衆電話（台東区上野7-2-2）", "address": "東京都台東区上野7-2-2"}}, {"type": "Feature", "geometry": {"type": "Point", "coordinates": [139.7781086, 35.712493]}, "properties": {"id": "lf-460", "kind": "wifi", "name": "公衆電話（台東区上野7-3-9）", "address": "東京都台東区上野7-3-9"}}, {"type": "Feature", "geometry": {"type": "Point", "coordinates": [139.77413, 35.711384]}, "properties": {"id": "lf-461", "kind": "wifi", "name": "公衆電話（台東区上野公園1-57）", "address": "東京都台東区上野公園1-57"}}, {"type": "Feature", "geometry": {"type": "Point", "coordinates": [139.77382, 35.722361]}, "properties": {"id": "lf-462", "kind": "wifi", "name": "公衆電話（台東区上野桜木2-6-20）", "address": "東京都台東区上野桜木2-6-20"}}, {"type": "Feature", "geometry": {"type": "Point", "coordinates": [139.789849, 35.711968]}, "properties": {"id": "lf-463", "kind": "wifi", "name": "公衆電話（台東区西浅草1-5-17）", "address": "東京都台東区西浅草1-5-17"}}, {"type": "Feature", "geometry": {"type": "Point", "coordinates": [139.792408, 35.715134]}, "properties": {"id": "lf-464", "kind": "wifi", "name": "公衆電話（台東区西浅草3-17-18）", "address": "東京都台東区西浅草3-17-18"}}, {"type": "Feature", "geometry": {"type": "Point", "coordinates": [139.791613, 35.72033]}, "properties": {"id": "lf-465", "kind": "wifi", "name": "公衆電話（台東区千束1-19-13）", "address": "東京都台東区千束1-19-13"}}, {"type": "Feature", "geometry": {"type": "Point", "coordinates": [139.792566, 35.717856]}, "properties": {"id": "lf-466", "kind": "wifi", "name": "公衆電話（台東区千束1-2-12）", "address": "東京都台東区千束1-2-12"}}, {"type": "Feature", "geometry": {"type": "Point", "coordinates": [139.797173, 35.710898]}, "properties": {"id": "lf-467", "kind": "wifi", "name": "公衆電話（台東区浅草1-1-3）", "address": "東京都台東区浅草1-1-3"}}, {"type": "Feature", "geometry": {"type": "Point", "coordinates": [139.795237, 35.711141]}, "properties": {"id": "lf-468", "kind": "wifi", "name": "公衆電話（台東区浅草1-4-2）", "address": "東京都台東区浅草1-4-2"}}, {"type": "Feature", "geometry": {"type": "Point", "coordinates": [139.792696, 35.714856]}, "properties": {"id": "lf-469", "kind": "wifi", "name": "公衆電話（台東区浅草2-12-4）", "address": "東京都台東区浅草2-12-4"}}, {"type": "Feature", "geometry": {"type": "Point", "coordinates": [139.792837, 35.718432]}, "properties": {"id": "lf-470", "kind": "wifi", "name": "公衆電話（台東区浅草3-42-5）", "address": "東京都台東区浅草3-42-5"}}, {"type": "Feature", "geometry": {"type": "Point", "coordinates": [139.792638, 35.719105]}, "properties": {"id": "lf-471", "kind": "wifi", "name": "公衆電話（台東区浅草4-27-3）", "address": "東京都台東区浅草4-27-3"}}, {"type": "Feature", "geometry": {"type": "Point", "coordinates": [139.793513, 35.720212]}, "properties": {"id": "lf-472", "kind": "wifi", "name": "公衆電話（台東区浅草5-11-4）", "address": "東京都台東区浅草5-11-4"}}, {"type": "Feature", "geometry": {"type": "Point", "coordinates": [139.801697, 35.715636]}, "properties": {"id": "lf-473", "kind": "wifi", "name": "公衆電話（台東区浅草6-1-16）", "address": "東京都台東区浅草6-1-16"}}, {"type": "Feature", "geometry": {"type": "Point", "coordinates": [139.801725, 35.717041]}, "properties": {"id": "lf-474", "kind": "wifi", "name": "公衆電話（台東区浅草6-22-1）", "address": "東京都台東区浅草6-22-1"}}, {"type": "Feature", "geometry": {"type": "Point", "coordinates": [139.780683, 35.700325]}, "properties": {"id": "lf-475", "kind": "wifi", "name": "公衆電話（台東区浅草橋5-10-4）", "address": "東京都台東区浅草橋5-10-4"}}, {"type": "Feature", "geometry": {"type": "Point", "coordinates": [139.791893, 35.703873]}, "properties": {"id": "lf-476", "kind": "wifi", "name": "公衆電話（台東区蔵前2-6-7）", "address": "東京都台東区蔵前2-6-7"}}, {"type": "Feature", "geometry": {"type": "Point", "coordinates": [139.792926, 35.705022]}, "properties": {"id": "lf-477", "kind": "wifi", "name": "公衆電話（台東区蔵前3-21-9）", "address": "東京都台東区蔵前3-21-9"}}, {"type": "Feature", "geometry": {"type": "Point", "coordinates": [139.789862, 35.703104]}, "properties": {"id": "lf-478", "kind": "wifi", "name": "公衆電話（台東区蔵前4-13-7）", "address": "東京都台東区蔵前4-13-7"}}, {"type": "Feature", "geometry": {"type": "Point", "coordinates": [139.790574, 35.705853]}, "properties": {"id": "lf-479", "kind": "wifi", "name": "公衆電話（台東区蔵前4-31-10）", "address": "東京都台東区蔵前4-31-10"}}, {"type": "Feature", "geometry": {"type": "Point", "coordinates": [139.780752, 35.701684]}, "properties": {"id": "lf-480", "kind": "wifi", "name": "公衆電話（台東区台東1-18-8）", "address": "東京都台東区台東1-18-8"}}, {"type": "Feature", "geometry": {"type": "Point", "coordinates": [139.77819, 35.702355]}, "properties": {"id": "lf-481", "kind": "wifi", "name": "公衆電話（台東区台東1-33-8）", "address": "東京都台東区台東1-33-8"}}, {"type": "Feature", "geometry": {"type": "Point", "coordinates": [139.778397, 35.700419]}, "properties": {"id": "lf-482", "kind": "wifi", "name": "公衆電話（台東区台東1-5-4）", "address": "東京都台東区台東1-5-4"}}, {"type": "Feature", "geometry": {"type": "Point", "coordinates": [139.781144, 35.70356]}, "properties": {"id": "lf-483", "kind": "wifi", "name": "公衆電話（台東区台東2-19-9）", "address": "東京都台東区台東2-19-9"}}, {"type": "Feature", "geometry": {"type": "Point", "coordinates": [139.776312, 35.70578]}, "properties": {"id": "lf-484", "kind": "wifi", "name": "公衆電話（台東区台東3-42-5）", "address": "東京都台東区台東3-42-5"}}, {"type": "Feature", "geometry": {"type": "Point", "coordinates": [139.776447, 35.707229]}, "properties": {"id": "lf-485", "kind": "wifi", "name": "公衆電話（台東区台東4-33-1）", "address": "東京都台東区台東4-33-1"}}, {"type": "Feature", "geometry": {"type": "Point", "coordinates": [139.769916, 35.728013]}, "properties": {"id": "lf-486", "kind": "wifi", "name": "公衆電話（台東区谷中7-21）", "address": "東京都台東区谷中7-21"}}, {"type": "Feature", "geometry": {"type": "Point", "coordinates": [139.781111, 35.702399]}, "properties": {"id": "lf-487", "kind": "wifi", "name": "公衆電話（台東区鳥越1-8-2）", "address": "東京都台東区鳥越1-8-2"}}, {"type": "Feature", "geometry": {"type": "Point", "coordinates": [139.7787738, 35.711892]}, "properties": {"id": "lf-488", "kind": "wifi", "name": "公衆電話（台東区東上野3-39）", "address": "東京都台東区東上野3-39"}}, {"type": "Feature", "geometry": {"type": "Point", "coordinates": [139.779796, 35.714258]}, "properties": {"id": "lf-489", "kind": "wifi", "name": "公衆電話（台東区東上野4-10-6）", "address": "東京都台東区東上野4-10-6"}}, {"type": "Feature", "geometry": {"type": "Point", "coordinates": [139.7804582, 35.711822]}, "properties": {"id": "lf-490", "kind": "wifi", "name": "公衆電話（台東区東上野4-1-2）", "address": "東京都台東区東上野4-1-2"}}, {"type": "Feature", "geometry": {"type": "Point", "coordinates": [139.785118, 35.712775]}, "properties": {"id": "lf-491", "kind": "wifi", "name": "公衆電話（台東区東上野6-13-13）", "address": "東京都台東区東上野6-13-13"}}, {"type": "Feature", "geometry": {"type": "Point", "coordinates": [139.783344, 35.711287]}, "properties": {"id": "lf-492", "kind": "wifi", "name": "公衆電話（台東区東上野6-2-4）", "address": "東京都台東区東上野6-2-4"}}, {"type": "Feature", "geometry": {"type": "Point", "coordinates": [139.786129, 35.720062]}, "properties": {"id": "lf-493", "kind": "wifi", "name": "公衆電話（台東区入谷1-14-5）", "address": "東京都台東区入谷1-14-5"}}, {"type": "Feature", "geometry": {"type": "Point", "coordinates": [139.782839, 35.71579]}, "properties": {"id": "lf-494", "kind": "wifi", "name": "公衆電話（台東区北上野1-1-14）", "address": "東京都台東区北上野1-1-14"}}, {"type": "Feature", "geometry": {"type": "Point", "coordinates": [139.794862, 35.71098]}, "properties": {"id": "lf-495", "kind": "wifi", "name": "公衆電話（台東区雷門2-16-9）", "address": "東京都台東区雷門2-16-9"}}, {"type": "Feature", "geometry": {"type": "Point", "coordinates": [139.796113, 35.710457]}, "properties": {"id": "lf-496", "kind": "wifi", "name": "公衆電話（台東区雷門2-17-12）", "address": "東京都台東区雷門2-17-12"}}, {"type": "Feature", "geometry": {"type": "Point", "coordinates": [139.79631, 35.709967]}, "properties": {"id": "lf-497", "kind": "wifi", "name": "公衆電話（台東区雷門2-18-3）", "address": "東京都台東区雷門2-18-3"}}, {"type": "Feature", "geometry": {"type": "Point", "coordinates": [139.797077, 35.709984]}, "properties": {"id": "lf-498", "kind": "wifi", "name": "公衆電話（台東区雷門2-19-17）", "address": "東京都台東区雷門2-19-17"}}, {"type": "Feature", "geometry": {"type": "Point", "coordinates": [139.790552, 35.728383]}, "properties": {"id": "lf-499", "kind": "wifi", "name": "公衆電話（台東区竜泉2-20-13）", "address": "東京都台東区竜泉2-20-13"}}, {"type": "Feature", "geometry": {"type": "Point", "coordinates": [139.722244, 35.562852]}, "properties": {"id": "lf-500", "kind": "wifi", "name": "公衆電話（大田区蒲田3-17-16）", "address": "東京都大田区蒲田3-17-16"}}, {"type": "Feature", "geometry": {"type": "Point", "coordinates": [139.721005, 35.562059]}, "properties": {"id": "lf-501", "kind": "wifi", "name": "公衆電話（大田区蒲田5-27-5）", "address": "東京都大田区蒲田5-27-5"}}, {"type": "Feature", "geometry": {"type": "Point", "coordinates": [139.720538, 35.561505]}, "properties": {"id": "lf-502", "kind": "wifi", "name": "公衆電話（大田区蒲田5-28-9）", "address": "東京都大田区蒲田5-28-9"}}, {"type": "Feature", "geometry": {"type": "Point", "coordinates": [139.719411, 35.560954]}, "properties": {"id": "lf-503", "kind": "wifi", "name": "公衆電話（大田区蒲田5-31-5）", "address": "東京都大田区蒲田5-31-5"}}, {"type": "Feature", "geometry": {"type": "Point", "coordinates": [139.719064, 35.560613]}, "properties": {"id": "lf-504", "kind": "wifi", "name": "公衆電話（大田区蒲田5-32-2）", "address": "東京都大田区蒲田5-32-2"}}, {"type": "Feature", "geometry": {"type": "Point", "coordinates": [139.716756, 35.559313]}, "properties": {"id": "lf-505", "kind": "wifi", "name": "公衆電話（大田区蒲田5-48-9）", "address": "東京都大田区蒲田5-48-9"}}, {"type": "Feature", "geometry": {"type": "Point", "coordinates": [139.717126, 35.558932]}, "properties": {"id": "lf-506", "kind": "wifi", "name": "公衆電話（大田区蒲田本町1-2-5）", "address": "東京都大田区蒲田本町1-2-5"}}, {"type": "Feature", "geometry": {"type": "Point", "coordinates": [139.715483, 35.562786]}, "properties": {"id": "lf-507", "kind": "wifi", "name": "公衆電話（大田区西蒲田7-68-1）No.1", "address": "東京都大田区西蒲田7-68-1"}}, {"type": "Feature", "geometry": {"type": "Point", "coordinates": [139.715483, 35.562786]}, "properties": {"id": "lf-508", "kind": "wifi", "name": "公衆電話（大田区西蒲田7-68-1）No.2", "address": "東京都大田区西蒲田7-68-1"}}, {"type": "Feature", "geometry": {"type": "Point", "coordinates": [139.715111, 35.562519]}, "properties": {"id": "lf-509", "kind": "wifi", "name": "公衆電話（大田区西蒲田7-68-1）No.4", "address": "東京都大田区西蒲田7-68-1"}}, {"type": "Feature", "geometry": {"type": "Point", "coordinates": [139.773321, 35.678164]}, "properties": {"id": "lf-510", "kind": "wifi", "name": "公衆電話（中央区京橋1-11-2）", "address": "東京都中央区京橋1-11-2"}}, {"type": "Feature", "geometry": {"type": "Point", "coordinates": [139.77005, 35.67647]}, "properties": {"id": "lf-511", "kind": "wifi", "name": "公衆電話（中央区京橋2-5-21）", "address": "東京都中央区京橋2-5-21"}}, {"type": "Feature", "geometry": {"type": "Point", "coordinates": [139.772358, 35.677079]}, "properties": {"id": "lf-512", "kind": "wifi", "name": "公衆電話（中央区京橋2-9-2）", "address": "東京都中央区京橋2-9-2"}}, {"type": "Feature", "geometry": {"type": "Point", "coordinates": [139.770154, 35.675896]}, "properties": {"id": "lf-513", "kind": "wifi", "name": "公衆電話（中央区京橋3-7-1）", "address": "東京都中央区京橋3-7-1"}}, {"type": "Feature", "geometry": {"type": "Point", "coordinates": [139.771409, 35.675383]}, "properties": {"id": "lf-514", "kind": "wifi", "name": "公衆電話（中央区京橋3-8-1）", "address": "東京都中央区京橋3-8-1"}}, {"type": "Feature", "geometry": {"type": "Point", "coordinates": [139.770735, 35.673378]}, "properties": {"id": "lf-515", "kind": "wifi", "name": "公衆電話（中央区銀座1-19-13）", "address": "東京都中央区銀座1-19-13"}}, {"type": "Feature", "geometry": {"type": "Point", "coordinates": [139.767149, 35.674339]}, "properties": {"id": "lf-516", "kind": "wifi", "name": "公衆電話（中央区銀座1-6-11）", "address": "東京都中央区銀座1-6-11"}}, {"type": "Feature", "geometry": {"type": "Point", "coordinates": [139.768451, 35.674592]}, "properties": {"id": "lf-517", "kind": "wifi", "name": "公衆電話（中央区銀座1丁目7-3）", "address": "東京都中央区銀座1丁目7-3"}}, {"type": "Feature", "geometry": {"type": "Point", "coordinates": [139.768147, 35.672129]}, "properties": {"id": "lf-518", "kind": "wifi", "name": "公衆電話（中央区銀座2-10-11）", "address": "東京都中央区銀座2-10-11"}}, {"type": "Feature", "geometry": {"type": "Point", "coordinates": [139.7658132, 35.673801]}, "properties": {"id": "lf-519", "kind": "wifi", "name": "公衆電話（中央区銀座2-4-12）", "address": "東京都中央区銀座2-4-12"}}, {"type": "Feature", "geometry": {"type": "Point", "coordinates": [139.767782, 35.673692]}, "properties": {"id": "lf-520", "kind": "wifi", "name": "公衆電話（中央区銀座2丁目7-18）", "address": "東京都中央区銀座2丁目7-18"}}, {"type": "Feature", "geometry": {"type": "Point", "coordinates": [139.768598, 35.671586]}, "properties": {"id": "lf-521", "kind": "wifi", "name": "公衆電話（中央区銀座3-10-3）", "address": "東京都中央区銀座3-10-3"}}, {"type": "Feature", "geometry": {"type": "Point", "coordinates": [139.768483, 35.670857]}, "properties": {"id": "lf-522", "kind": "wifi", "name": "公衆電話（中央区銀座3-11-16）", "address": "東京都中央区銀座3-11-16"}}, {"type": "Feature", "geometry": {"type": "Point", "coordinates": [139.769315, 35.669672]}, "properties": {"id": "lf-523", "kind": "wifi", "name": "公衆電話（中央区銀座3-15-10）", "address": "東京都中央区銀座3-15-10"}}, {"type": "Feature", "geometry": {"type": "Point", "coordinates": [139.770416, 35.670343]}, "properties": {"id": "lf-524", "kind": "wifi", "name": "公衆電話（中央区銀座3-15-3）", "address": "東京都中央区銀座3-15-3"}}, {"type": "Feature", "geometry": {"type": "Point", "coordinates": [139.765416, 35.673896]}, "properties": {"id": "lf-525", "kind": "wifi", "name": "公衆電話（中央区銀座3-2-1）", "address": "東京都中央区銀座3-2-1"}}, {"type": "Feature", "geometry": {"type": "Point", "coordinates": [139.76555, 35.673543]}, "properties": {"id": "lf-526", "kind": "wifi", "name": "公衆電話（中央区銀座3-3-1）", "address": "東京都中央区銀座3-3-1"}}, {"type": "Feature", "geometry": {"type": "Point", "coordinates": [139.76367, 35.673065]}, "properties": {"id": "lf-527", "kind": "wifi", "name": "公衆電話（中央区銀座4-1）", "address": "東京都中央区銀座4-1"}}, {"type": "Feature", "geometry": {"type": "Point", "coordinates": [139.768096, 35.668896]}, "properties": {"id": "lf-528", "kind": "wifi", "name": "公衆電話（中央区銀座4-13-10）", "address": "東京都中央区銀座4-13-10"}}, {"type": "Feature", "geometry": {"type": "Point", "coordinates": [139.764281, 35.671959]}, "properties": {"id": "lf-529", "kind": "wifi", "name": "公衆電話（中央区銀座4-3-9）", "address": "東京都中央区銀座4-3-9"}}, {"type": "Feature", "geometry": {"type": "Point", "coordinates": [139.765369, 35.671135]}, "properties": {"id": "lf-530", "kind": "wifi", "name": "公衆電話（中央区銀座4-6）", "address": "東京都中央区銀座4-6"}}, {"type": "Feature", "geometry": {"type": "Point", "coordinates": [139.766815, 35.671336]}, "properties": {"id": "lf-531", "kind": "wifi", "name": "公衆電話（中央区銀座4-7-5）", "address": "東京都中央区銀座4-7-5"}}, {"type": "Feature", "geometry": {"type": "Point", "coordinates": [139.767068, 35.671163]}, "properties": {"id": "lf-532", "kind": "wifi", "name": "公衆電話（中央区銀座4-8-2）", "address": "東京都中央区銀座4-8-2"}}, {"type": "Feature", "geometry": {"type": "Point", "coordinates": [139.766664, 35.669001]}, "properties": {"id": "lf-533", "kind": "wifi", "name": "公衆電話（中央区銀座5-13-6）", "address": "東京都中央区銀座5-13-6"}}, {"type": "Feature", "geometry": {"type": "Point", "coordinates": [139.764416, 35.671512]}, "properties": {"id": "lf-534", "kind": "wifi", "name": "公衆電話（中央区銀座5-6-2）", "address": "東京都中央区銀座5-6-2"}}, {"type": "Feature", "geometry": {"type": "Point", "coordinates": [139.767186, 35.667496]}, "properties": {"id": "lf-535", "kind": "wifi", "name": "公衆電話（中央区銀座6-18-1）", "address": "東京都中央区銀座6-18-1"}}, {"type": "Feature", "geometry": {"type": "Point", "coordinates": [139.763963, 35.670324]}, "properties": {"id": "lf-536", "kind": "wifi", "name": "公衆電話（中央区銀座6-9-2）", "address": "東京都中央区銀座6-9-2"}}, {"type": "Feature", "geometry": {"type": "Point", "coordinates": [139.76532, 35.666295]}, "properties": {"id": "lf-537", "kind": "wifi", "name": "公衆電話（中央区銀座7-16-10）", "address": "東京都中央区銀座7-16-10"}}, {"type": "Feature", "geometry": {"type": "Point", "coordinates": [139.762464, 35.668652]}, "properties": {"id": "lf-538", "kind": "wifi", "name": "公衆電話（中央区銀座7-9-14）", "address": "東京都中央区銀座7-9-14"}}, {"type": "Feature", "geometry": {"type": "Point", "coordinates": [139.76034, 35.667843]}, "properties": {"id": "lf-539", "kind": "wifi", "name": "公衆電話（中央区銀座8-6）", "address": "東京都中央区銀座8-6"}}, {"type": "Feature", "geometry": {"type": "Point", "coordinates": [139.76128, 35.667802]}, "properties": {"id": "lf-540", "kind": "wifi", "name": "公衆電話（中央区銀座8-8-11）", "address": "東京都中央区銀座8-8-11"}}, {"type": "Feature", "geometry": {"type": "Point", "coordinates": [139.776139, 35.673488]}, "properties": {"id": "lf-541", "kind": "wifi", "name": "公衆電話（中央区新富1-13-14）", "address": "東京都中央区新富1-13-14"}}, {"type": "Feature", "geometry": {"type": "Point", "coordinates": [139.776139, 35.673488]}, "properties": {"id": "lf-542", "kind": "wifi", "name": "公衆電話（中央区新富1-13-14）", "address": "東京都中央区新富1-13-14"}}, {"type": "Feature", "geometry": {"type": "Point", "coordinates": [139.772205, 35.671469]}, "properties": {"id": "lf-543", "kind": "wifi", "name": "公衆電話（中央区新富2-1-7）", "address": "東京都中央区新富2-1-7"}}, {"type": "Feature", "geometry": {"type": "Point", "coordinates": [139.771818, 35.669457]}, "properties": {"id": "lf-544", "kind": "wifi", "name": "公衆電話（中央区築地1-9-2）", "address": "東京都中央区築地1-9-2"}}, {"type": "Feature", "geometry": {"type": "Point", "coordinates": [139.772577, 35.668248]}, "properties": {"id": "lf-545", "kind": "wifi", "name": "公衆電話（中央区築地2-11-11）", "address": "東京都中央区築地2-11-11"}}, {"type": "Feature", "geometry": {"type": "Point", "coordinates": [139.773114, 35.670486]}, "properties": {"id": "lf-546", "kind": "wifi", "name": "公衆電話（中央区築地2-1-17）", "address": "東京都中央区築地2-1-17"}}, {"type": "Feature", "geometry": {"type": "Point", "coordinates": [139.770935, 35.666623]}, "properties": {"id": "lf-547", "kind": "wifi", "name": "公衆電話（中央区築地3-15-1）", "address": "東京都中央区築地3-15-1"}}, {"type": "Feature", "geometry": {"type": "Point", "coordinates": [139.773524, 35.668702]}, "properties": {"id": "lf-548", "kind": "wifi", "name": "公衆電話（中央区築地3-4-12）", "address": "東京都中央区築地3-4-12"}}, {"type": "Feature", "geometry": {"type": "Point", "coordinates": [139.773829, 35.667969]}, "properties": {"id": "lf-549", "kind": "wifi", "name": "公衆電話（中央区築地3-7-3）", "address": "東京都中央区築地3-7-3"}}, {"type": "Feature", "geometry": {"type": "Point", "coordinates": [139.771269, 35.665666]}, "properties": {"id": "lf-550", "kind": "wifi", "name": "公衆電話（中央区築地4-12-2）", "address": "東京都中央区築地4-12-2"}}, {"type": "Feature", "geometry": {"type": "Point", "coordinates": [139.770082, 35.666836]}, "properties": {"id": "lf-551", "kind": "wifi", "name": "公衆電話（中央区築地4-7-4）", "address": "東京都中央区築地4-7-4"}}, {"type": "Feature", "geometry": {"type": "Point", "coordinates": [139.772858, 35.664166]}, "properties": {"id": "lf-552", "kind": "wifi", "name": "公衆電話（中央区築地6-20）", "address": "東京都中央区築地6-20"}}, {"type": "Feature", "geometry": {"type": "Point", "coordinates": [139.776612, 35.681114]}, "properties": {"id": "lf-553", "kind": "wifi", "name": "公衆電話（中央区日本橋2-16）", "address": "東京都中央区日本橋2-16"}}, {"type": "Feature", "geometry": {"type": "Point", "coordinates": [139.772309, 35.680544]}, "properties": {"id": "lf-554", "kind": "wifi", "name": "公衆電話（中央区日本橋3-1）", "address": "東京都中央区日本橋3-1"}}, {"type": "Feature", "geometry": {"type": "Point", "coordinates": [139.772115, 35.679827]}, "properties": {"id": "lf-555", "kind": "wifi", "name": "公衆電話（中央区日本橋3-6）", "address": "東京都中央区日本橋3-6"}}, {"type": "Feature", "geometry": {"type": "Point", "coordinates": [139.779624, 35.68206]}, "properties": {"id": "lf-556", "kind": "wifi", "name": "公衆電話（中央区日本橋茅場町1-1）", "address": "東京都中央区日本橋茅場町1-1"}}, {"type": "Feature", "geometry": {"type": "Point", "coordinates": [139.78065, 35.680483]}, "properties": {"id": "lf-557", "kind": "wifi", "name": "公衆電話（中央区日本橋茅場町1-13-21）", "address": "東京都中央区日本橋茅場町1-13-21"}}, {"type": "Feature", "geometry": {"type": "Point", "coordinates": [139.779748, 35.679039]}, "properties": {"id": "lf-558", "kind": "wifi", "name": "公衆電話（中央区日本橋茅場町2-13-11）", "address": "東京都中央区日本橋茅場町2-13-11"}}, {"type": "Feature", "geometry": {"type": "Point", "coordinates": [139.702149, 35.660553]}, "properties": {"id": "lf-559", "kind": "wifi", "name": "公衆電話（中央区日本橋室町1-1）", "address": "東京都中央区日本橋室町1-1"}}, {"type": "Feature", "geometry": {"type": "Point", "coordinates": [139.773135, 35.684503]}, "properties": {"id": "lf-560", "kind": "wifi", "name": "公衆電話（中央区日本橋室町1-1）", "address": "東京都中央区日本橋室町1-1"}}, {"type": "Feature", "geometry": {"type": "Point", "coordinates": [139.772532, 35.688371]}, "properties": {"id": "lf-561", "kind": "wifi", "name": "公衆電話（中央区日本橋室町3-2-9）", "address": "東京都中央区日本橋室町3-2-9"}}, {"type": "Feature", "geometry": {"type": "Point", "coordinates": [139.773331, 35.688045]}, "properties": {"id": "lf-562", "kind": "wifi", "name": "公衆電話（中央区日本橋室町3-4）", "address": "東京都中央区日本橋室町3-4"}}, {"type": "Feature", "geometry": {"type": "Point", "coordinates": [139.77236, 35.689792]}, "properties": {"id": "lf-563", "kind": "wifi", "name": "公衆電話（中央区日本橋室町4-2）", "address": "東京都中央区日本橋室町4-2"}}, {"type": "Feature", "geometry": {"type": "Point", "coordinates": [139.778684, 35.690967]}, "properties": {"id": "lf-564", "kind": "wifi", "name": "公衆電話（中央区日本橋小伝馬町11）", "address": "東京都中央区日本橋小伝馬町11"}}, {"type": "Feature", "geometry": {"type": "Point", "coordinates": [139.779554, 35.69125]}, "properties": {"id": "lf-565", "kind": "wifi", "name": "公衆電話（中央区日本橋小伝馬町13）", "address": "東京都中央区日本橋小伝馬町13"}}, {"type": "Feature", "geometry": {"type": "Point", "coordinates": [139.778051, 35.690386]}, "properties": {"id": "lf-566", "kind": "wifi", "name": "公衆電話（中央区日本橋小伝馬町2）", "address": "東京都中央区日本橋小伝馬町2"}}, {"type": "Feature", "geometry": {"type": "Point", "coordinates": [139.778228, 35.69068]}, "properties": {"id": "lf-567", "kind": "wifi", "name": "公衆電話（中央区日本橋小伝馬町3）", "address": "東京都中央区日本橋小伝馬町3"}}, {"type": "Feature", "geometry": {"type": "Point", "coordinates": [139.779629, 35.684081]}, "properties": {"id": "lf-568", "kind": "wifi", "name": "公衆電話（中央区日本橋小網町19）", "address": "東京都中央区日本橋小網町19"}}, {"type": "Feature", "geometry": {"type": "Point", "coordinates": [139.780485, 35.682234]}, "properties": {"id": "lf-569", "kind": "wifi", "name": "公衆電話（中央区日本橋小網町8）", "address": "東京都中央区日本橋小網町8"}}, {"type": "Feature", "geometry": {"type": "Point", "coordinates": [139.771271, 35.685606]}, "properties": {"id": "lf-570", "kind": "wifi", "name": "公衆電話（中央区日本橋石町2-1）", "address": "東京都中央区日本橋石町2-1"}}, {"type": "Feature", "geometry": {"type": "Point", "coordinates": [139.779337, 35.689605]}, "properties": {"id": "lf-571", "kind": "wifi", "name": "公衆電話（中央区日本橋大伝馬町6-8）", "address": "東京都中央区日本橋大伝馬町6-8"}}, {"type": "Feature", "geometry": {"type": "Point", "coordinates": [139.770395, 35.687184]}, "properties": {"id": "lf-572", "kind": "wifi", "name": "公衆電話（中央区日本橋本石町3-2）", "address": "東京都中央区日本橋本石町3-2"}}, {"type": "Feature", "geometry": {"type": "Point", "coordinates": [139.771095, 35.687897]}, "properties": {"id": "lf-573", "kind": "wifi", "name": "公衆電話（中央区日本橋本石町3-3）", "address": "東京都中央区日本橋本石町3-3"}}, {"type": "Feature", "geometry": {"type": "Point", "coordinates": [139.771072, 35.688103]}, "properties": {"id": "lf-574", "kind": "wifi", "name": "公衆電話（中央区日本橋本石町4-2）", "address": "東京都中央区日本橋本石町4-2"}}, {"type": "Feature", "geometry": {"type": "Point", "coordinates": [139.777005, 35.685754]}, "properties": {"id": "lf-575", "kind": "wifi", "name": "公衆電話（中央区日本橋本町1-7）", "address": "東京都中央区日本橋本町1-7"}}, {"type": "Feature", "geometry": {"type": "Point", "coordinates": [139.775985, 35.689287]}, "properties": {"id": "lf-576", "kind": "wifi", "name": "公衆電話（中央区日本橋本町3-8）", "address": "東京都中央区日本橋本町3-8"}}, {"type": "Feature", "geometry": {"type": "Point", "coordinates": [139.778377, 35.676854]}, "properties": {"id": "lf-577", "kind": "wifi", "name": "公衆電話（中央区八丁堀1-13-10）", "address": "東京都中央区八丁堀1-13-10"}}, {"type": "Feature", "geometry": {"type": "Point", "coordinates": [139.776645, 35.677121]}, "properties": {"id": "lf-578", "kind": "wifi", "name": "公衆電話（中央区八丁堀2-14-1）", "address": "東京都中央区八丁堀2-14-1"}}, {"type": "Feature", "geometry": {"type": "Point", "coordinates": [139.777889, 35.676065]}, "properties": {"id": "lf-579", "kind": "wifi", "name": "公衆電話（中央区八丁堀2-25-10）", "address": "東京都中央区八丁堀2-25-10"}}, {"type": "Feature", "geometry": {"type": "Point", "coordinates": [139.773086, 35.674677]}, "properties": {"id": "lf-580", "kind": "wifi", "name": "公衆電話（中央区八丁堀4-1-1）", "address": "東京都中央区八丁堀4-1-1"}}, {"type": "Feature", "geometry": {"type": "Point", "coordinates": [139.776712, 35.668459]}, "properties": {"id": "lf-581", "kind": "wifi", "name": "公衆電話（中央区明石町1-15）", "address": "東京都中央区明石町1-15"}}, {"type": "Feature", "geometry": {"type": "Point", "coordinates": [139.776303, 35.666853]}, "properties": {"id": "lf-582", "kind": "wifi", "name": "公衆電話（中央区明石町12-1）", "address": "東京都中央区明石町12-1"}}, {"type": "Feature", "geometry": {"type": "Point", "coordinates": [139.5316, 35.658107]}, "properties": {"id": "lf-583", "kind": "wifi", "name": "公衆電話（調布市上石原1-37）", "address": "東京都調布市上石原1-37"}}, {"type": "Feature", "geometry": {"type": "Point", "coordinates": [139.522937, 35.661756]}, "properties": {"id": "lf-584", "kind": "wifi", "name": "公衆電話（調布市飛田給1-25）", "address": "東京都調布市飛田給1-25"}}, {"type": "Feature", "geometry": {"type": "Point", "coordinates": [139.720603, 35.63291]}, "properties": {"id": "lf-585", "kind": "wifi", "name": "公衆電話（品川区上大崎1-22-15）", "address": "東京都品川区上大崎1-22-15"}}, {"type": "Feature", "geometry": {"type": "Point", "coordinates": [139.718276, 35.634355]}, "properties": {"id": "lf-586", "kind": "wifi", "name": "公衆電話（品川区上大崎2-13）", "address": "東京都品川区上大崎2-13"}}, {"type": "Feature", "geometry": {"type": "Point", "coordinates": [139.718836, 35.635196]}, "properties": {"id": "lf-587", "kind": "wifi", "name": "公衆電話（品川区上大崎2-13-20）", "address": "東京都品川区上大崎2-13-20"}}, {"type": "Feature", "geometry": {"type": "Point", "coordinates": [139.71496, 35.634639]}, "properties": {"id": "lf-588", "kind": "wifi", "name": "公衆電話（品川区上大崎2-27-2）", "address": "東京都品川区上大崎2-27-2"}}, {"type": "Feature", "geometry": {"type": "Point", "coordinates": [139.719013, 35.634399]}, "properties": {"id": "lf-589", "kind": "wifi", "name": "公衆電話（品川区上大崎3-5-2）", "address": "東京都品川区上大崎3-5-2"}}, {"type": "Feature", "geometry": {"type": "Point", "coordinates": [139.720382, 35.63236]}, "properties": {"id": "lf-590", "kind": "wifi", "name": "公衆電話（品川区上大崎3-8-4）", "address": "東京都品川区上大崎3-8-4"}}, {"type": "Feature", "geometry": {"type": "Point", "coordinates": [139.721712, 35.624846]}, "properties": {"id": "lf-591", "kind": "wifi", "name": "公衆電話（品川区西五反田1-30-9）", "address": "東京都品川区西五反田1-30-9"}}, {"type": "Feature", "geometry": {"type": "Point", "coordinates": [139.720432, 35.621696]}, "properties": {"id": "lf-592", "kind": "wifi", "name": "公衆電話（品川区西五反田8-8-18）", "address": "東京都品川区西五反田8-8-18"}}, {"type": "Feature", "geometry": {"type": "Point", "coordinates": [139.729727, 35.61879]}, "properties": {"id": "lf-593", "kind": "wifi", "name": "公衆電話（品川区大崎1-11）No.1", "address": "東京都品川区大崎1-11"}}, {"type": "Feature", "geometry": {"type": "Point", "coordinates": [139.731474, 35.618259]}, "properties": {"id": "lf-594", "kind": "wifi", "name": "公衆電話（品川区大崎1-11）No.2", "address": "東京都品川区大崎1-11"}}, {"type": "Feature", "geometry": {"type": "Point", "coordinates": [139.725729, 35.628069]}, "properties": {"id": "lf-595", "kind": "wifi", "name": "公衆電話（品川区東五反田1-10）", "address": "東京都品川区東五反田1-10"}}, {"type": "Feature", "geometry": {"type": "Point", "coordinates": [139.724509, 35.627519]}, "properties": {"id": "lf-596", "kind": "wifi", "name": "公衆電話（品川区東五反田5-25-19）", "address": "東京都品川区東五反田5-25-19"}}, {"type": "Feature", "geometry": {"type": "Point", "coordinates": [139.739523, 35.596427]}, "properties": {"id": "lf-597", "kind": "wifi", "name": "公衆電話（品川区南大井1-8-1）", "address": "東京都品川区南大井1-8-1"}}, {"type": "Feature", "geometry": {"type": "Point", "coordinates": [139.739086, 35.622064]}, "properties": {"id": "lf-598", "kind": "wifi", "name": "公衆電話（品川区北品川1-1-4）", "address": "東京都品川区北品川1-1-4"}}, {"type": "Feature", "geometry": {"type": "Point", "coordinates": [139.517146, 35.677396]}, "properties": {"id": "lf-599", "kind": "wifi", "name": "公衆電話（府中市紅葉丘3-41）", "address": "東京都府中市紅葉丘3-41"}}, {"type": "Feature", "geometry": {"type": "Point", "coordinates": [139.750738, 35.703246]}, "properties": {"id": "lf-600", "kind": "wifi", "name": "公衆電話（文京区後楽1-4-10）", "address": "東京都文京区後楽1-4-10"}}, {"type": "Feature", "geometry": {"type": "Point", "coordinates": [139.748901, 35.703388]}, "properties": {"id": "lf-601", "kind": "wifi", "name": "公衆電話（文京区後楽1-4-18）", "address": "東京都文京区後楽1-4-18"}}, {"type": "Feature", "geometry": {"type": "Point", "coordinates": [139.746324, 35.704725]}, "properties": {"id": "lf-602", "kind": "wifi", "name": "公衆電話（文京区後楽1-8）", "address": "東京都文京区後楽1-8"}}, {"type": "Feature", "geometry": {"type": "Point", "coordinates": [139.747337, 35.703411]}, "properties": {"id": "lf-603", "kind": "wifi", "name": "公衆電話（文京区後楽1-9-7）", "address": "東京都文京区後楽1-9-7"}}, {"type": "Feature", "geometry": {"type": "Point", "coordinates": [139.74591, 35.70329]}, "properties": {"id": "lf-604", "kind": "wifi", "name": "公衆電話（文京区後楽2-1-9）", "address": "東京都文京区後楽2-1-9"}}, {"type": "Feature", "geometry": {"type": "Point", "coordinates": [139.763232, 35.724962]}, "properties": {"id": "lf-605", "kind": "wifi", "name": "公衆電話（文京区千駄木3-37-20）", "address": "東京都文京区千駄木3-37-20"}}, {"type": "Feature", "geometry": {"type": "Point", "coordinates": [139.709746, 35.730675]}, "properties": {"id": "lf-606", "kind": "wifi", "name": "公衆電話（豊島区西池袋1-15-9）", "address": "東京都豊島区西池袋1-15-9"}}, {"type": "Feature", "geometry": {"type": "Point", "coordinates": [139.709745, 35.731694]}, "properties": {"id": "lf-607", "kind": "wifi", "name": "公衆電話（豊島区西池袋1-22-8）", "address": "東京都豊島区西池袋1-22-8"}}, {"type": "Feature", "geometry": {"type": "Point", "coordinates": [139.709487, 35.732975]}, "properties": {"id": "lf-608", "kind": "wifi", "name": "公衆電話（豊島区西池袋1-38-7）", "address": "東京都豊島区西池袋1-38-7"}}, {"type": "Feature", "geometry": {"type": "Point", "coordinates": [139.710648, 35.733103]}, "properties": {"id": "lf-609", "kind": "wifi", "name": "公衆電話（豊島区西池袋1-42-1）", "address": "東京都豊島区西池袋1-42-1"}}, {"type": "Feature", "geometry": {"type": "Point", "coordinates": [139.71092, 35.732921]}, "properties": {"id": "lf-610", "kind": "wifi", "name": "公衆電話（豊島区西池袋1-43-7）", "address": "東京都豊島区西池袋1-43-7"}}, {"type": "Feature", "geometry": {"type": "Point", "coordinates": [139.707302, 35.727999]}, "properties": {"id": "lf-611", "kind": "wifi", "name": "公衆電話（豊島区西池袋2-38-8）", "address": "東京都豊島区西池袋2-38-8"}}, {"type": "Feature", "geometry": {"type": "Point", "coordinates": [139.70593, 35.730596]}, "properties": {"id": "lf-612", "kind": "wifi", "name": "公衆電話（豊島区西池袋3-20-1）", "address": "東京都豊島区西池袋3-20-1"}}, {"type": "Feature", "geometry": {"type": "Point", "coordinates": [139.704311, 35.732608]}, "properties": {"id": "lf-613", "kind": "wifi", "name": "公衆電話（豊島区西池袋5-11-12）", "address": "東京都豊島区西池袋5-11-12"}}, {"type": "Feature", "geometry": {"type": "Point", "coordinates": [139.705796, 35.731973]}, "properties": {"id": "lf-614", "kind": "wifi", "name": "公衆電話（豊島区西池袋5-4-7）", "address": "東京都豊島区西池袋5-4-7"}}, {"type": "Feature", "geometry": {"type": "Point", "coordinates": [139.708412, 35.731936]}, "properties": {"id": "lf-615", "kind": "wifi", "name": "公衆電話（豊島区池袋2-1-1）", "address": "東京都豊島区池袋2-1-1"}}, {"type": "Feature", "geometry": {"type": "Point", "coordinates": [139.705481, 35.732319]}, "properties": {"id": "lf-616", "kind": "wifi", "name": "公衆電話（豊島区池袋2-19-2）", "address": "東京都豊島区池袋2-19-2"}}, {"type": "Feature", "geometry": {"type": "Point", "coordinates": [139.708043, 35.733043]}, "properties": {"id": "lf-617", "kind": "wifi", "name": "公衆電話（豊島区池袋2-38-1）", "address": "東京都豊島区池袋2-38-1"}}, {"type": "Feature", "geometry": {"type": "Point", "coordinates": [139.710263, 35.733174]}, "properties": {"id": "lf-618", "kind": "wifi", "name": "公衆電話（豊島区池袋2-43-1）", "address": "東京都豊島区池袋2-43-1"}}, {"type": "Feature", "geometry": {"type": "Point", "coordinates": [139.711449, 35.733287]}, "properties": {"id": "lf-619", "kind": "wifi", "name": "公衆電話（豊島区池袋2-48-3）", "address": "東京都豊島区池袋2-48-3"}}, {"type": "Feature", "geometry": {"type": "Point", "coordinates": [139.709682, 35.735159]}, "properties": {"id": "lf-620", "kind": "wifi", "name": "公衆電話（豊島区池袋2-61-7）", "address": "東京都豊島区池袋2-61-7"}}, {"type": "Feature", "geometry": {"type": "Point", "coordinates": [139.714481, 35.729661]}, "properties": {"id": "lf-621", "kind": "wifi", "name": "公衆電話（豊島区東池袋1-11-11）", "address": "東京都豊島区東池袋1-11-11"}}, {"type": "Feature", "geometry": {"type": "Point", "coordinates": [139.713291, 35.729711]}, "properties": {"id": "lf-622", "kind": "wifi", "name": "公衆電話（豊島区東池袋1-1-2）", "address": "東京都豊島区東池袋1-1-2"}}, {"type": "Feature", "geometry": {"type": "Point", "coordinates": [139.715077, 35.729736]}, "properties": {"id": "lf-623", "kind": "wifi", "name": "公衆電話（豊島区東池袋1-13-6）", "address": "東京都豊島区東池袋1-13-6"}}, {"type": "Feature", "geometry": {"type": "Point", "coordinates": [139.713145, 35.729821]}, "properties": {"id": "lf-624", "kind": "wifi", "name": "公衆電話（豊島区東池袋1-1-4）", "address": "東京都豊島区東池袋1-1-4"}}, {"type": "Feature", "geometry": {"type": "Point", "coordinates": [139.71289, 35.730061]}, "properties": {"id": "lf-625", "kind": "wifi", "name": "公衆電話（豊島区東池袋1-1-4）No.2", "address": "東京都豊島区東池袋1-1-4"}}, {"type": "Feature", "geometry": {"type": "Point", "coordinates": [139.714852, 35.732335]}, "properties": {"id": "lf-626", "kind": "wifi", "name": "公衆電話（豊島区東池袋1-17-10）", "address": "東京都豊島区東池袋1-17-10"}}, {"type": "Feature", "geometry": {"type": "Point", "coordinates": [139.71363, 35.729506]}, "properties": {"id": "lf-627", "kind": "wifi", "name": "公衆電話（豊島区東池袋1-2-1）", "address": "東京都豊島区東池袋1-2-1"}}, {"type": "Feature", "geometry": {"type": "Point", "coordinates": [139.715777, 35.728131]}, "properties": {"id": "lf-628", "kind": "wifi", "name": "公衆電話（豊島区東池袋1-25-5）", "address": "東京都豊島区東池袋1-25-5"}}, {"type": "Feature", "geometry": {"type": "Point", "coordinates": [139.714098, 35.731392]}, "properties": {"id": "lf-629", "kind": "wifi", "name": "公衆電話（豊島区東池袋1-7-2）", "address": "東京都豊島区東池袋1-7-2"}}, {"type": "Feature", "geometry": {"type": "Point", "coordinates": [139.717581, 35.731603]}, "properties": {"id": "lf-630", "kind": "wifi", "name": "公衆電話（豊島区東池袋3-5-13）", "address": "東京都豊島区東池袋3-5-13"}}, {"type": "Feature", "geometry": {"type": "Point", "coordinates": [139.718777, 35.727859]}, "properties": {"id": "lf-631", "kind": "wifi", "name": "公衆電話（豊島区東池袋4-22-1）", "address": "東京都豊島区東池袋4-22-1"}}, {"type": "Feature", "geometry": {"type": "Point", "coordinates": [139.718663, 35.728447]}, "properties": {"id": "lf-632", "kind": "wifi", "name": "公衆電話（豊島区東池袋4-26-14）", "address": "東京都豊島区東池袋4-26-14"}}, {"type": "Feature", "geometry": {"type": "Point", "coordinates": [139.717879, 35.726864]}, "properties": {"id": "lf-633", "kind": "wifi", "name": "公衆電話（豊島区東池袋4-6-5）", "address": "東京都豊島区東池袋4-6-5"}}, {"type": "Feature", "geometry": {"type": "Point", "coordinates": [139.717866, 35.726855]}, "properties": {"id": "lf-634", "kind": "wifi", "name": "公衆電話（豊島区東池袋4-6-5）No.2", "address": "東京都豊島区東池袋4-6-5"}}, {"type": "Feature", "geometry": {"type": "Point", "coordinates": [139.711205, 35.72504]}, "properties": {"id": "lf-635", "kind": "wifi", "name": "公衆電話（豊島区南池袋1-11-22）", "address": "東京都豊島区南池袋1-11-22"}}, {"type": "Feature", "geometry": {"type": "Point", "coordinates": [139.711589, 35.72645]}, "properties": {"id": "lf-636", "kind": "wifi", "name": "公衆電話（豊島区南池袋1-16-18）", "address": "東京都豊島区南池袋1-16-18"}}, {"type": "Feature", "geometry": {"type": "Point", "coordinates": [139.712321, 35.730028]}, "properties": {"id": "lf-637", "kind": "wifi", "name": "公衆電話（豊島区南池袋1-28）No.1", "address": "東京都豊島区南池袋1-28"}}, {"type": "Feature", "geometry": {"type": "Point", "coordinates": [139.712321, 35.730028]}, "properties": {"id": "lf-638", "kind": "wifi", "name": "公衆電話（豊島区南池袋1-28）No.2", "address": "東京都豊島区南池袋1-28"}}, {"type": "Feature", "geometry": {"type": "Point", "coordinates": [139.712321, 35.730028]}, "properties": {"id": "lf-639", "kind": "wifi", "name": "公衆電話（豊島区南池袋1-28）No.3", "address": "東京都豊島区南池袋1-28"}}, {"type": "Feature", "geometry": {"type": "Point", "coordinates": [139.712247, 35.730024]}, "properties": {"id": "lf-640", "kind": "wifi", "name": "公衆電話（豊島区南池袋1-28-1）", "address": "東京都豊島区南池袋1-28-1"}}, {"type": "Feature", "geometry": {"type": "Point", "coordinates": [139.716387, 35.727459]}, "properties": {"id": "lf-641", "kind": "wifi", "name": "公衆電話（豊島区南池袋2-30-11）", "address": "東京都豊島区南池袋2-30-11"}}, {"type": "Feature", "geometry": {"type": "Point", "coordinates": [139.711453, 35.725215]}, "properties": {"id": "lf-642", "kind": "wifi", "name": "公衆電話（豊島区南池袋3-12）", "address": "東京都豊島区南池袋3-12"}}, {"type": "Feature", "geometry": {"type": "Point", "coordinates": [139.711858, 35.723435]}, "properties": {"id": "lf-643", "kind": "wifi", "name": "公衆電話（豊島区南池袋3-7-1）", "address": "東京都豊島区南池袋3-7-1"}}, {"type": "Feature", "geometry": {"type": "Point", "coordinates": [139.719994, 35.778119]}, "properties": {"id": "lf-644", "kind": "wifi", "name": "公衆電話（北区赤羽西1-5）No.1", "address": "東京都北区赤羽西1-5"}}, {"type": "Feature", "geometry": {"type": "Point", "coordinates": [139.719994, 35.778119]}, "properties": {"id": "lf-645", "kind": "wifi", "name": "公衆電話（北区赤羽西1-5）No.2", "address": "東京都北区赤羽西1-5"}}, {"type": "Feature", "geometry": {"type": "Point", "coordinates": [139.720292, 35.777808]}, "properties": {"id": "lf-646", "kind": "wifi", "name": "公衆電話（北区赤羽西1-5）No.3", "address": "東京都北区赤羽西1-5"}}, {"type": "Feature", "geometry": {"type": "Point", "coordinates": [139.720292, 35.777808]}, "properties": {"id": "lf-647", "kind": "wifi", "name": "公衆電話（北区赤羽西1-5）No.4", "address": "東京都北区赤羽西1-5"}}, {"type": "Feature", "geometry": {"type": "Point", "coordinates": [139.719855, 35.777793]}, "properties": {"id": "lf-648", "kind": "wifi", "name": "公衆電話（北区赤羽西1-6-1）", "address": "東京都北区赤羽西1-6-1"}}, {"type": "Feature", "geometry": {"type": "Point", "coordinates": [139.815155, 35.711266]}, "properties": {"id": "lf-649", "kind": "wifi", "name": "公衆電話（墨田区押上1-15-6）", "address": "東京都墨田区押上1-15-6"}}, {"type": "Feature", "geometry": {"type": "Point", "coordinates": [139.815461, 35.711585]}, "properties": {"id": "lf-650", "kind": "wifi", "name": "公衆電話（墨田区押上1-16-8）", "address": "東京都墨田区押上1-16-8"}}, {"type": "Feature", "geometry": {"type": "Point", "coordinates": [139.815859, 35.711713]}, "properties": {"id": "lf-651", "kind": "wifi", "name": "公衆電話（墨田区押上1-19-2）", "address": "東京都墨田区押上1-19-2"}}, {"type": "Feature", "geometry": {"type": "Point", "coordinates": [139.818372, 35.709165]}, "properties": {"id": "lf-652", "kind": "wifi", "name": "公衆電話（墨田区押上1-51-3）", "address": "東京都墨田区押上1-51-3"}}, {"type": "Feature", "geometry": {"type": "Point", "coordinates": [139.813048, 35.713434]}, "properties": {"id": "lf-653", "kind": "wifi", "name": "公衆電話（墨田区押上2-13-8）", "address": "東京都墨田区押上2-13-8"}}, {"type": "Feature", "geometry": {"type": "Point", "coordinates": [139.791961, 35.695985]}, "properties": {"id": "lf-654", "kind": "wifi", "name": "公衆電話（墨田区横綱1-3-22）", "address": "東京都墨田区横綱1-3-22"}}, {"type": "Feature", "geometry": {"type": "Point", "coordinates": [139.797223, 35.698045]}, "properties": {"id": "lf-655", "kind": "wifi", "name": "公衆電話（墨田区横綱1-6-1）", "address": "東京都墨田区横綱1-6-1"}}, {"type": "Feature", "geometry": {"type": "Point", "coordinates": [139.809148, 35.704297]}, "properties": {"id": "lf-656", "kind": "wifi", "name": "公衆電話（墨田区横川1-15-2）", "address": "東京都墨田区横川1-15-2"}}, {"type": "Feature", "geometry": {"type": "Point", "coordinates": [139.815371, 35.703704]}, "properties": {"id": "lf-657", "kind": "wifi", "name": "公衆電話（墨田区横川4-6-6）", "address": "東京都墨田区横川4-6-6"}}, {"type": "Feature", "geometry": {"type": "Point", "coordinates": [139.791919, 35.696252]}, "properties": {"id": "lf-658", "kind": "wifi", "name": "公衆電話（墨田区横網1-3-27）No.1", "address": "東京都墨田区横網1-3-27"}}, {"type": "Feature", "geometry": {"type": "Point", "coordinates": [139.791919, 35.696252]}, "properties": {"id": "lf-659", "kind": "wifi", "name": "公衆電話（墨田区横網1-3-27）No.2", "address": "東京都墨田区横網1-3-27"}}, {"type": "Feature", "geometry": {"type": "Point", "coordinates": [139.797044, 35.699926]}, "properties": {"id": "lf-660", "kind": "wifi", "name": "公衆電話（墨田区横網2-3-18）", "address": "東京都墨田区横網2-3-18"}}, {"type": "Feature", "geometry": {"type": "Point", "coordinates": [139.797591, 35.696656]}, "properties": {"id": "lf-661", "kind": "wifi", "name": "公衆電話（墨田区亀沢1-7-7）", "address": "東京都墨田区亀沢1-7-7"}}, {"type": "Feature", "geometry": {"type": "Point", "coordinates": [139.809219, 35.708714]}, "properties": {"id": "lf-662", "kind": "wifi", "name": "公衆電話（墨田区業平1-13-6）", "address": "東京都墨田区業平1-13-6"}}, {"type": "Feature", "geometry": {"type": "Point", "coordinates": [139.808963, 35.708948]}, "properties": {"id": "lf-663", "kind": "wifi", "name": "公衆電話（墨田区業平1-18-12）", "address": "東京都墨田区業平1-18-12"}}, {"type": "Feature", "geometry": {"type": "Point", "coordinates": [139.811266, 35.708817]}, "properties": {"id": "lf-664", "kind": "wifi", "name": "公衆電話（墨田区業平2-15-5）", "address": "東京都墨田区業平2-15-5"}}, {"type": "Feature", "geometry": {"type": "Point", "coordinates": [139.811156, 35.709043]}, "properties": {"id": "lf-665", "kind": "wifi", "name": "公衆電話（墨田区業平2-16-11）", "address": "東京都墨田区業平2-16-11"}}, {"type": "Feature", "geometry": {"type": "Point", "coordinates": [139.812078, 35.706335]}, "properties": {"id": "lf-666", "kind": "wifi", "name": "公衆電話（墨田区業平2-3）", "address": "東京都墨田区業平2-3"}}, {"type": "Feature", "geometry": {"type": "Point", "coordinates": [139.812884, 35.708899]}, "properties": {"id": "lf-667", "kind": "wifi", "name": "公衆電話（墨田区業平3-13-5）", "address": "東京都墨田区業平3-13-5"}}, {"type": "Feature", "geometry": {"type": "Point", "coordinates": [139.81277, 35.709141]}, "properties": {"id": "lf-668", "kind": "wifi", "name": "公衆電話（墨田区業平3-15-9）", "address": "東京都墨田区業平3-15-9"}}, {"type": "Feature", "geometry": {"type": "Point", "coordinates": [139.798847, 35.707938]}, "properties": {"id": "lf-669", "kind": "wifi", "name": "公衆電話（墨田区吾妻橋1-11-9）", "address": "東京都墨田区吾妻橋1-11-9"}}, {"type": "Feature", "geometry": {"type": "Point", "coordinates": [139.804693, 35.708753]}, "properties": {"id": "lf-670", "kind": "wifi", "name": "公衆電話（墨田区吾妻橋3-7-1）", "address": "東京都墨田区吾妻橋3-7-1"}}, {"type": "Feature", "geometry": {"type": "Point", "coordinates": [139.806689, 35.712503]}, "properties": {"id": "lf-671", "kind": "wifi", "name": "公衆電話（墨田区向島3-12-15）", "address": "東京都墨田区向島3-12-15"}}, {"type": "Feature", "geometry": {"type": "Point", "coordinates": [139.810917, 35.71621]}, "properties": {"id": "lf-672", "kind": "wifi", "name": "公衆電話（墨田区向島4-2-2）", "address": "東京都墨田区向島4-2-2"}}, {"type": "Feature", "geometry": {"type": "Point", "coordinates": [139.798421, 35.700221]}, "properties": {"id": "lf-673", "kind": "wifi", "name": "公衆電話（墨田区石原1-24-5）", "address": "東京都墨田区石原1-24-5"}}, {"type": "Feature", "geometry": {"type": "Point", "coordinates": [139.797708, 35.705354]}, "properties": {"id": "lf-674", "kind": "wifi", "name": "公衆電話（墨田区東駒形1-6-4）", "address": "東京都墨田区東駒形1-6-4"}}, {"type": "Feature", "geometry": {"type": "Point", "coordinates": [139.797097, 35.704416]}, "properties": {"id": "lf-675", "kind": "wifi", "name": "公衆電話（墨田区本所1-33-12）", "address": "東京都墨田区本所1-33-12"}}, {"type": "Feature", "geometry": {"type": "Point", "coordinates": [139.791993, 35.695598]}, "properties": {"id": "lf-676", "kind": "wifi", "name": "公衆電話（墨田区両国2-19-13）", "address": "東京都墨田区両国2-19-13"}}, {"type": "Feature", "geometry": {"type": "Point", "coordinates": [139.711414, 35.634037]}, "properties": {"id": "lf-677", "kind": "wifi", "name": "公衆電話（目黒区下目黒1-6-20）", "address": "東京都目黒区下目黒1-6-20"}}, {"type": "Feature", "geometry": {"type": "Point", "coordinates": [139.711122, 35.630437]}, "properties": {"id": "lf-678", "kind": "wifi", "name": "公衆電話（目黒区下目黒2-17-15）", "address": "東京都目黒区下目黒2-17-15"}}, {"type": "Feature", "geometry": {"type": "Point", "coordinates": [139.708894, 35.632215]}, "properties": {"id": "lf-679", "kind": "wifi", "name": "公衆電話（目黒区下目黒2-21-19）", "address": "東京都目黒区下目黒2-21-19"}}, {"type": "Feature", "geometry": {"type": "Point", "coordinates": [139.711081, 35.629815]}, "properties": {"id": "lf-680", "kind": "wifi", "name": "公衆電話（目黒区下目黒2-24）", "address": "東京都目黒区下目黒2-24"}}, {"type": "Feature", "geometry": {"type": "Point", "coordinates": [139.707737, 35.632246]}, "properties": {"id": "lf-681", "kind": "wifi", "name": "公衆電話（目黒区下目黒3-1-23）", "address": "東京都目黒区下目黒3-1-23"}}, {"type": "Feature", "geometry": {"type": "Point", "coordinates": [139.70867, 35.63196]}, "properties": {"id": "lf-682", "kind": "wifi", "name": "公衆電話（目黒区下目黒3-1-3）", "address": "東京都目黒区下目黒3-1-3"}}, {"type": "Feature", "geometry": {"type": "Point", "coordinates": [139.707733, 35.632484]}, "properties": {"id": "lf-683", "kind": "wifi", "name": "公衆電話（目黒区目黒3-9-7）", "address": "東京都目黒区目黒3-9-7"}}, {"type": "Feature", "geometry": {"type": "Point", "coordinates": [139.701828, 35.683016]}, "properties": {"id": "lf-684", "kind": "wifi", "name": "公衆電話No.1（渋谷区代々木1-34）", "address": "東京都渋谷区代々木1-34"}}, {"type": "Feature", "geometry": {"type": "Point", "coordinates": [139.7433253, 35.701132]}, "properties": {"id": "lf-685", "kind": "wifi", "name": "公衆電話No.1（新宿区神楽河岸1）", "address": "東京都新宿区神楽河岸1"}}, {"type": "Feature", "geometry": {"type": "Point", "coordinates": [139.696635, 35.688559]}, "properties": {"id": "lf-686", "kind": "wifi", "name": "公衆電話No.1（新宿区西新宿1-14-9）", "address": "東京都新宿区西新宿1-14-9"}}, {"type": "Feature", "geometry": {"type": "Point", "coordinates": [139.696219, 35.690483]}, "properties": {"id": "lf-687", "kind": "wifi", "name": "公衆電話No.1（新宿区西新宿1-24）", "address": "東京都新宿区西新宿1-24"}}, {"type": "Feature", "geometry": {"type": "Point", "coordinates": [139.697085, 35.691017]}, "properties": {"id": "lf-688", "kind": "wifi", "name": "公衆電話No.1（新宿区西新宿1-8）", "address": "東京都新宿区西新宿1-8"}}, {"type": "Feature", "geometry": {"type": "Point", "coordinates": [139.701829, 35.683019]}, "properties": {"id": "lf-689", "kind": "wifi", "name": "公衆電話No.2（渋谷区代々木1-34）", "address": "東京都渋谷区代々木1-34"}}, {"type": "Feature", "geometry": {"type": "Point", "coordinates": [139.743189, 35.700277]}, "properties": {"id": "lf-690", "kind": "wifi", "name": "公衆電話No.2（新宿区神楽河岸1）", "address": "東京都新宿区神楽河岸1"}}, {"type": "Feature", "geometry": {"type": "Point", "coordinates": [139.696635, 35.688556]}, "properties": {"id": "lf-691", "kind": "wifi", "name": "公衆電話No.2（新宿区西新宿1-14-9）", "address": "東京都新宿区西新宿1-14-9"}}, {"type": "Feature", "geometry": {"type": "Point", "coordinates": [139.696219, 35.690486]}, "properties": {"id": "lf-692", "kind": "wifi", "name": "公衆電話No.2（新宿区西新宿1-24）", "address": "東京都新宿区西新宿1-24"}}, {"type": "Feature", "geometry": {"type": "Point", "coordinates": [139.697088, 35.691017]}, "properties": {"id": "lf-693", "kind": "wifi", "name": "公衆電話No.2（新宿区西新宿1-8）", "address": "東京都新宿区西新宿1-8"}}, {"type": "Feature", "geometry": {"type": "Point", "coordinates": [139.696479, 35.690434]}, "properties": {"id": "lf-694", "kind": "wifi", "name": "公衆電話No.3（新宿区西新宿1-8）", "address": "東京都新宿区西新宿1-8"}}, {"type": "Feature", "geometry": {"type": "Point", "coordinates": [139.696479, 35.690437]}, "properties": {"id": "lf-695", "kind": "wifi", "name": "公衆電話No.4（新宿区西新宿1-8）", "address": "東京都新宿区西新宿1-8"}}, {"type": "Feature", "geometry": {"type": "Point", "coordinates": [139.819362, 35.707485]}, "properties": {"id": "lf-696", "kind": "wifi", "name": "観光案内標識（江東区亀戸3-36）", "address": "東京都江東区亀戸3-36"}}, {"type": "Feature", "geometry": {"type": "Point", "coordinates": [139.778457, 35.626891]}, "properties": {"id": "lf-697", "kind": "wifi", "name": "観光案内標識（江東区青海1-2）", "address": "東京都江東区青海1-2"}}, {"type": "Feature", "geometry": {"type": "Point", "coordinates": [139.781563, 35.624656]}, "properties": {"id": "lf-698", "kind": "wifi", "name": "観光案内標識（江東区青海1-5）", "address": "東京都江東区青海1-5"}}, {"type": "Feature", "geometry": {"type": "Point", "coordinates": [139.778379, 35.622689]}, "properties": {"id": "lf-699", "kind": "wifi", "name": "観光案内標識（江東区青海2-2）", "address": "東京都江東区青海2-2"}}, {"type": "Feature", "geometry": {"type": "Point", "coordinates": [139.759674, 35.667119]}, "properties": {"id": "lf-700", "kind": "wifi", "name": "観光案内標識（港区新橋1-19）", "address": "東京都港区新橋1-19"}}, {"type": "Feature", "geometry": {"type": "Point", "coordinates": [139.728241, 35.661581]}, "properties": {"id": "lf-701", "kind": "wifi", "name": "観光案内標識（港区西麻布1-1）", "address": "東京都港区西麻布1-1"}}, {"type": "Feature", "geometry": {"type": "Point", "coordinates": [139.741303, 35.669953]}, "properties": {"id": "lf-702", "kind": "wifi", "name": "観光案内標識（港区赤坂2-11）", "address": "東京都港区赤坂2-11"}}, {"type": "Feature", "geometry": {"type": "Point", "coordinates": [139.737259, 35.672707]}, "properties": {"id": "lf-703", "kind": "wifi", "name": "観光案内標識（港区赤坂2-14）", "address": "東京都港区赤坂2-14"}}, {"type": "Feature", "geometry": {"type": "Point", "coordinates": [139.735408, 35.671387]}, "properties": {"id": "lf-704", "kind": "wifi", "name": "観光案内標識（港区赤坂5-4）", "address": "東京都港区赤坂5-4"}}, {"type": "Feature", "geometry": {"type": "Point", "coordinates": [139.735837, 35.671681]}, "properties": {"id": "lf-705", "kind": "wifi", "name": "観光案内標識（港区赤坂6-1）", "address": "東京都港区赤坂6-1"}}, {"type": "Feature", "geometry": {"type": "Point", "coordinates": [139.731039, 35.664466]}, "properties": {"id": "lf-706", "kind": "wifi", "name": "観光案内標識（港区赤坂9-7）", "address": "東京都港区赤坂9-7"}}, {"type": "Feature", "geometry": {"type": "Point", "coordinates": [139.737452, 35.656316]}, "properties": {"id": "lf-707", "kind": "wifi", "name": "観光案内標識（港区東麻布3-8）", "address": "東京都港区東麻布3-8"}}, {"type": "Feature", "geometry": {"type": "Point", "coordinates": [139.713349, 35.664623]}, "properties": {"id": "lf-708", "kind": "wifi", "name": "観光案内標識（港区南青山5-1）", "address": "東京都港区南青山5-1"}}, {"type": "Feature", "geometry": {"type": "Point", "coordinates": [139.734324, 35.656799]}, "properties": {"id": "lf-709", "kind": "wifi", "name": "観光案内標識（港区麻布十番1-6）", "address": "東京都港区麻布十番1-6"}}, {"type": "Feature", "geometry": {"type": "Point", "coordinates": [139.7388, 35.66397]}, "properties": {"id": "lf-710", "kind": "wifi", "name": "観光案内標識（港区六本木1-6）", "address": "東京都港区六本木1-6"}}, {"type": "Feature", "geometry": {"type": "Point", "coordinates": [139.732817, 35.663666]}, "properties": {"id": "lf-711", "kind": "wifi", "name": "観光案内標識（港区六本木4-9）", "address": "東京都港区六本木4-9"}}, {"type": "Feature", "geometry": {"type": "Point", "coordinates": [139.730261, 35.662147]}, "properties": {"id": "lf-712", "kind": "wifi", "name": "観光案内標識（港区六本木6-2）", "address": "東京都港区六本木6-2"}}, {"type": "Feature", "geometry": {"type": "Point", "coordinates": [139.728665, 35.661703]}, "properties": {"id": "lf-713", "kind": "wifi", "name": "観光案内標識（港区六本木7-18）", "address": "東京都港区六本木7-18"}}, {"type": "Feature", "geometry": {"type": "Point", "coordinates": [139.724808, 35.665601]}, "properties": {"id": "lf-714", "kind": "wifi", "name": "観光案内標識（港区六本木7-22）", "address": "東京都港区六本木7-22"}}, {"type": "Feature", "geometry": {"type": "Point", "coordinates": [139.709927, 35.648086]}, "properties": {"id": "lf-715", "kind": "wifi", "name": "観光案内標識（渋谷区恵比寿1-8）", "address": "東京都渋谷区恵比寿1-8"}}, {"type": "Feature", "geometry": {"type": "Point", "coordinates": [139.710195, 35.648461]}, "properties": {"id": "lf-716", "kind": "wifi", "name": "観光案内標識（渋谷区恵比寿3-25）", "address": "東京都渋谷区恵比寿3-25"}}, {"type": "Feature", "geometry": {"type": "Point", "coordinates": [139.711362, 35.648765]}, "properties": {"id": "lf-717", "kind": "wifi", "name": "観光案内標識（渋谷区広尾1-16）", "address": "東京都渋谷区広尾1-16"}}, {"type": "Feature", "geometry": {"type": "Point", "coordinates": [139.708036, 35.671766]}, "properties": {"id": "lf-718", "kind": "wifi", "name": "観光案内標識（渋谷区神宮前3-25）", "address": "東京都渋谷区神宮前3-25"}}, {"type": "Feature", "geometry": {"type": "Point", "coordinates": [139.705075, 35.679139]}, "properties": {"id": "lf-719", "kind": "wifi", "name": "観光案内標識（渋谷区千駄ヶ谷4-7）", "address": "東京都渋谷区千駄ヶ谷4-7"}}, {"type": "Feature", "geometry": {"type": "Point", "coordinates": [139.701768, 35.682505]}, "properties": {"id": "lf-720", "kind": "wifi", "name": "観光案内標識（渋谷区代々木1-29）", "address": "東京都渋谷区代々木1-29"}}, {"type": "Feature", "geometry": {"type": "Point", "coordinates": [139.701793, 35.683084]}, "properties": {"id": "lf-721", "kind": "wifi", "name": "観光案内標識（渋谷区代々木1-34）", "address": "東京都渋谷区代々木1-34"}}, {"type": "Feature", "geometry": {"type": "Point", "coordinates": [139.701663, 35.682885]}, "properties": {"id": "lf-722", "kind": "wifi", "name": "観光案内標識（渋谷区代々木1-38）", "address": "東京都渋谷区代々木1-38"}}, {"type": "Feature", "geometry": {"type": "Point", "coordinates": [139.710965, 35.648894]}, "properties": {"id": "lf-723", "kind": "wifi", "name": "観光案内標識（渋谷区東3-16）", "address": "東京都渋谷区東3-16"}}, {"type": "Feature", "geometry": {"type": "Point", "coordinates": [139.734954, 35.692208]}, "properties": {"id": "lf-724", "kind": "wifi", "name": "観光案内標識（新宿区市谷八幡町 No.1）", "address": "東京都新宿区市谷八幡町"}}, {"type": "Feature", "geometry": {"type": "Point", "coordinates": [139.735013, 35.691968]}, "properties": {"id": "lf-725", "kind": "wifi", "name": "観光案内標識（新宿区市谷八幡町 No.2）", "address": "東京都新宿区市谷八幡町"}}, {"type": "Feature", "geometry": {"type": "Point", "coordinates": [139.706724, 35.692042]}, "properties": {"id": "lf-726", "kind": "wifi", "name": "観光案内標識（新宿区新宿3-11）", "address": "東京都新宿区新宿3-11"}}, {"type": "Feature", "geometry": {"type": "Point", "coordinates": [139.70122, 35.693469]}, "properties": {"id": "lf-727", "kind": "wifi", "name": "観光案内標識（新宿区新宿3-22）", "address": "東京都新宿区新宿3-22"}}, {"type": "Feature", "geometry": {"type": "Point", "coordinates": [139.700879, 35.692299]}, "properties": {"id": "lf-728", "kind": "wifi", "name": "観光案内標識（新宿区新宿3-38）", "address": "東京都新宿区新宿3-38"}}, {"type": "Feature", "geometry": {"type": "Point", "coordinates": [139.706166, 35.692489]}, "properties": {"id": "lf-729", "kind": "wifi", "name": "観光案内標識（新宿区新宿5-16）", "address": "東京都新宿区新宿5-16"}}, {"type": "Feature", "geometry": {"type": "Point", "coordinates": [139.743018, 35.701159]}, "properties": {"id": "lf-730", "kind": "wifi", "name": "観光案内標識（新宿区神楽坂1）", "address": "東京都新宿区神楽坂1"}}, {"type": "Feature", "geometry": {"type": "Point", "coordinates": [139.696231, 35.690803]}, "properties": {"id": "lf-731", "kind": "wifi", "name": "観光案内標識（新宿区西新宿1-24）", "address": "東京都新宿区西新宿1-24"}}, {"type": "Feature", "geometry": {"type": "Point", "coordinates": [139.699067, 35.693339]}, "properties": {"id": "lf-732", "kind": "wifi", "name": "観光案内標識（新宿区西新宿1-3）", "address": "東京都新宿区西新宿1-3"}}, {"type": "Feature", "geometry": {"type": "Point", "coordinates": [139.6979125, 35.6926699]}, "properties": {"id": "lf-733", "kind": "wifi", "name": "観光案内標識（新宿区西新宿1-5）", "address": "東京都新宿区西新宿1-5"}}, {"type": "Feature", "geometry": {"type": "Point", "coordinates": [139.691536, 35.691972]}, "properties": {"id": "lf-734", "kind": "wifi", "name": "観光案内標識（新宿区西新宿6-6）", "address": "東京都新宿区西新宿6-6"}}, {"type": "Feature", "geometry": {"type": "Point", "coordinates": [139.697465, 35.693626]}, "properties": {"id": "lf-735", "kind": "wifi", "name": "観光案内標識（新宿区西新宿7-11）", "address": "東京都新宿区西新宿7-11"}}, {"type": "Feature", "geometry": {"type": "Point", "coordinates": [139.6905298, 35.6952839]}, "properties": {"id": "lf-736", "kind": "wifi", "name": "観光案内標識（新宿区西新宿8-19）", "address": "東京都新宿区西新宿8-19"}}, {"type": "Feature", "geometry": {"type": "Point", "coordinates": [139.74401, 35.70236]}, "properties": {"id": "lf-737", "kind": "wifi", "name": "観光案内標識（新宿区揚場町1）", "address": "東京都新宿区揚場町1"}}, {"type": "Feature", "geometry": {"type": "Point", "coordinates": [139.771811, 35.702631]}, "properties": {"id": "lf-738", "kind": "wifi", "name": "観光案内標識（千代田区外神田4-7）", "address": "東京都千代田区外神田4-7"}}, {"type": "Feature", "geometry": {"type": "Point", "coordinates": [139.765465, 35.680225]}, "properties": {"id": "lf-739", "kind": "wifi", "name": "観光案内標識（千代田区丸の内1-9）", "address": "東京都千代田区丸の内1-9"}}, {"type": "Feature", "geometry": {"type": "Point", "coordinates": [139.763734, 35.678054]}, "properties": {"id": "lf-740", "kind": "wifi", "name": "観光案内標識（千代田区丸の内2-7）", "address": "東京都千代田区丸の内2-7"}}, {"type": "Feature", "geometry": {"type": "Point", "coordinates": [139.738594, 35.69173]}, "properties": {"id": "lf-741", "kind": "wifi", "name": "観光案内標識（千代田区九段南4-7）", "address": "東京都千代田区九段南4-7"}}, {"type": "Feature", "geometry": {"type": "Point", "coordinates": [139.738416, 35.691887]}, "properties": {"id": "lf-742", "kind": "wifi", "name": "観光案内標識（千代田区九段北4-2）", "address": "東京都千代田区九段北4-2"}}, {"type": "Feature", "geometry": {"type": "Point", "coordinates": [139.76701, 35.695085]}, "properties": {"id": "lf-743", "kind": "wifi", "name": "観光案内標識（千代田区神田小川町1-1）", "address": "東京都千代田区神田小川町1-1"}}, {"type": "Feature", "geometry": {"type": "Point", "coordinates": [139.774042, 35.695508]}, "properties": {"id": "lf-744", "kind": "wifi", "name": "観光案内標識（千代田区神田須田町2-8）", "address": "東京都千代田区神田須田町2-8"}}, {"type": "Feature", "geometry": {"type": "Point", "coordinates": [139.766942, 35.695343]}, "properties": {"id": "lf-745", "kind": "wifi", "name": "観光案内標識（千代田区神田淡路町1-1）", "address": "東京都千代田区神田淡路町1-1"}}, {"type": "Feature", "geometry": {"type": "Point", "coordinates": [139.762686, 35.675017]}, "properties": {"id": "lf-746", "kind": "wifi", "name": "観光案内標識（千代田区有楽町1-11）", "address": "東京都千代田区有楽町1-11"}}, {"type": "Feature", "geometry": {"type": "Point", "coordinates": [139.760934, 35.673851]}, "properties": {"id": "lf-747", "kind": "wifi", "name": "観光案内標識（千代田区有楽町1-6）", "address": "東京都千代田区有楽町1-6"}}, {"type": "Feature", "geometry": {"type": "Point", "coordinates": [139.762627, 35.67332]}, "properties": {"id": "lf-748", "kind": "wifi", "name": "観光案内標識（千代田区有楽町2-5）", "address": "東京都千代田区有楽町2-5"}}, {"type": "Feature", "geometry": {"type": "Point", "coordinates": [139.796385, 35.708644]}, "properties": {"id": "lf-749", "kind": "wifi", "name": "観光案内標識（台東区駒形2-7）", "address": "東京都台東区駒形2-7"}}, {"type": "Feature", "geometry": {"type": "Point", "coordinates": [139.772393, 35.706569]}, "properties": {"id": "lf-750", "kind": "wifi", "name": "観光案内標識（台東区上野1-19）", "address": "東京都台東区上野1-19"}}, {"type": "Feature", "geometry": {"type": "Point", "coordinates": [139.774024, 35.711182]}, "properties": {"id": "lf-751", "kind": "wifi", "name": "観光案内標識（台東区上野4-10）", "address": "東京都台東区上野4-10"}}, {"type": "Feature", "geometry": {"type": "Point", "coordinates": [139.774642, 35.707741]}, "properties": {"id": "lf-752", "kind": "wifi", "name": "観光案内標識（台東区上野5-27）", "address": "東京都台東区上野5-27"}}, {"type": "Feature", "geometry": {"type": "Point", "coordinates": [139.775049, 35.711442]}, "properties": {"id": "lf-753", "kind": "wifi", "name": "観光案内標識（台東区上野6-12）", "address": "東京都台東区上野6-12"}}, {"type": "Feature", "geometry": {"type": "Point", "coordinates": [139.775008, 35.711753]}, "properties": {"id": "lf-754", "kind": "wifi", "name": "観光案内標識（台東区上野7-1）", "address": "東京都台東区上野7-1"}}, {"type": "Feature", "geometry": {"type": "Point", "coordinates": [139.791396, 35.710086]}, "properties": {"id": "lf-755", "kind": "wifi", "name": "観光案内標識（台東区西浅草1-1）", "address": "東京都台東区西浅草1-1"}}, {"type": "Feature", "geometry": {"type": "Point", "coordinates": [139.788491, 35.710376]}, "properties": {"id": "lf-756", "kind": "wifi", "name": "観光案内標識（台東区西浅草1-4）", "address": "東京都台東区西浅草1-4"}}, {"type": "Feature", "geometry": {"type": "Point", "coordinates": [139.791858, 35.711472]}, "properties": {"id": "lf-757", "kind": "wifi", "name": "観光案内標識（台東区西浅草1-8）", "address": "東京都台東区西浅草1-8"}}, {"type": "Feature", "geometry": {"type": "Point", "coordinates": [139.792669, 35.715409]}, "properties": {"id": "lf-758", "kind": "wifi", "name": "観光案内標識（台東区西浅草3-16）", "address": "東京都台東区西浅草3-16"}}, {"type": "Feature", "geometry": {"type": "Point", "coordinates": [139.794843, 35.711176]}, "properties": {"id": "lf-759", "kind": "wifi", "name": "観光案内標識（台東区浅草2-13）", "address": "東京都台東区浅草2-13"}}, {"type": "Feature", "geometry": {"type": "Point", "coordinates": [139.796034, 35.716391]}, "properties": {"id": "lf-760", "kind": "wifi", "name": "観光案内標識（台東区浅草2-28）", "address": "東京都台東区浅草2-28"}}, {"type": "Feature", "geometry": {"type": "Point", "coordinates": [139.782376, 35.711271]}, "properties": {"id": "lf-761", "kind": "wifi", "name": "観光案内標識（台東区東上野3-33）", "address": "東京都台東区東上野3-33"}}, {"type": "Feature", "geometry": {"type": "Point", "coordinates": [139.778533, 35.712184]}, "properties": {"id": "lf-762", "kind": "wifi", "name": "観光案内標識（台東区東上野4-3）", "address": "東京都台東区東上野4-3"}}, {"type": "Feature", "geometry": {"type": "Point", "coordinates": [139.782786, 35.711404]}, "properties": {"id": "lf-763", "kind": "wifi", "name": "観光案内標識（台東区東上野5-1）", "address": "東京都台東区東上野5-1"}}, {"type": "Feature", "geometry": {"type": "Point", "coordinates": [139.797946, 35.710537]}, "properties": {"id": "lf-764", "kind": "wifi", "name": "観光案内標識（台東区雷門2-20）", "address": "東京都台東区雷門2-20"}}, {"type": "Feature", "geometry": {"type": "Point", "coordinates": [139.72092, 35.561794]}, "properties": {"id": "lf-765", "kind": "wifi", "name": "観光案内標識（大田区蒲田5-27）", "address": "東京都大田区蒲田5-27"}}, {"type": "Feature", "geometry": {"type": "Point", "coordinates": [139.715403, 35.562577]}, "properties": {"id": "lf-766", "kind": "wifi", "name": "観光案内標識（大田区西蒲田7-68）", "address": "東京都大田区西蒲田7-68"}}, {"type": "Feature", "geometry": {"type": "Point", "coordinates": [139.7678915, 35.6736973]}, "properties": {"id": "lf-767", "kind": "wifi", "name": "観光案内標識（中央区銀座2-7）", "address": "東京都中央区銀座2-7"}}, {"type": "Feature", "geometry": {"type": "Point", "coordinates": [139.76377, 35.673135]}, "properties": {"id": "lf-768", "kind": "wifi", "name": "観光案内標識（中央区銀座4-1）", "address": "東京都中央区銀座4-1"}}, {"type": "Feature", "geometry": {"type": "Point", "coordinates": [139.768075, 35.6683941]}, "properties": {"id": "lf-769", "kind": "wifi", "name": "観光案内標識（中央区銀座5-15）", "address": "東京都中央区銀座5-15"}}, {"type": "Feature", "geometry": {"type": "Point", "coordinates": [139.7639583, 35.6704331]}, "properties": {"id": "lf-770", "kind": "wifi", "name": "観光案内標識（中央区銀座5-7）", "address": "東京都中央区銀座5-7"}}, {"type": "Feature", "geometry": {"type": "Point", "coordinates": [139.771693, 35.667552]}, "properties": {"id": "lf-771", "kind": "wifi", "name": "観光案内標識（中央区築地2-13）", "address": "東京都中央区築地2-13"}}, {"type": "Feature", "geometry": {"type": "Point", "coordinates": [139.770902, 35.666476]}, "properties": {"id": "lf-772", "kind": "wifi", "name": "観光案内標識（中央区築地3-16）", "address": "東京都中央区築地3-16"}}, {"type": "Feature", "geometry": {"type": "Point", "coordinates": [139.770381, 35.666612]}, "properties": {"id": "lf-773", "kind": "wifi", "name": "観光案内標識（中央区築地4-7）", "address": "東京都中央区築地4-7"}}, {"type": "Feature", "geometry": {"type": "Point", "coordinates": [139.771492, 35.679529]}, "properties": {"id": "lf-774", "kind": "wifi", "name": "観光案内標識（中央区日本橋3-4）", "address": "東京都中央区日本橋3-4"}}, {"type": "Feature", "geometry": {"type": "Point", "coordinates": [139.763161, 35.724752]}, "properties": {"id": "lf-775", "kind": "wifi", "name": "観光案内標識（文京区千駄木2-33）", "address": "東京都文京区千駄木2-33"}}, {"type": "Feature", "geometry": {"type": "Point", "coordinates": [139.709267, 35.730912]}, "properties": {"id": "lf-776", "kind": "wifi", "name": "観光案内標識（豊島区西池袋1-16）", "address": "東京都豊島区西池袋1-16"}}, {"type": "Feature", "geometry": {"type": "Point", "coordinates": [139.709236, 35.732945]}, "properties": {"id": "lf-777", "kind": "wifi", "name": "観光案内標識（豊島区西池袋1-38）", "address": "東京都豊島区西池袋1-38"}}, {"type": "Feature", "geometry": {"type": "Point", "coordinates": [139.713164, 35.729796]}, "properties": {"id": "lf-778", "kind": "wifi", "name": "観光案内標識（豊島区東池袋1-1）", "address": "東京都豊島区東池袋1-1"}}, {"type": "Feature", "geometry": {"type": "Point", "coordinates": [139.714278, 35.73179]}, "properties": {"id": "lf-779", "kind": "wifi", "name": "観光案内標識（豊島区東池袋1-8）", "address": "東京都豊島区東池袋1-8"}}, {"type": "Feature", "geometry": {"type": "Point", "coordinates": [139.716539, 35.727475]}, "properties": {"id": "lf-780", "kind": "wifi", "name": "観光案内標識（豊島区南池袋2-30）", "address": "東京都豊島区南池袋2-30"}}, {"type": "Feature", "geometry": {"type": "Point", "coordinates": [139.808766, 35.708941]}, "properties": {"id": "lf-781", "kind": "wifi", "name": "観光案内標識（墨田区業平1-18）", "address": "東京都墨田区業平1-18"}}, {"type": "Feature", "geometry": {"type": "Point", "coordinates": [139.811674, 35.708825]}, "properties": {"id": "lf-782", "kind": "wifi", "name": "観光案内標識（墨田区業平2-15）", "address": "東京都墨田区業平2-15"}}, {"type": "Feature", "geometry": {"type": "Point", "coordinates": [139.811655, 35.709071]}, "properties": {"id": "lf-783", "kind": "wifi", "name": "観光案内標識（墨田区業平2-16）", "address": "東京都墨田区業平2-16"}}, {"type": "Feature", "geometry": {"type": "Point", "coordinates": [139.812798, 35.708901]}, "properties": {"id": "lf-784", "kind": "wifi", "name": "観光案内標識（墨田区業平3-13）", "address": "東京都墨田区業平3-13"}}, {"type": "Feature", "geometry": {"type": "Point", "coordinates": [139.81294, 35.70914]}, "properties": {"id": "lf-785", "kind": "wifi", "name": "観光案内標識（墨田区業平3-15）", "address": "東京都墨田区業平3-15"}}, {"type": "Feature", "geometry": {"type": "Point", "coordinates": [139.734312, 35.656982]}, "properties": {"id": "lf-786", "kind": "wifi", "name": "観光案内標識No.1（港区麻布十番1-4）", "address": "東京都o.1（港区麻布十番1-4"}}, {"type": "Feature", "geometry": {"type": "Point", "coordinates": [139.735122, 35.656798]}, "properties": {"id": "lf-787", "kind": "wifi", "name": "観光案内標識No.2（港区麻布十番1-4）", "address": "東京都o.2（港区麻布十番1-4"}}, {"type": "Feature", "geometry": {"type": "Point", "coordinates": [139.7716098, 35.7004818]}, "properties": {"id": "lf-788", "kind": "wifi", "name": "デジタルサイネージ（OAシステムプラザ東京本店ビル前）", "address": "東京都千代田区外神田4-3-2"}}, {"type": "Feature", "geometry": {"type": "Point", "coordinates": [139.702389, 35.662195]}, "properties": {"id": "lf-789", "kind": "wifi", "name": "デジタルサイネージ（ROSE　BUD前）", "address": "東京都渋谷区渋谷1-23-18"}}, {"type": "Feature", "geometry": {"type": "Point", "coordinates": [139.764955, 35.677963]}, "properties": {"id": "lf-790", "kind": "wifi", "name": "デジタルサイネージ（TOKIAビル前）", "address": "東京都千代田区丸の内2-7-3"}}, {"type": "Feature", "geometry": {"type": "Point", "coordinates": [139.774335, 35.711565]}, "properties": {"id": "lf-791", "kind": "wifi", "name": "デジタルサイネージ（UENO3153ビル前）", "address": "東京都台東区上野公園1"}}, {"type": "Feature", "geometry": {"type": "Point", "coordinates": [139.77752, 35.629433]}, "properties": {"id": "lf-792", "kind": "wifi", "name": "デジタルサイネージ（お台場海浜公園出口付近）", "address": "東京都港区台場1-5-3"}}, {"type": "Feature", "geometry": {"type": "Point", "coordinates": [139.7589133, 35.6671004]}, "properties": {"id": "lf-793", "kind": "wifi", "name": "デジタルサイネージ（カラオケ館前）", "address": "東京都港区新橋2-18-2"}}, {"type": "Feature", "geometry": {"type": "Point", "coordinates": [139.775574, 35.624054]}, "properties": {"id": "lf-794", "kind": "wifi", "name": "デジタルサイネージ（ダイバーシティ前）", "address": "東京都江東区青海1-1-10"}}, {"type": "Feature", "geometry": {"type": "Point", "coordinates": [139.70248, 35.660676]}, "properties": {"id": "lf-795", "kind": "wifi", "name": "デジタルサイネージ（はなぶさ渋谷店前）", "address": "東京都渋谷区渋谷1-15-20"}}, {"type": "Feature", "geometry": {"type": "Point", "coordinates": [139.778818, 35.626144]}, "properties": {"id": "lf-796", "kind": "wifi", "name": "デジタルサイネージ（ビーナスフォート）", "address": "東京都江東区青海1-2-1"}}, {"type": "Feature", "geometry": {"type": "Point", "coordinates": [139.730015, 35.662069]}, "properties": {"id": "lf-797", "kind": "wifi", "name": "デジタルサイネージ（ヒルズノースタワー前）", "address": "東京都港区六本木6-2-31"}}, {"type": "Feature", "geometry": {"type": "Point", "coordinates": [139.771522, 35.702141]}, "properties": {"id": "lf-798", "kind": "wifi", "name": "デジタルサイネージ（モスバーガー前）", "address": "東京都千代田区外神田3-16-14"}}, {"type": "Feature", "geometry": {"type": "Point", "coordinates": [139.7315386, 35.6637604]}, "properties": {"id": "lf-799", "kind": "wifi", "name": "デジタルサイネージ（レム六本木ビル前）", "address": "東京都港区六本木7-14-4"}}, {"type": "Feature", "geometry": {"type": "Point", "coordinates": [139.764145, 35.680619]}, "properties": {"id": "lf-800", "kind": "wifi", "name": "デジタルサイネージ（丸ビル前）", "address": "東京都千代田区丸の内2-4-1"}}, {"type": "Feature", "geometry": {"type": "Point", "coordinates": [139.773552, 35.709134]}, "properties": {"id": "lf-801", "kind": "wifi", "name": "デジタルサイネージ（亀井堂本店前）", "address": "東京都台東区上野4-5-6"}}, {"type": "Feature", "geometry": {"type": "Point", "coordinates": [139.694121, 35.690741]}, "properties": {"id": "lf-802", "kind": "wifi", "name": "デジタルサイネージ（京王プラザホテル前）", "address": "東京都新宿区西新宿2-2"}}, {"type": "Feature", "geometry": {"type": "Point", "coordinates": [139.759842, 35.669174]}, "properties": {"id": "lf-803", "kind": "wifi", "name": "デジタルサイネージ（銀座・THE CELESTINE HOTEL前）", "address": "東京都中央区銀座8-4-22"}}, {"type": "Feature", "geometry": {"type": "Point", "coordinates": [139.802402, 35.711684]}, "properties": {"id": "lf-804", "kind": "wifi", "name": "デジタルサイネージ（隅田公園）", "address": "東京都墨田区向島1丁目地内"}}, {"type": "Feature", "geometry": {"type": "Point", "coordinates": [139.702987, 35.671216]}, "properties": {"id": "lf-805", "kind": "wifi", "name": "デジタルサイネージ（原宿・Skechers原宿店前）", "address": "東京都渋谷区神宮前1-14-34"}}, {"type": "Feature", "geometry": {"type": "Point", "coordinates": [139.702911, 35.669851]}, "properties": {"id": "lf-806", "kind": "wifi", "name": "デジタルサイネージ（原宿・まちかど庭園前）", "address": "東京都渋谷区神宮前6-35-3"}}, {"type": "Feature", "geometry": {"type": "Point", "coordinates": [139.7933623, 35.7138652]}, "properties": {"id": "lf-807", "kind": "wifi", "name": "デジタルサイネージ（公園六区交番前）", "address": "東京都台東区浅草2-6-5"}}, {"type": "Feature", "geometry": {"type": "Point", "coordinates": [139.762831, 35.678296]}, "properties": {"id": "lf-808", "kind": "wifi", "name": "デジタルサイネージ（三菱１号館美術館前）", "address": "東京都千代田区丸の内2-6-1"}}, {"type": "Feature", "geometry": {"type": "Point", "coordinates": [139.773102, 35.708974]}, "properties": {"id": "lf-809", "kind": "wifi", "name": "デジタルサイネージ（酒悦前）", "address": "東京都台東区上野2-7-11"}}, {"type": "Feature", "geometry": {"type": "Point", "coordinates": [139.773832, 35.698638]}, "properties": {"id": "lf-810", "kind": "wifi", "name": "デジタルサイネージ（秋葉原・オアシスアキバ）", "address": "東京都千代田区神田花岡町1番地先"}}, {"type": "Feature", "geometry": {"type": "Point", "coordinates": [139.774199, 35.697479]}, "properties": {"id": "lf-811", "kind": "wifi", "name": "デジタルサイネージ（秋葉原・東京都中小企業振興公社前）", "address": "東京都千代田区神田佐久間町1-9"}}, {"type": "Feature", "geometry": {"type": "Point", "coordinates": [139.77123, 35.700023]}, "properties": {"id": "lf-812", "kind": "wifi", "name": "デジタルサイネージ（住友不動産ビル）", "address": "東京都千代田区外神田3-12-8"}}, {"type": "Feature", "geometry": {"type": "Point", "coordinates": [139.702481, 35.659857]}, "properties": {"id": "lf-813", "kind": "wifi", "name": "デジタルサイネージ（渋谷・宮益坂下交差点）", "address": "東京都渋谷区渋谷1-14-13"}}, {"type": "Feature", "geometry": {"type": "Point", "coordinates": [139.702149, 35.660553]}, "properties": {"id": "lf-814", "kind": "wifi", "name": "デジタルサイネージ（渋谷・宮下パークビル前）", "address": "東京都渋谷区渋谷1-24-7"}}, {"type": "Feature", "geometry": {"type": "Point", "coordinates": [139.700112, 35.669254]}, "properties": {"id": "lf-815", "kind": "wifi", "name": "デジタルサイネージ（渋谷・代々木公園）", "address": "東京都渋谷区代々木神園町2-1"}}, {"type": "Feature", "geometry": {"type": "Point", "coordinates": [139.774741, 35.71542]}, "properties": {"id": "lf-816", "kind": "wifi", "name": "デジタルサイネージ（上野恩賜公園内（動物園前交番付近））", "address": "東京都台東区上野公園8-4"}}, {"type": "Feature", "geometry": {"type": "Point", "coordinates": [139.7647158, 35.6823669]}, "properties": {"id": "lf-817", "kind": "wifi", "name": "デジタルサイネージ（新丸ビル前）", "address": "東京都千代田区丸の内1-5-1"}}, {"type": "Feature", "geometry": {"type": "Point", "coordinates": [139.701452, 35.692414]}, "properties": {"id": "lf-818", "kind": "wifi", "name": "デジタルサイネージ（新宿アルタ前）", "address": "東京都新宿区新宿3-24-3"}}, {"type": "Feature", "geometry": {"type": "Point", "coordinates": [139.794014, 35.71126]}, "properties": {"id": "lf-819", "kind": "wifi", "name": "デジタルサイネージ（浅草・酒冨士前）", "address": "東京都台東区浅草1-6-1"}}, {"type": "Feature", "geometry": {"type": "Point", "coordinates": [139.776459, 35.620924]}, "properties": {"id": "lf-820", "kind": "wifi", "name": "デジタルサイネージ（台場・東京国際交流館前）", "address": "東京都江東区青海2-2-1"}}, {"type": "Feature", "geometry": {"type": "Point", "coordinates": [139.769878, 35.667026]}, "properties": {"id": "lf-821", "kind": "wifi", "name": "デジタルサイネージ（築地・京王プレッソイン東銀座前）", "address": "東京都中央区築地4-7-3"}}, {"type": "Feature", "geometry": {"type": "Point", "coordinates": [139.770578, 35.664411]}, "properties": {"id": "lf-822", "kind": "wifi", "name": "デジタルサイネージ（築地・中央市場駐輪場付近）", "address": "東京都中央区築地5-2-1"}}, {"type": "Feature", "geometry": {"type": "Point", "coordinates": [139.792269, 35.712176]}, "properties": {"id": "lf-823", "kind": "wifi", "name": "デジタルサイネージ（天婦羅たから家前）", "address": "東京都台東区浅草1-11-6"}}, {"type": "Feature", "geometry": {"type": "Point", "coordinates": [139.692763, 35.690349]}, "properties": {"id": "lf-824", "kind": "wifi", "name": "デジタルサイネージ（都営大江戸線都庁前駅出入口）", "address": "東京都新宿区西新宿2-5"}}, {"type": "Feature", "geometry": {"type": "Point", "coordinates": [139.728221, 35.661027]}, "properties": {"id": "lf-825", "kind": "wifi", "name": "デジタルサイネージ（六本木クロスポイント前）", "address": "東京都港区六本木6-3-1"}}, {"type": "Feature", "geometry": {"type": "Point", "coordinates": [139.853286, 35.643346]}, "properties": {"id": "lf-826", "kind": "wifi", "name": "カヌー・スラロームセンター", "address": "東京都江戸川区臨海町6-1-1 カヌー・スラロームセンター"}}, {"type": "Feature", "geometry": {"type": "Point", "coordinates": [139.759228, 35.703041]}, "properties": {"id": "lf-827", "kind": "wifi", "name": "トーキョーアーツアンドスペース本郷", "address": "東京都文京区本郷2-4-16"}}, {"type": "Feature", "geometry": {"type": "Point", "coordinates": [139.480089, 34.067964]}, "properties": {"id": "lf-828", "kind": "wifi", "name": "阿古漁港船客待合所", "address": "東京都三宅島三宅村阿古672-3"}}, {"type": "Feature", "geometry": {"type": "Point", "coordinates": [139.577107, 35.699516]}, "properties": {"id": "lf-829", "kind": "wifi", "name": "井の頭恩賜公園", "address": "東京都武蔵野市御殿山1-18-31"}}, {"type": "Feature", "geometry": {"type": "Point", "coordinates": [139.572753, 35.700803]}, "properties": {"id": "lf-830", "kind": "wifi", "name": "井の頭自然文化園", "address": "東京都武蔵野市御殿山1-17-6"}}, {"type": "Feature", "geometry": {"type": "Point", "coordinates": [139.0976445, 35.8086094]}, "properties": {"id": "lf-831", "kind": "wifi", "name": "奥多摩ビジターセンター", "address": "東京都西多摩郡奥多摩町氷川171-1"}}, {"type": "Feature", "geometry": {"type": "Point", "coordinates": [139.0976445, 35.8086094]}, "properties": {"id": "lf-832", "kind": "wifi", "name": "奥多摩ビジターセンター", "address": "東京都西多摩郡奥多摩町氷川171-1"}}, {"type": "Feature", "geometry": {"type": "Point", "coordinates": [139.0229417, 35.7666918]}, "properties": {"id": "lf-833", "kind": "wifi", "name": "奥多摩湖畔公園山のふるさと村", "address": "東京都西多摩郡奥多摩町川野1740"}}, {"type": "Feature", "geometry": {"type": "Point", "coordinates": [139.7965541, 35.6988095]}, "properties": {"id": "lf-834", "kind": "wifi", "name": "横網町公園", "address": "東京都墨田区横網2-3-25"}}, {"type": "Feature", "geometry": {"type": "Point", "coordinates": [139.3953026, 34.7864201]}, "properties": {"id": "lf-835", "kind": "wifi", "name": "岡田港船客待合所", "address": "東京都大島町岡田5"}}, {"type": "Feature", "geometry": {"type": "Point", "coordinates": [139.772133, 35.716155]}, "properties": {"id": "lf-836", "kind": "wifi", "name": "恩賜上野動物園", "address": "東京都台東区上野公園9-83"}}, {"type": "Feature", "geometry": {"type": "Point", "coordinates": [139.7688127, 35.7146536]}, "properties": {"id": "lf-837", "kind": "wifi", "name": "恩賜上野動物園（西園休憩所）", "address": "東京都台東区上野公園3-3"}}, {"type": "Feature", "geometry": {"type": "Point", "coordinates": [139.7705227, 35.7169565]}, "properties": {"id": "lf-838", "kind": "wifi", "name": "恩賜上野動物園（藤棚休憩所）", "address": "東京都台東区上野公園9-83"}}, {"type": "Feature", "geometry": {"type": "Point", "coordinates": [139.7722898, 35.7126896]}, "properties": {"id": "lf-839", "kind": "wifi", "name": "恩賜上野動物園（弁天門）", "address": "東京都台東区上野公園2"}}, {"type": "Feature", "geometry": {"type": "Point", "coordinates": [139.816528, 35.607861]}, "properties": {"id": "lf-840", "kind": "wifi", "name": "海の森水上競技場", "address": "東京都江東区青海3 海の森水上競技場"}}, {"type": "Feature", "geometry": {"type": "Point", "coordinates": [139.860499, 35.643243]}, "properties": {"id": "lf-841", "kind": "wifi", "name": "葛西臨海公園", "address": "東京都江戸川区臨海町6-2"}}, {"type": "Feature", "geometry": {"type": "Point", "coordinates": [139.861223, 35.640867]}, "properties": {"id": "lf-842", "kind": "wifi", "name": "葛西臨海水族園", "address": "東京都江戸川区臨海町6-2-3"}}, {"type": "Feature", "geometry": {"type": "Point", "coordinates": [139.621357, 35.629038]}, "properties": {"id": "lf-843", "kind": "wifi", "name": "砧公園", "address": "東京都世田谷区砧公園1-1"}}, {"type": "Feature", "geometry": {"type": "Point", "coordinates": [139.767164, 35.710134]}, "properties": {"id": "lf-844", "kind": "wifi", "name": "旧岩崎邸庭園", "address": "東京都台東区池之端1-3-45"}}, {"type": "Feature", "geometry": {"type": "Point", "coordinates": [139.746697, 35.742954]}, "properties": {"id": "lf-845", "kind": "wifi", "name": "旧古河庭園", "address": "東京都北区西ヶ原1-27-39"}}, {"type": "Feature", "geometry": {"type": "Point", "coordinates": [139.758048, 35.655788]}, "properties": {"id": "lf-846", "kind": "wifi", "name": "旧芝離宮恩賜庭園", "address": "東京都港区海岸1-4-1"}}, {"type": "Feature", "geometry": {"type": "Point", "coordinates": [139.680149, 35.662087]}, "properties": {"id": "lf-847", "kind": "wifi", "name": "旧前田家本邸洋館", "address": "東京都目黒区駒場4-3-55"}}, {"type": "Feature", "geometry": {"type": "Point", "coordinates": [139.65979, 35.623883]}, "properties": {"id": "lf-848", "kind": "wifi", "name": "駒沢オリンピック公園", "address": "東京都世田谷区駒沢公園1-1"}}, {"type": "Feature", "geometry": {"type": "Point", "coordinates": [139.352529, 34.751962]}, "properties": {"id": "lf-849", "kind": "wifi", "name": "元町港船客待合所", "address": "東京都大島町元町1-18-3"}}, {"type": "Feature", "geometry": {"type": "Point", "coordinates": [139.7045738, 35.7054009]}, "properties": {"id": "lf-850", "kind": "wifi", "name": "戸山公園", "address": "東京都新宿区大久保3-5-1"}}, {"type": "Feature", "geometry": {"type": "Point", "coordinates": [139.1831917, 35.8015977]}, "properties": {"id": "lf-851", "kind": "wifi", "name": "御岳インフォメーションセンター", "address": "東京都青梅市御岳本町332"}}, {"type": "Feature", "geometry": {"type": "Point", "coordinates": [139.150542, 35.78677]}, "properties": {"id": "lf-852", "kind": "wifi", "name": "御岳ビジターセンター", "address": "東京都青梅市御岳山38-5"}}, {"type": "Feature", "geometry": {"type": "Point", "coordinates": [139.589323, 33.895687]}, "properties": {"id": "lf-853", "kind": "wifi", "name": "御蔵島港船客待合所", "address": "東京都御蔵島村"}}, {"type": "Feature", "geometry": {"type": "Point", "coordinates": [139.628211, 35.763789]}, "properties": {"id": "lf-854", "kind": "wifi", "name": "光が丘公園", "address": "東京都練馬区光が丘4-1-1"}}, {"type": "Feature", "geometry": {"type": "Point", "coordinates": [139.815001, 35.724221]}, "properties": {"id": "lf-855", "kind": "wifi", "name": "向島百花園", "address": "東京都墨田区東向島3-18-3"}}, {"type": "Feature", "geometry": {"type": "Point", "coordinates": [139.512645, 35.715824]}, "properties": {"id": "lf-856", "kind": "wifi", "name": "江戸東京たてもの園", "address": "東京都小金井市桜町3-7-1"}}, {"type": "Feature", "geometry": {"type": "Point", "coordinates": [139.243309, 35.62501]}, "properties": {"id": "lf-857", "kind": "wifi", "name": "高尾ビジターセンター", "address": "東京都八王子市高尾町2176"}}, {"type": "Feature", "geometry": {"type": "Point", "coordinates": [139.4593643, 35.6332338]}, "properties": {"id": "lf-858", "kind": "wifi", "name": "桜ヶ丘公園", "address": "東京都多摩市連光寺5-15"}}, {"type": "Feature", "geometry": {"type": "Point", "coordinates": [139.154203, 34.202244]}, "properties": {"id": "lf-859", "kind": "wifi", "name": "三浦漁港船客待合所", "address": "東京都神津島村字榎木が沢13-4"}}, {"type": "Feature", "geometry": {"type": "Point", "coordinates": [139.559118, 34.073627]}, "properties": {"id": "lf-860", "kind": "wifi", "name": "三宅島空港ターミナル", "address": "東京都三宅村坪田三宅島1378"}}, {"type": "Feature", "geometry": {"type": "Point", "coordinates": [139.563655, 34.079778]}, "properties": {"id": "lf-861", "kind": "wifi", "name": "三池港船客待合所", "address": "東京都三宅村三宅島坪田1267"}}, {"type": "Feature", "geometry": {"type": "Point", "coordinates": [139.809751, 35.736584]}, "properties": {"id": "lf-862", "kind": "wifi", "name": "汐入公園", "address": "東京都荒川区南千住8-13-1"}}, {"type": "Feature", "geometry": {"type": "Point", "coordinates": [139.899156, 35.71562]}, "properties": {"id": "lf-863", "kind": "wifi", "name": "篠崎公園", "address": "東京都江戸川区上篠崎1-25-1"}}, {"type": "Feature", "geometry": {"type": "Point", "coordinates": [139.7494308, 35.653246]}, "properties": {"id": "lf-864", "kind": "wifi", "name": "芝公園", "address": "東京都港区芝公園4-10-17"}}, {"type": "Feature", "geometry": {"type": "Point", "coordinates": [139.768363, 35.797124]}, "properties": {"id": "lf-865", "kind": "wifi", "name": "舎人公園", "address": "東京都足立区舎人公園1-1"}}, {"type": "Feature", "geometry": {"type": "Point", "coordinates": [139.833601, 35.618461]}, "properties": {"id": "lf-866", "kind": "wifi", "name": "若洲海浜公園", "address": "東京都江東区若洲3-1-2"}}, {"type": "Feature", "geometry": {"type": "Point", "coordinates": [139.301851, 35.72938]}, "properties": {"id": "lf-867", "kind": "wifi", "name": "秋留台公園", "address": "東京都あきる野市二宮673-1"}}, {"type": "Feature", "geometry": {"type": "Point", "coordinates": [139.518741, 35.714434]}, "properties": {"id": "lf-868", "kind": "wifi", "name": "小金井公園", "address": "東京都小金井市関野町1-13-1"}}, {"type": "Feature", "geometry": {"type": "Point", "coordinates": [139.74819, 35.704868]}, "properties": {"id": "lf-869", "kind": "wifi", "name": "小石川後楽園", "address": "東京都文京区後楽1-6-6"}}, {"type": "Feature", "geometry": {"type": "Point", "coordinates": [139.775976, 35.714783]}, "properties": {"id": "lf-870", "kind": "wifi", "name": "上野恩賜公園", "address": "東京都台東区上野公園85-20・池之端3丁目"}}, {"type": "Feature", "geometry": {"type": "Point", "coordinates": [139.774079, 35.714071]}, "properties": {"id": "lf-871", "kind": "wifi", "name": "上野恩賜公園（サービスセンター）", "address": "東京都台東区上野公園5-20"}}, {"type": "Feature", "geometry": {"type": "Point", "coordinates": [139.770802, 35.709917]}, "properties": {"id": "lf-872", "kind": "wifi", "name": "上野恩賜公園（野外ステージ）", "address": "東京都台東区上野公園2-1"}}, {"type": "Feature", "geometry": {"type": "Point", "coordinates": [139.783424, 35.578307]}, "properties": {"id": "lf-873", "kind": "wifi", "name": "城南島海浜公園", "address": "東京都大田区城南島4-2-2"}}, {"type": "Feature", "geometry": {"type": "Point", "coordinates": [139.672834, 35.756648]}, "properties": {"id": "lf-874", "kind": "wifi", "name": "城北中央公園", "address": "東京都練馬区氷川台1-3-1"}}, {"type": "Feature", "geometry": {"type": "Point", "coordinates": [139.26909, 34.370104]}, "properties": {"id": "lf-875", "kind": "wifi", "name": "新島空港ターミナル", "address": "東京都新島村川原"}}, {"type": "Feature", "geometry": {"type": "Point", "coordinates": [139.244051, 34.367412]}, "properties": {"id": "lf-876", "kind": "wifi", "name": "新島港船客待合所", "address": "東京都新島村黒根"}}, {"type": "Feature", "geometry": {"type": "Point", "coordinates": [139.545966, 35.672102]}, "properties": {"id": "lf-877", "kind": "wifi", "name": "神代植物公園", "address": "東京都調布市深大寺元町5-31-10"}}, {"type": "Feature", "geometry": {"type": "Point", "coordinates": [139.134805, 34.190051]}, "properties": {"id": "lf-878", "kind": "wifi", "name": "神津島空港ターミナル", "address": "東京都神津島村字金"}}, {"type": "Feature", "geometry": {"type": "Point", "coordinates": [139.131783, 34.207978]}, "properties": {"id": "lf-879", "kind": "wifi", "name": "神津島港船客待合所", "address": "東京都神津島村37番2地先"}}, {"type": "Feature", "geometry": {"type": "Point", "coordinates": [139.816543, 33.122945]}, "properties": {"id": "lf-880", "kind": "wifi", "name": "神湊船客待合所（八丈島）", "address": "東京都八丈島八丈町三根4184-1"}}, {"type": "Feature", "geometry": {"type": "Point", "coordinates": [139.869246, 35.786429]}, "properties": {"id": "lf-881", "kind": "wifi", "name": "水元公園", "address": "東京都葛飾区水元公園3-2"}}, {"type": "Feature", "geometry": {"type": "Point", "coordinates": [139.797248, 35.68093]}, "properties": {"id": "lf-882", "kind": "wifi", "name": "清澄庭園", "address": "東京都江東区清澄3-3"}}, {"type": "Feature", "geometry": {"type": "Point", "coordinates": [139.759143, 32.447894]}, "properties": {"id": "lf-883", "kind": "wifi", "name": "青ヶ島港船客待合所", "address": "東京都青ヶ島村三宝"}}, {"type": "Feature", "geometry": {"type": "Point", "coordinates": [139.597577, 35.7390102]}, "properties": {"id": "lf-884", "kind": "wifi", "name": "石神井公園", "address": "東京都練馬区石神井台1-26-1"}}, {"type": "Feature", "geometry": {"type": "Point", "coordinates": [139.657044, 35.785746]}, "properties": {"id": "lf-885", "kind": "wifi", "name": "赤塚公園", "address": "東京都板橋区高島平3-1"}}, {"type": "Feature", "geometry": {"type": "Point", "coordinates": [139.632429, 35.690687]}, "properties": {"id": "lf-886", "kind": "wifi", "name": "善福寺川緑地（和田堀公園）", "address": "東京都杉並区成田西1-30-27"}}, {"type": "Feature", "geometry": {"type": "Point", "coordinates": [139.152445, 34.203656]}, "properties": {"id": "lf-887", "kind": "wifi", "name": "多幸湾ファミリーキャンプ場", "address": "東京都神津島村榎木が沢2"}}, {"type": "Feature", "geometry": {"type": "Point", "coordinates": [139.403258, 35.649648]}, "properties": {"id": "lf-888", "kind": "wifi", "name": "多摩動物公園", "address": "東京都日野市程久保7-1-1"}}, {"type": "Feature", "geometry": {"type": "Point", "coordinates": [139.691782, 35.671582]}, "properties": {"id": "lf-889", "kind": "wifi", "name": "代々木公園", "address": "東京都渋谷区代々木神園町2-1"}}, {"type": "Feature", "geometry": {"type": "Point", "coordinates": [139.7523108, 35.5925102]}, "properties": {"id": "lf-890", "kind": "wifi", "name": "大井ふ頭中央海浜公園（スポーツの森）", "address": "東京都品川区八潮4-1-19"}}, {"type": "Feature", "geometry": {"type": "Point", "coordinates": [139.749839, 35.593376]}, "properties": {"id": "lf-891", "kind": "wifi", "name": "大井ふ頭中央海浜公園（なぎさの森）", "address": "東京都品川区八潮4-1-19"}}, {"type": "Feature", "geometry": {"type": "Point", "coordinates": [139.75347, 35.59269]}, "properties": {"id": "lf-892", "kind": "wifi", "name": "大井ホッケー競技場メインピッチ", "address": "東京都大田区東海1-2-1 大井ホッケー競技場"}}, {"type": "Feature", "geometry": {"type": "Point", "coordinates": [139.5976683, 35.7746657]}, "properties": {"id": "lf-893", "kind": "wifi", "name": "大泉中央公園", "address": "東京都練馬区大泉学園町9-4-3"}}, {"type": "Feature", "geometry": {"type": "Point", "coordinates": [139.363375, 34.782528]}, "properties": {"id": "lf-894", "kind": "wifi", "name": "大島空港", "address": "東京都大島町元町字北の山270番地"}}, {"type": "Feature", "geometry": {"type": "Point", "coordinates": [139.707015, 35.728062]}, "properties": {"id": "lf-895", "kind": "wifi", "name": "池袋防災館", "address": "東京都豊島区西池袋2-37-8"}}, {"type": "Feature", "geometry": {"type": "Point", "coordinates": [139.769894, 35.623732]}, "properties": {"id": "lf-896", "kind": "wifi", "name": "潮風公園", "address": "東京都品川区東八潮1-2"}}, {"type": "Feature", "geometry": {"type": "Point", "coordinates": [139.528055, 35.671663]}, "properties": {"id": "lf-897", "kind": "wifi", "name": "調布飛行場", "address": "東京都調布市西町290-3"}}, {"type": "Feature", "geometry": {"type": "Point", "coordinates": [139.481907, 35.699031]}, "properties": {"id": "lf-898", "kind": "wifi", "name": "殿ヶ谷戸庭園", "address": "東京都国分寺市南町2-16"}}, {"type": "Feature", "geometry": {"type": "Point", "coordinates": [139.815033, 35.65124]}, "properties": {"id": "lf-899", "kind": "wifi", "name": "東京アクアティクスセンター", "address": "東京都江東区辰巳2-2-1 東京アクアティクスセンター"}}, {"type": "Feature", "geometry": {"type": "Point", "coordinates": [139.7735602, 35.7109152]}, "properties": {"id": "lf-900", "kind": "wifi", "name": "東京観光情報センター 京成上野", "address": "東京都台東区上野公園1-60 京成上野駅改札口前"}}, {"type": "Feature", "geometry": {"type": "Point", "coordinates": [139.41331, 35.69783]}, "properties": {"id": "lf-901", "kind": "wifi", "name": "東京観光情報センター 多摩", "address": "東京都立川市柴崎町3-1-1 エキュート立川3階"}}, {"type": "Feature", "geometry": {"type": "Point", "coordinates": [139.700468, 35.688204]}, "properties": {"id": "lf-902", "kind": "wifi", "name": "東京観光情報センター（バスタ新宿 3階）", "address": "東京都渋谷区千駄ケ谷5-24-55 バスタ新宿3階"}}, {"type": "Feature", "geometry": {"type": "Point", "coordinates": [139.708075, 35.729842]}, "properties": {"id": "lf-903", "kind": "wifi", "name": "東京芸術劇場", "address": "東京都豊島区西池袋1-8-1"}}, {"type": "Feature", "geometry": {"type": "Point", "coordinates": [139.795705, 35.617318]}, "properties": {"id": "lf-904", "kind": "wifi", "name": "東京港フェリーターミナル", "address": "東京都江東区有明4-8-6"}}, {"type": "Feature", "geometry": {"type": "Point", "coordinates": [139.760307, 35.583874]}, "properties": {"id": "lf-905", "kind": "wifi", "name": "東京港野鳥公園", "address": "東京都大田区東海3-1"}}, {"type": "Feature", "geometry": {"type": "Point", "coordinates": [139.771103, 35.617737]}, "properties": {"id": "lf-906", "kind": "wifi", "name": "東京国際クルーズターミナル", "address": "東京都江東区青海2 東京国際クルーズターミナル"}}, {"type": "Feature", "geometry": {"type": "Point", "coordinates": [139.7198737, 35.68818]}, "properties": {"id": "lf-907", "kind": "wifi", "name": "東京消防庁消防防災資料センター", "address": "東京都新宿区四谷3-10"}}, {"type": "Feature", "geometry": {"type": "Point", "coordinates": [139.818943, 35.647669]}, "properties": {"id": "lf-908", "kind": "wifi", "name": "東京辰巳国際水泳場", "address": "東京都江東区辰巳2-8-10 東京辰巳国際水泳場"}}, {"type": "Feature", "geometry": {"type": "Point", "coordinates": [139.8080019, 35.6797606]}, "properties": {"id": "lf-909", "kind": "wifi", "name": "東京都現代美術館", "address": "東京都江東区三好4-1-1"}}, {"type": "Feature", "geometry": {"type": "Point", "coordinates": [139.4698, 35.697526]}, "properties": {"id": "lf-910", "kind": "wifi", "name": "東京都公文書館", "address": "東京都国分寺市泉町2"}}, {"type": "Feature", "geometry": {"type": "Point", "coordinates": [139.713277, 35.641594]}, "properties": {"id": "lf-911", "kind": "wifi", "name": "東京都写真美術館", "address": "東京都目黒区三田1-13-3 恵比寿ガーデンプレイス内"}}, {"type": "Feature", "geometry": {"type": "Point", "coordinates": [139.699652, 35.66258]}, "properties": {"id": "lf-912", "kind": "wifi", "name": "東京都渋谷公園通りギャラリー", "address": "東京都渋谷区神南1-19-8 渋谷区立勤労福祉会館"}}, {"type": "Feature", "geometry": {"type": "Point", "coordinates": [139.691648, 35.689185]}, "properties": {"id": "lf-913", "kind": "wifi", "name": "東京都庁舎", "address": "東京都新宿区西新宿2-8-1"}}, {"type": "Feature", "geometry": {"type": "Point", "coordinates": [139.719117, 35.63687]}, "properties": {"id": "lf-914", "kind": "wifi", "name": "東京都庭園美術館", "address": "東京都港区白金台5-21-9"}}, {"type": "Feature", "geometry": {"type": "Point", "coordinates": [139.772716, 35.71719]}, "properties": {"id": "lf-915", "kind": "wifi", "name": "東京都美術館", "address": "東京都台東区上野公園8-36"}}, {"type": "Feature", "geometry": {"type": "Point", "coordinates": [139.2314111, 35.7209983]}, "properties": {"id": "lf-916", "kind": "wifi", "name": "東京都立小峰公園", "address": "東京都あきる野市留原284-1"}}, {"type": "Feature", "geometry": {"type": "Point", "coordinates": [139.4700385, 35.6980734]}, "properties": {"id": "lf-917", "kind": "wifi", "name": "東京都立多摩図書館", "address": "東京都国分寺市泉町2-2-226"}}, {"type": "Feature", "geometry": {"type": "Point", "coordinates": [139.726517, 35.65213]}, "properties": {"id": "lf-918", "kind": "wifi", "name": "東京都立中央図書館", "address": "東京都港区南麻布5-7-13"}}, {"type": "Feature", "geometry": {"type": "Point", "coordinates": [139.775299, 35.714415]}, "properties": {"id": "lf-919", "kind": "wifi", "name": "東京文化会館", "address": "東京都台東区上野公園5-45"}}, {"type": "Feature", "geometry": {"type": "Point", "coordinates": [139.456918, 35.748316]}, "properties": {"id": "lf-920", "kind": "wifi", "name": "東村山中央公園", "address": "東京都東村山市富士見町5-4-67"}}, {"type": "Feature", "geometry": {"type": "Point", "coordinates": [139.424502, 35.733506]}, "properties": {"id": "lf-921", "kind": "wifi", "name": "東大和南公園", "address": "東京都東大和市桜が丘2-106-2"}}, {"type": "Feature", "geometry": {"type": "Point", "coordinates": [139.813477, 35.733289]}, "properties": {"id": "lf-922", "kind": "wifi", "name": "東白鬚公園", "address": "東京都墨田区堤通2-2-1"}}, {"type": "Feature", "geometry": {"type": "Point", "coordinates": [139.756492, 35.674935]}, "properties": {"id": "lf-923", "kind": "wifi", "name": "日比谷公園", "address": "東京都千代田区日比谷公園1-6"}}, {"type": "Feature", "geometry": {"type": "Point", "coordinates": [139.123387, 35.811098]}, "properties": {"id": "lf-924", "kind": "wifi", "name": "白丸調整池ダム再生可能エネルギーＰＲ館（エコっと白丸）", "address": "東京都西多摩郡奥多摩町白丸字東山1-7 白丸調整池ダム 監視所"}}, {"type": "Feature", "geometry": {"type": "Point", "coordinates": [139.770317, 33.097462]}, "properties": {"id": "lf-925", "kind": "wifi", "name": "八重根港船客待合所", "address": "東京都八丈島八丈町大賀郷542-9"}}, {"type": "Feature", "geometry": {"type": "Point", "coordinates": [139.7835696, 33.1123302]}, "properties": {"id": "lf-926", "kind": "wifi", "name": "八丈ビジターセンター", "address": "東京都八丈島八丈町大賀郷2843"}}, {"type": "Feature", "geometry": {"type": "Point", "coordinates": [139.7863271, 33.1121775]}, "properties": {"id": "lf-927", "kind": "wifi", "name": "八丈島空港ターミナル", "address": "東京都八丈島八丈町大賀郷2839-2"}}, {"type": "Feature", "geometry": {"type": "Point", "coordinates": [139.763713, 35.662545]}, "properties": {"id": "lf-928", "kind": "wifi", "name": "浜離宮恩賜庭園", "address": "東京都中央区浜離宮庭園1-1"}}, {"type": "Feature", "geometry": {"type": "Point", "coordinates": [139.7671014, 35.6600587]}, "properties": {"id": "lf-929", "kind": "wifi", "name": "浜離宮恩賜庭園（水上バス乗り場）", "address": "東京都中央区浜離宮庭園1-1"}}, {"type": "Feature", "geometry": {"type": "Point", "coordinates": [139.762209, 35.65855]}, "properties": {"id": "lf-930", "kind": "wifi", "name": "浜離宮恩賜庭園（中島の御茶屋）", "address": "東京都中央区浜離宮庭園1-1"}}, {"type": "Feature", "geometry": {"type": "Point", "coordinates": [139.492505, 35.677029]}, "properties": {"id": "lf-931", "kind": "wifi", "name": "府中の森公園", "address": "東京都府中市浅間町1-3-1"}}, {"type": "Feature", "geometry": {"type": "Point", "coordinates": [139.4724816, 35.6967304]}, "properties": {"id": "lf-932", "kind": "wifi", "name": "武蔵国分寺公園", "address": "東京都国分寺市泉町2-1-1"}}, {"type": "Feature", "geometry": {"type": "Point", "coordinates": [139.522382, 35.676172]}, "properties": {"id": "lf-933", "kind": "wifi", "name": "武蔵野の森公園", "address": "東京都府中市朝日町3-5-12"}}, {"type": "Feature", "geometry": {"type": "Point", "coordinates": [139.556464, 35.718185]}, "properties": {"id": "lf-934", "kind": "wifi", "name": "武蔵野中央公園", "address": "東京都武蔵野市八幡町2-4-22"}}, {"type": "Feature", "geometry": {"type": "Point", "coordinates": [139.7810361, 35.6436329]}, "properties": {"id": "lf-935", "kind": "wifi", "name": "豊洲市場", "address": "東京都江東区豊洲6-6-1"}}, {"type": "Feature", "geometry": {"type": "Point", "coordinates": [139.829599, 35.651494]}, "properties": {"id": "lf-936", "kind": "wifi", "name": "夢の島公園", "address": "東京都江東区夢の島2-1-2"}}, {"type": "Feature", "geometry": {"type": "Point", "coordinates": [139.828481, 35.649953]}, "properties": {"id": "lf-937", "kind": "wifi", "name": "夢の島公園アーチェリー場", "address": "東京都江東区夢の島2-1-4 夢の島公園アーチェリー場"}}, {"type": "Feature", "geometry": {"type": "Point", "coordinates": [139.807573, 35.676754]}, "properties": {"id": "lf-938", "kind": "wifi", "name": "木場公園", "address": "東京都江東区平野4-6-1"}}, {"type": "Feature", "geometry": {"type": "Point", "coordinates": [139.5258022, 35.6802089]}, "properties": {"id": "lf-939", "kind": "wifi", "name": "野川公園", "address": "東京都調布市野水1・2丁目／小金井市東町1丁目／三鷹市大沢2・3・6丁目"}}, {"type": "Feature", "geometry": {"type": "Point", "coordinates": [139.214742, 34.334167]}, "properties": {"id": "lf-940", "kind": "wifi", "name": "野伏船客待合所（式根島）", "address": "東京都新島村式根島918"}}, {"type": "Feature", "geometry": {"type": "Point", "coordinates": [139.7872494, 35.6356107]}, "properties": {"id": "lf-941", "kind": "wifi", "name": "有明テニスの森公園インドアコート", "address": "東京都江東区有明2-2-22 有明テニスの森"}}, {"type": "Feature", "geometry": {"type": "Point", "coordinates": [139.790083, 35.636472]}, "properties": {"id": "lf-942", "kind": "wifi", "name": "有明テニスの森公園テニス施設", "address": "東京都江東区有明2-2-22 有明テニスの森"}}, {"type": "Feature", "geometry": {"type": "Point", "coordinates": [139.79247, 35.629655]}, "properties": {"id": "lf-943", "kind": "wifi", "name": "有明客船ターミナル", "address": "東京都江東区有明3-12-13"}}, {"type": "Feature", "geometry": {"type": "Point", "coordinates": [139.280396, 34.532111]}, "properties": {"id": "lf-944", "kind": "wifi", "name": "利島港船客待合所", "address": "東京都利島村字東山2-2439"}}, {"type": "Feature", "geometry": {"type": "Point", "coordinates": [139.7013126, 35.6253567]}, "properties": {"id": "lf-945", "kind": "wifi", "name": "林試の森公園", "address": "東京都品川区小山台2-6-11"}}, {"type": "Feature", "geometry": {"type": "Point", "coordinates": [139.74822, 35.732374]}, "properties": {"id": "lf-946", "kind": "wifi", "name": "六義園", "address": "東京都文京区本駒込6-16-3"}}, {"type": "Feature", "geometry": {"type": "Point", "coordinates": [139.0310454, 35.7380939]}, "properties": {"id": "lf-947", "kind": "wifi", "name": "檜原都民の森とちの実売店", "address": "東京都西多摩郡檜原村7146"}}, {"type": "Feature", "geometry": {"type": "Point", "coordinates": [139.611119, 35.662507]}, "properties": {"id": "lf-948", "kind": "wifi", "name": "蘆花恒春園", "address": "東京都世田谷区粕谷1-20-1"}}, {"type": "Feature", "geometry": {"type": "Point", "coordinates": [139.693733, 35.692668]}, "properties": {"id": "lf-949", "kind": "wifi", "name": "デジタルサイネージ（新宿アイランド前）", "address": "東京都新宿区西新宿6-5"}}]}